-- phpMyAdmin SQL Dump
-- version 3.5.2.2
-- http://www.phpmyadmin.net
--
-- Host: 127.0.0.1
-- Generation Time: Jun 19, 2018 at 03:19 AM
-- Server version: 5.5.27
-- PHP Version: 5.4.7

SET SQL_MODE="NO_AUTO_VALUE_ON_ZERO";
SET time_zone = "+00:00";


/*!40101 SET @OLD_CHARACTER_SET_CLIENT=@@CHARACTER_SET_CLIENT */;
/*!40101 SET @OLD_CHARACTER_SET_RESULTS=@@CHARACTER_SET_RESULTS */;
/*!40101 SET @OLD_COLLATION_CONNECTION=@@COLLATION_CONNECTION */;
/*!40101 SET NAMES utf8 */;

--
-- Database: `training`
--

-- --------------------------------------------------------

--
-- Table structure for table `certificate_request`
--

CREATE TABLE IF NOT EXISTS `certificate_request` (
  `request_id` int(10) unsigned NOT NULL AUTO_INCREMENT,
  `trainee_id` varchar(450) NOT NULL,
  `training_program_id` varchar(405) NOT NULL,
  `type` varchar(400) NOT NULL,
  `request_date` datetime NOT NULL,
  `remarks` varchar(450) DEFAULT NULL,
  `status` varchar(45) NOT NULL DEFAULT 'Unclaimed',
  PRIMARY KEY (`request_id`)
) ENGINE=InnoDB  DEFAULT CHARSET=latin1 AUTO_INCREMENT=17 ;

--
-- Dumping data for table `certificate_request`
--

INSERT INTO `certificate_request` (`request_id`, `trainee_id`, `training_program_id`, `type`, `request_date`, `remarks`, `status`) VALUES
(1, '288', '53', '', '0000-00-00 00:00:00', '2018-05-09', 'Requested'),
(2, '288', '257', '', '0000-00-00 00:00:00', '2018-05-09', 'Requested'),
(3, '2016', '294', '', '0000-00-00 00:00:00', '2018-05-09', 'Requested'),
(4, '65', '39', '', '0000-00-00 00:00:00', 'Claimed: 2018-05-11 03:54:02', 'Claimed'),
(5, '287', '53', '', '0000-00-00 00:00:00', 'Claimed: 2018-05-09 03:08:16', 'Claimed'),
(6, '287', '53', '', '0000-00-00 00:00:00', 'Claimed: 2018-05-09 03:08:16', 'Claimed'),
(7, '65', '39', '', '0000-00-00 00:00:00', 'Claimed: 2018-05-11 03:54:02', 'Claimed'),
(8, '65', '39', '', '0000-00-00 00:00:00', 'Claimed: 2018-05-11 03:54:02', 'Claimed'),
(9, '65', '39', '', '0000-00-00 00:00:00', 'Claimed: 2018-05-11 03:54:02', 'Claimed'),
(10, '65', '39', '', '0000-00-00 00:00:00', 'Claimed: 2018-05-11 03:54:02', 'Claimed'),
(11, '578', '136', '', '0000-00-00 00:00:00', 'Claimed: 2018-05-11 04:00:42', 'Claimed'),
(12, '578', '136', '', '0000-00-00 00:00:00', 'Claimed: 2018-05-11 04:00:42', 'Claimed'),
(13, '65', '88', '', '0000-00-00 00:00:00', 'Claimed: 2018-05-11 04:32:53', 'Claimed'),
(14, '65', '259', '', '0000-00-00 00:00:00', 'Claimed: 2018-05-11 04:32:53', 'Claimed'),
(15, '65', '290', '', '0000-00-00 00:00:00', 'Claimed: 2018-05-11 04:32:53', 'Claimed'),
(16, '65', '241', '', '0000-00-00 00:00:00', 'Claimed: 2018-05-11 04:32:53', 'Claimed');

-- --------------------------------------------------------

--
-- Stand-in structure for view `class_instance`
--
CREATE TABLE IF NOT EXISTS `class_instance` (
`training_event_id` int(10) unsigned
,`traineeId` int(10) unsigned
,`midInitial` varchar(45)
,`firstName` varchar(150)
,`lastName` varchar(145)
,`department` varchar(45)
,`designation` varchar(500)
,`training_title` varchar(150)
,`trainer` text
,`remarks` text
);
-- --------------------------------------------------------

--
-- Table structure for table `class_list`
--

CREATE TABLE IF NOT EXISTS `class_list` (
  `id` int(10) unsigned NOT NULL AUTO_INCREMENT,
  `training_events_id` varchar(450) NOT NULL,
  `trainee_id` varchar(450) NOT NULL,
  `diploma_release` varchar(45) NOT NULL DEFAULT 'Unclaimed',
  `remarks` text,
  PRIMARY KEY (`id`)
) ENGINE=InnoDB  DEFAULT CHARSET=latin1 AUTO_INCREMENT=5677 ;

--
-- Dumping data for table `class_list`
--

INSERT INTO `class_list` (`id`, `training_events_id`, `trainee_id`, `diploma_release`, `remarks`) VALUES
(3, '3', '', 'Unclaimed', NULL),
(4, '4', '', 'Unclaimed', NULL),
(5, '5', '', 'Unclaimed', NULL),
(6, '6', '', 'Unclaimed', NULL),
(12, '12', '', 'Unclaimed', NULL),
(16, '16', '', 'Unclaimed', NULL),
(25, '20', '9', 'Unclaimed', NULL),
(26, '20', '8', 'Unclaimed', NULL),
(27, '20', '7', 'Unclaimed', NULL),
(28, '20', '6', 'Unclaimed', NULL),
(29, '20', '5', 'Unclaimed', NULL),
(30, '20', '4', 'Unclaimed', NULL),
(31, '20', '3', 'Unclaimed', NULL),
(32, '20', '2', 'Unclaimed', NULL),
(33, '20', '1', 'Unclaimed', NULL),
(35, '22', '1', 'Unclaimed', NULL),
(36, '22', '2', 'Unclaimed', NULL),
(37, '22', '3', 'Unclaimed', NULL),
(38, '22', '4', 'Unclaimed', NULL),
(39, '22', '5', 'Unclaimed', NULL),
(40, '22', '6', 'Unclaimed', NULL),
(41, '22', '7', 'Unclaimed', NULL),
(42, '22', '8', 'Unclaimed', NULL),
(43, '22', '9', 'Unclaimed', NULL),
(44, '22', '10', 'Unclaimed', NULL),
(45, '22', '11', 'Unclaimed', NULL),
(75, '33', '', 'Unclaimed', NULL),
(76, '34', '', 'Unclaimed', NULL),
(179, '30', '32', 'Claimed', NULL),
(195, '37', '58', 'Unclaimed', NULL),
(196, '37', '59', 'Unclaimed', NULL),
(197, '37', '60', 'Unclaimed', NULL),
(198, '37', '61', 'Unclaimed', NULL),
(199, '37', '62', 'Unclaimed', NULL),
(200, '37', '63', 'Unclaimed', NULL),
(207, '35', '48', 'Unclaimed', NULL),
(208, '35', '51', 'Unclaimed', NULL),
(209, '35', '53', 'Unclaimed', NULL),
(210, '35', '54', 'Unclaimed', NULL),
(211, '35', '55', 'Unclaimed', NULL),
(212, '35', '56', 'Unclaimed', NULL),
(213, '35', '57', 'Unclaimed', NULL),
(214, '38', '63', 'Unclaimed', NULL),
(215, '38', '58', 'Unclaimed', NULL),
(216, '38', '59', 'Unclaimed', NULL),
(217, '38', '60', 'Unclaimed', NULL),
(218, '38', '61', 'Unclaimed', NULL),
(219, '38', '62', 'Unclaimed', NULL),
(220, '39', '64', 'Unclaimed', NULL),
(221, '39', '65', 'Unclaimed', NULL),
(222, '39', '66', 'Unclaimed', NULL),
(223, '39', '67', 'Unclaimed', NULL),
(224, '39', '68', 'Unclaimed', NULL),
(225, '39', '69', 'Unclaimed', NULL),
(226, '39', '70', 'Unclaimed', NULL),
(227, '39', '71', 'Unclaimed', NULL),
(229, '41', '73', 'Unclaimed', NULL),
(230, '41', '74', 'Unclaimed', NULL),
(231, '41', '75', 'Unclaimed', NULL),
(232, '41', '76', 'Unclaimed', NULL),
(233, '41', '77', 'Unclaimed', NULL),
(234, '41', '78', 'Unclaimed', NULL),
(235, '41', '79', 'Unclaimed', NULL),
(236, '41', '80', 'Unclaimed', NULL),
(237, '42', '81', 'Unclaimed', NULL),
(238, '42', '82', 'Unclaimed', NULL),
(239, '42', '83', 'Unclaimed', NULL),
(240, '42', '84', 'Unclaimed', NULL),
(241, '42', '85', 'Unclaimed', NULL),
(288, '47', '150', 'Unclaimed', NULL),
(289, '47', '153', 'Unclaimed', NULL),
(290, '47', '154', 'Unclaimed', NULL),
(291, '47', '155', 'Unclaimed', NULL),
(292, '47', '156', 'Unclaimed', NULL),
(293, '47', '157', 'Unclaimed', NULL),
(294, '47', '158', 'Unclaimed', NULL),
(295, '47', '159', 'Unclaimed', NULL),
(296, '47', '160', 'Unclaimed', NULL),
(297, '47', '161', 'Unclaimed', NULL),
(298, '47', '162', 'Unclaimed', NULL),
(299, '47', '163', 'Unclaimed', NULL),
(300, '47', '164', 'Unclaimed', NULL),
(301, '47', '165', 'Unclaimed', NULL),
(302, '47', '166', 'Unclaimed', NULL),
(303, '47', '167', 'Unclaimed', NULL),
(304, '47', '168', 'Unclaimed', NULL),
(305, '47', '169', 'Unclaimed', NULL),
(306, '47', '170', 'Unclaimed', NULL),
(307, '47', '171', 'Unclaimed', NULL),
(308, '47', '172', 'Unclaimed', NULL),
(309, '47', '173', 'Unclaimed', NULL),
(310, '47', '174', 'Unclaimed', NULL),
(311, '47', '175', 'Unclaimed', NULL),
(312, '47', '176', 'Unclaimed', NULL),
(313, '47', '177', 'Unclaimed', NULL),
(314, '47', '178', 'Unclaimed', NULL),
(315, '47', '179', 'Unclaimed', NULL),
(316, '47', '181', 'Unclaimed', NULL),
(317, '47', '182', 'Unclaimed', NULL),
(383, '51', '259', 'Unclaimed', NULL),
(384, '51', '260', 'Unclaimed', NULL),
(385, '51', '261', 'Unclaimed', NULL),
(386, '51', '262', 'Unclaimed', NULL),
(387, '51', '263', 'Unclaimed', NULL),
(388, '51', '264', 'Unclaimed', NULL),
(389, '51', '265', 'Unclaimed', NULL),
(390, '51', '266', 'Unclaimed', NULL),
(391, '51', '267', 'Unclaimed', NULL),
(471, '56', '357', 'Unclaimed', NULL),
(472, '56', '358', 'Unclaimed', NULL),
(473, '56', '359', 'Unclaimed', NULL),
(474, '56', '360', 'Unclaimed', NULL),
(475, '56', '361', 'Unclaimed', NULL),
(476, '56', '362', 'Unclaimed', NULL),
(477, '56', '363', 'Unclaimed', NULL),
(478, '56', '364', 'Unclaimed', NULL),
(479, '56', '365', 'Unclaimed', NULL),
(480, '56', '366', 'Unclaimed', NULL),
(481, '56', '367', 'Unclaimed', NULL),
(482, '56', '368', 'Unclaimed', NULL),
(483, '56', '369', 'Unclaimed', NULL),
(484, '56', '370', 'Unclaimed', NULL),
(485, '56', '371', 'Unclaimed', NULL),
(486, '56', '372', 'Unclaimed', NULL),
(487, '56', '373', 'Unclaimed', NULL),
(488, '56', '374', 'Unclaimed', NULL),
(489, '56', '375', 'Unclaimed', NULL),
(494, '58', '380', 'Unclaimed', NULL),
(627, '66', '517', 'Unclaimed', NULL),
(628, '66', '518', 'Unclaimed', NULL),
(629, '66', '519', 'Unclaimed', NULL),
(630, '66', '520', 'Unclaimed', NULL),
(631, '66', '521', 'Unclaimed', NULL),
(632, '66', '522', 'Unclaimed', NULL),
(633, '66', '523', 'Unclaimed', NULL),
(634, '66', '524', 'Unclaimed', NULL),
(635, '66', '525', 'Unclaimed', NULL),
(636, '66', '526', 'Unclaimed', NULL),
(637, '66', '527', 'Unclaimed', NULL),
(638, '66', '528', 'Unclaimed', NULL),
(639, '66', '530', 'Unclaimed', NULL),
(640, '66', '531', 'Unclaimed', NULL),
(641, '66', '532', 'Unclaimed', NULL),
(642, '66', '533', 'Unclaimed', NULL),
(643, '66', '534', 'Unclaimed', NULL),
(644, '66', '535', 'Unclaimed', NULL),
(645, '66', '536', 'Unclaimed', NULL),
(646, '66', '537', 'Unclaimed', NULL),
(647, '66', '538', 'Unclaimed', NULL),
(648, '66', '539', 'Unclaimed', NULL),
(649, '66', '540', 'Unclaimed', NULL),
(650, '66', '541', 'Unclaimed', NULL),
(651, '66', '542', 'Unclaimed', NULL),
(652, '66', '543', 'Unclaimed', NULL),
(653, '66', '544', 'Unclaimed', NULL),
(654, '66', '545', 'Unclaimed', NULL),
(655, '66', '546', 'Unclaimed', NULL),
(694, '69', '572', 'Unclaimed', NULL),
(695, '70', '573', 'Unclaimed', NULL),
(696, '71', '574', 'Unclaimed', NULL),
(697, '71', '575', 'Unclaimed', NULL),
(698, '72', '576', 'Unclaimed', NULL),
(699, '73', '577', 'Unclaimed', NULL),
(700, '73', '578', 'Unclaimed', NULL),
(701, '73', '579', 'Unclaimed', NULL),
(702, '73', '580', 'Unclaimed', NULL),
(703, '73', '581', 'Unclaimed', NULL),
(704, '73', '582', 'Unclaimed', NULL),
(705, '73', '583', 'Unclaimed', NULL),
(706, '73', '584', 'Unclaimed', NULL),
(707, '73', '585', 'Unclaimed', NULL),
(708, '74', '586', 'Unclaimed', NULL),
(709, '74', '587', 'Unclaimed', NULL),
(710, '74', '588', 'Unclaimed', NULL),
(711, '74', '590', 'Unclaimed', NULL),
(712, '74', '591', 'Unclaimed', NULL),
(713, '74', '592', 'Unclaimed', NULL),
(714, '75', '593', 'Unclaimed', NULL),
(715, '75', '594', 'Unclaimed', NULL),
(716, '75', '595', 'Unclaimed', NULL),
(717, '75', '596', 'Unclaimed', NULL),
(718, '75', '597', 'Unclaimed', NULL),
(719, '75', '598', 'Unclaimed', NULL),
(720, '75', '599', 'Unclaimed', NULL),
(721, '75', '600', 'Unclaimed', NULL),
(722, '75', '601', 'Unclaimed', NULL),
(723, '75', '602', 'Unclaimed', NULL),
(724, '76', '603', 'Unclaimed', NULL),
(725, '76', '604', 'Unclaimed', NULL),
(726, '76', '606', 'Unclaimed', NULL),
(727, '76', '607', 'Unclaimed', NULL),
(728, '76', '608', 'Unclaimed', NULL),
(729, '76', '609', 'Unclaimed', NULL),
(730, '76', '610', 'Unclaimed', NULL),
(731, '76', '611', 'Unclaimed', NULL),
(732, '76', '616', 'Unclaimed', NULL),
(733, '76', '617', 'Unclaimed', NULL),
(734, '77', '618', 'Unclaimed', NULL),
(735, '77', '620', 'Unclaimed', NULL),
(736, '77', '621', 'Unclaimed', NULL),
(737, '77', '622', 'Unclaimed', NULL),
(738, '77', '623', 'Unclaimed', NULL),
(739, '77', '624', 'Unclaimed', NULL),
(740, '77', '625', 'Unclaimed', NULL),
(741, '77', '626', 'Unclaimed', NULL),
(742, '77', '627', 'Unclaimed', NULL),
(743, '77', '628', 'Unclaimed', NULL),
(744, '78', '629', 'Unclaimed', NULL),
(745, '78', '630', 'Unclaimed', NULL),
(746, '78', '631', 'Unclaimed', NULL),
(830, '90', '689', 'Unclaimed', NULL),
(831, '90', '690', 'Unclaimed', NULL),
(832, '90', '692', 'Unclaimed', NULL),
(833, '91', '693', 'Unclaimed', NULL),
(834, '91', '694', 'Unclaimed', NULL),
(835, '91', '695', 'Unclaimed', NULL),
(836, '92', '698', 'Unclaimed', NULL),
(837, '92', '699', 'Unclaimed', NULL),
(838, '92', '696', 'Unclaimed', NULL),
(839, '93', '700', 'Unclaimed', NULL),
(840, '93', '701', 'Unclaimed', NULL),
(841, '93', '702', 'Unclaimed', NULL),
(842, '94', '648', 'Unclaimed', NULL),
(843, '95', '703', 'Unclaimed', NULL),
(845, '97', '704', 'Unclaimed', NULL),
(846, '97', '671', 'Unclaimed', NULL),
(847, '98', '656', 'Unclaimed', NULL),
(848, '98', '672', 'Unclaimed', NULL),
(849, '99', '686', 'Unclaimed', NULL),
(868, '105', '656', 'Unclaimed', NULL),
(869, '105', '658', 'Unclaimed', NULL),
(870, '105', '649', 'Unclaimed', NULL),
(871, '105', '712', 'Unclaimed', NULL),
(872, '106', '80', 'Unclaimed', NULL),
(873, '106', '632', 'Unclaimed', NULL),
(874, '106', '671', 'Unclaimed', NULL),
(893, '109', '60', 'Unclaimed', NULL),
(894, '109', '723', 'Unclaimed', NULL),
(895, '109', '725', 'Unclaimed', NULL),
(896, '109', '727', 'Unclaimed', NULL),
(897, '109', '712', 'Unclaimed', NULL),
(898, '109', '680', 'Unclaimed', NULL),
(899, '109', '79', 'Unclaimed', NULL),
(900, '110', '728', 'Unclaimed', NULL),
(901, '110', '64', 'Unclaimed', NULL),
(902, '110', '729', 'Unclaimed', NULL),
(903, '110', '730', 'Unclaimed', NULL),
(904, '110', '66', 'Unclaimed', NULL),
(905, '110', '70', 'Unclaimed', NULL),
(906, '110', '679', 'Unclaimed', NULL),
(907, '110', '640', 'Unclaimed', NULL),
(908, '110', '731', 'Unclaimed', NULL),
(909, '110', '80', 'Unclaimed', NULL),
(910, '110', '713', 'Unclaimed', NULL),
(911, '110', '648', 'Unclaimed', NULL),
(912, '110', '686', 'Unclaimed', NULL),
(913, '111', '732', 'Unclaimed', NULL),
(914, '111', '733', 'Unclaimed', NULL),
(915, '111', '644', 'Unclaimed', NULL),
(916, '111', '638', 'Unclaimed', NULL),
(917, '111', '646', 'Unclaimed', NULL),
(933, '115', '709', 'Unclaimed', NULL),
(934, '115', '662', 'Unclaimed', NULL),
(935, '115', '742', 'Unclaimed', NULL),
(936, '115', '743', 'Unclaimed', NULL),
(937, '115', '744', 'Unclaimed', NULL),
(938, '115', '745', 'Unclaimed', NULL),
(939, '115', '587', 'Unclaimed', NULL),
(940, '115', '746', 'Unclaimed', NULL),
(941, '115', '53', 'Unclaimed', NULL),
(942, '115', '85', 'Unclaimed', NULL),
(943, '115', '747', 'Unclaimed', NULL),
(944, '115', '80', 'Unclaimed', NULL),
(945, '115', '694', 'Unclaimed', NULL),
(946, '115', '748', 'Unclaimed', NULL),
(947, '115', '749', 'Unclaimed', NULL),
(948, '115', '750', 'Unclaimed', NULL),
(949, '115', '751', 'Unclaimed', NULL),
(950, '115', '752', 'Unclaimed', NULL),
(951, '115', '256', 'Unclaimed', NULL),
(952, '115', '753', 'Unclaimed', NULL),
(953, '115', '649', 'Unclaimed', NULL),
(954, '115', '284', 'Unclaimed', NULL),
(955, '116', '755', 'Unclaimed', NULL),
(956, '116', '656', 'Unclaimed', NULL),
(957, '116', '756', 'Unclaimed', NULL),
(958, '116', '757', 'Unclaimed', NULL),
(959, '116', '758', 'Unclaimed', NULL),
(960, '116', '759', 'Unclaimed', NULL),
(961, '116', '760', 'Unclaimed', NULL),
(962, '116', '688', 'Unclaimed', NULL),
(963, '116', '761', 'Unclaimed', NULL),
(964, '116', '762', 'Unclaimed', NULL),
(965, '116', '197', 'Unclaimed', NULL),
(966, '116', '711', 'Unclaimed', NULL),
(967, '116', '763', 'Unclaimed', NULL),
(968, '116', '764', 'Unclaimed', NULL),
(969, '116', '765', 'Unclaimed', NULL),
(970, '116', '321', 'Unclaimed', NULL),
(971, '116', '766', 'Unclaimed', NULL),
(972, '116', '255', 'Unclaimed', NULL),
(973, '116', '767', 'Unclaimed', NULL),
(974, '116', '768', 'Unclaimed', NULL),
(975, '116', '712', 'Unclaimed', NULL),
(994, '89', '39', 'Unclaimed', NULL),
(995, '89', '78', 'Unclaimed', NULL),
(996, '89', '659', 'Unclaimed', NULL),
(997, '89', '684', 'Unclaimed', NULL),
(998, '89', '685', 'Unclaimed', NULL),
(999, '89', '686', 'Unclaimed', NULL),
(1000, '89', '687', 'Unclaimed', NULL),
(1001, '89', '688', 'Unclaimed', NULL),
(1002, '89', '756', 'Unclaimed', NULL),
(1003, '118', '15', 'Unclaimed', NULL),
(1004, '119', '771', 'Unclaimed', NULL),
(1171, '62', '451', 'Unclaimed', NULL),
(1172, '62', '452', 'Unclaimed', NULL),
(1173, '62', '453', 'Unclaimed', NULL),
(1174, '62', '454', 'Unclaimed', NULL),
(1175, '62', '455', 'Unclaimed', NULL),
(1176, '62', '456', 'Unclaimed', NULL),
(1177, '62', '457', 'Unclaimed', NULL),
(1178, '62', '458', 'Unclaimed', NULL),
(1179, '62', '459', 'Unclaimed', NULL),
(1180, '62', '460', 'Unclaimed', NULL),
(1181, '62', '461', 'Unclaimed', NULL),
(1182, '62', '462', 'Unclaimed', NULL),
(1183, '62', '463', 'Unclaimed', NULL),
(1184, '62', '464', 'Unclaimed', NULL),
(1185, '62', '466', 'Unclaimed', NULL),
(1186, '62', '465', 'Unclaimed', NULL),
(1272, '50', '222', 'Unclaimed', NULL),
(1273, '50', '223', 'Unclaimed', NULL),
(1274, '50', '224', 'Unclaimed', NULL),
(1275, '50', '225', 'Unclaimed', NULL),
(1276, '50', '226', 'Unclaimed', NULL),
(1277, '50', '227', 'Unclaimed', NULL),
(1278, '50', '228', 'Unclaimed', NULL),
(1279, '50', '229', 'Unclaimed', NULL),
(1280, '50', '230', 'Unclaimed', NULL),
(1281, '50', '231', 'Unclaimed', NULL),
(1282, '50', '232', 'Unclaimed', NULL),
(1283, '50', '233', 'Unclaimed', NULL),
(1284, '50', '234', 'Unclaimed', NULL),
(1285, '50', '235', 'Unclaimed', NULL),
(1286, '50', '236', 'Unclaimed', NULL),
(1287, '50', '237', 'Unclaimed', NULL),
(1288, '50', '238', 'Unclaimed', NULL),
(1289, '50', '239', 'Unclaimed', NULL),
(1290, '50', '251', 'Unclaimed', NULL),
(1291, '50', '243', 'Unclaimed', NULL),
(1292, '50', '244', 'Unclaimed', NULL),
(1293, '50', '240', 'Unclaimed', NULL),
(1294, '50', '241', 'Unclaimed', NULL),
(1295, '50', '245', 'Unclaimed', NULL),
(1296, '50', '246', 'Unclaimed', NULL),
(1297, '50', '247', 'Unclaimed', NULL),
(1298, '50', '248', 'Unclaimed', NULL),
(1299, '50', '249', 'Unclaimed', NULL),
(1300, '50', '250', 'Unclaimed', NULL),
(1301, '50', '252', 'Unclaimed', NULL),
(1302, '50', '253', 'Unclaimed', NULL),
(1303, '50', '254', 'Unclaimed', NULL),
(1304, '50', '255', 'Unclaimed', NULL),
(1305, '50', '256', 'Unclaimed', NULL),
(1306, '50', '257', 'Unclaimed', NULL),
(1307, '50', '258', 'Unclaimed', NULL),
(1366, '52', '268', 'Claimed', NULL),
(1367, '52', '269', 'Claimed', NULL),
(1368, '52', '270', 'Claimed', NULL),
(1369, '52', '271', 'Claimed', NULL),
(1370, '52', '272', 'Claimed', NULL),
(1371, '52', '273', 'Claimed', NULL),
(1372, '52', '274', 'Claimed', NULL),
(1373, '52', '275', 'Claimed', NULL),
(1374, '52', '276', 'Claimed', NULL),
(1375, '52', '277', 'Claimed', NULL),
(1376, '52', '278', 'Claimed', NULL),
(1377, '52', '279', 'Claimed', NULL),
(1378, '52', '280', 'Claimed', NULL),
(1379, '52', '282', 'Claimed', NULL),
(1380, '52', '283', 'Claimed', NULL),
(1381, '52', '284', 'Claimed', NULL),
(1382, '52', '285', 'Claimed', NULL),
(1560, '64', '472', 'Unclaimed', NULL),
(1561, '64', '473', 'Unclaimed', NULL),
(1562, '64', '474', 'Unclaimed', NULL),
(1563, '64', '475', 'Unclaimed', NULL),
(1564, '64', '476', 'Unclaimed', NULL),
(1565, '64', '477', 'Unclaimed', NULL),
(1566, '64', '478', 'Unclaimed', NULL),
(1567, '64', '479', 'Unclaimed', NULL),
(1568, '64', '480', 'Unclaimed', NULL),
(1569, '64', '481', 'Unclaimed', NULL),
(1570, '64', '482', 'Unclaimed', NULL),
(1571, '64', '483', 'Unclaimed', NULL),
(1572, '64', '484', 'Unclaimed', NULL),
(1573, '64', '485', 'Unclaimed', NULL),
(1574, '64', '486', 'Unclaimed', NULL),
(1575, '64', '487', 'Unclaimed', NULL),
(1576, '64', '488', 'Unclaimed', NULL),
(1577, '64', '489', 'Unclaimed', NULL),
(1578, '64', '490', 'Unclaimed', NULL),
(1591, '67', '547', 'Claimed', NULL),
(1592, '67', '548', 'Claimed', NULL),
(1593, '67', '549', 'Claimed', NULL),
(1594, '67', '550', 'Claimed', NULL),
(1595, '67', '551', 'Claimed', NULL),
(1596, '67', '552', 'Claimed', NULL),
(1597, '67', '553', 'Claimed', NULL),
(1598, '67', '554', 'Claimed', NULL),
(1599, '67', '555', 'Claimed', NULL),
(1600, '67', '556', 'Claimed', NULL),
(1601, '67', '557', 'Claimed', NULL),
(1602, '67', '559', 'Claimed', NULL),
(1603, '67', '560', 'Claimed', NULL),
(1604, '67', '561', 'Claimed', NULL),
(1605, '67', '562', 'Claimed', NULL),
(1606, '67', '566', 'Claimed', NULL),
(1607, '67', '567', 'Claimed', NULL),
(1608, '67', '568', 'Claimed', NULL),
(1609, '67', '569', 'Claimed', NULL),
(1847, '131', '791', 'Claimed', NULL),
(1848, '131', '88', 'Claimed', NULL),
(1849, '131', '89', 'Claimed', NULL),
(1850, '131', '90', 'Claimed', NULL),
(1851, '131', '91', 'Claimed', NULL),
(1852, '131', '792', 'Claimed', NULL),
(1853, '131', '93', 'Claimed', NULL),
(1854, '131', '94', 'Claimed', NULL),
(1855, '131', '95', 'Claimed', NULL),
(1856, '131', '96', 'Claimed', NULL),
(1857, '131', '97', 'Claimed', NULL),
(1858, '131', '98', 'Claimed', NULL),
(1859, '131', '99', 'Claimed', NULL),
(1860, '131', '100', 'Claimed', NULL),
(1861, '131', '101', 'Claimed', NULL),
(1864, '134', '574', 'Unclaimed', NULL),
(1865, '134', '575', 'Unclaimed', NULL),
(1866, '135', '794', 'Claimed', NULL),
(1867, '136', '577', 'Claimed', NULL),
(1868, '136', '578', 'Claimed', NULL),
(1869, '136', '579', 'Claimed', NULL),
(1870, '136', '117', 'Claimed', NULL),
(1871, '136', '795', 'Claimed', NULL),
(1872, '136', '255', 'Claimed', NULL),
(1873, '136', '176', 'Claimed', NULL),
(1874, '136', '285', 'Claimed', NULL),
(1875, '136', '208', 'Claimed', NULL),
(1876, '137', '586', 'Claimed', NULL),
(1877, '137', '587', 'Claimed', NULL),
(1878, '137', '588', 'Claimed', NULL),
(1879, '137', '590', 'Claimed', NULL),
(1880, '137', '171', 'Claimed', NULL),
(1881, '137', '796', 'Claimed', NULL),
(1882, '138', '593', 'Claimed', NULL),
(1883, '138', '594', 'Claimed', NULL),
(1884, '138', '595', 'Claimed', NULL),
(1885, '138', '347', 'Claimed', NULL),
(1886, '138', '597', 'Claimed', NULL),
(1887, '138', '282', 'Claimed', NULL),
(1888, '138', '599', 'Claimed', NULL),
(1889, '138', '270', 'Claimed', NULL),
(1890, '138', '601', 'Claimed', NULL),
(1891, '138', '602', 'Claimed', NULL),
(1892, '139', '603', 'Claimed', NULL),
(1893, '139', '334', 'Claimed', NULL),
(1894, '139', '797', 'Claimed', NULL),
(1895, '139', '606', 'Claimed', NULL),
(1896, '139', '346', 'Claimed', NULL),
(1897, '139', '608', 'Claimed', NULL),
(1898, '139', '617', 'Claimed', NULL),
(1899, '139', '609', 'Claimed', NULL),
(1900, '139', '610', 'Claimed', NULL),
(1901, '139', '611', 'Claimed', NULL),
(1912, '141', '629', 'Claimed', NULL),
(1913, '141', '630', 'Claimed', NULL),
(1914, '141', '631', 'Claimed', NULL),
(1915, '142', '799', 'Claimed', NULL),
(1916, '142', '800', 'Claimed', NULL),
(1917, '142', '801', 'Claimed', NULL),
(1918, '142', '802', 'Claimed', NULL),
(1920, '144', '803', 'Claimed', NULL),
(1921, '145', '804', 'Claimed', NULL),
(1922, '146', '805', 'Claimed', NULL),
(1925, '148', '808', 'Unclaimed', NULL),
(1926, '149', '809', 'Unclaimed', NULL),
(1929, '151', '812', 'Claimed', NULL),
(1930, '151', '813', 'Claimed', NULL),
(1931, '152', '814', 'Claimed', NULL),
(1932, '152', '815', 'Claimed', NULL),
(1933, '153', '816', 'Unclaimed', NULL),
(1934, '153', '817', 'Unclaimed', NULL),
(1935, '153', '818', 'Unclaimed', NULL),
(1936, '154', '819', 'Unclaimed', NULL),
(1937, '154', '820', 'Unclaimed', NULL),
(1938, '155', '50', 'Claimed', NULL),
(1961, '84', '642', 'Unclaimed', NULL),
(1962, '84', '643', 'Unclaimed', NULL),
(1963, '84', '644', 'Unclaimed', NULL),
(1964, '84', '645', 'Unclaimed', NULL),
(1965, '84', '646', 'Unclaimed', NULL),
(1966, '84', '647', 'Unclaimed', NULL),
(1967, '84', '648', 'Unclaimed', NULL),
(1968, '84', '649', 'Unclaimed', NULL),
(1976, '87', '665', 'Unclaimed', NULL),
(1977, '87', '666', 'Unclaimed', NULL),
(1978, '87', '667', 'Unclaimed', NULL),
(1979, '87', '668', 'Unclaimed', NULL),
(1980, '87', '669', 'Unclaimed', NULL),
(1981, '87', '670', 'Unclaimed', NULL),
(1982, '87', '671', 'Unclaimed', NULL),
(1983, '87', '672', 'Unclaimed', NULL),
(1991, '85', '650', 'Unclaimed', NULL),
(1992, '85', '651', 'Unclaimed', NULL),
(1993, '85', '652', 'Unclaimed', NULL),
(1994, '85', '653', 'Unclaimed', NULL),
(1995, '85', '654', 'Unclaimed', NULL),
(1996, '85', '655', 'Unclaimed', NULL),
(1997, '85', '656', 'Unclaimed', NULL),
(1998, '85', '657', 'Unclaimed', NULL),
(1999, '85', '658', 'Unclaimed', NULL),
(2006, '86', '659', 'Unclaimed', NULL),
(2007, '86', '660', 'Unclaimed', NULL),
(2008, '86', '661', 'Unclaimed', NULL),
(2009, '86', '662', 'Unclaimed', NULL),
(2010, '86', '663', 'Unclaimed', NULL),
(2011, '86', '664', 'Unclaimed', NULL),
(2013, '88', '673', 'Unclaimed', NULL),
(2014, '88', '674', 'Unclaimed', NULL),
(2015, '88', '676', 'Unclaimed', NULL),
(2016, '88', '677', 'Unclaimed', NULL),
(2017, '88', '678', 'Unclaimed', NULL),
(2018, '88', '679', 'Unclaimed', NULL),
(2019, '88', '680', 'Unclaimed', NULL),
(2020, '88', '681', 'Unclaimed', NULL),
(2021, '88', '682', 'Unclaimed', NULL),
(2022, '88', '683', 'Unclaimed', NULL),
(2030, '107', '57', 'Unclaimed', 'This is a sample remark'),
(2031, '107', '672', 'Unclaimed', NULL),
(2032, '107', '713', 'Unclaimed', NULL),
(2033, '107', '637', 'Unclaimed', NULL),
(2034, '156', '75', 'Unclaimed', ''),
(2035, '156', '739', 'Unclaimed', ''),
(2036, '156', '821', 'Unclaimed', ''),
(2037, '156', '712', 'Unclaimed', ''),
(2038, '156', '822', 'Unclaimed', ''),
(2039, '157', '823', 'Unclaimed', ''),
(2040, '157', '824', 'Unclaimed', ''),
(2041, '157', '737', 'Unclaimed', ''),
(2042, '157', '723', 'Unclaimed', ''),
(2043, '157', '825', 'Unclaimed', ''),
(2044, '157', '826', 'Unclaimed', ''),
(2045, '157', '704', 'Unclaimed', ''),
(2046, '157', '711', 'Unclaimed', ''),
(2047, '158', '172', 'Unclaimed', ''),
(2048, '158', '827', 'Unclaimed', ''),
(2049, '158', '828', 'Unclaimed', ''),
(2050, '158', '72', 'Unclaimed', ''),
(2051, '158', '829', 'Unclaimed', ''),
(2052, '158', '830', 'Unclaimed', ''),
(2053, '158', '669', 'Unclaimed', ''),
(2054, '158', '831', 'Unclaimed', ''),
(2055, '158', '832', 'Unclaimed', ''),
(2056, '159', '833', 'Unclaimed', ''),
(2057, '159', '735', 'Unclaimed', ''),
(2058, '159', '741', 'Unclaimed', ''),
(2059, '159', '715', 'Unclaimed', ''),
(2060, '159', '708', 'Unclaimed', ''),
(2061, '159', '658', 'Unclaimed', ''),
(2062, '159', '834', 'Unclaimed', ''),
(2063, '160', '48', 'Unclaimed', ''),
(2064, '160', '835', 'Unclaimed', ''),
(2065, '160', '73', 'Unclaimed', ''),
(2066, '160', '731', 'Unclaimed', ''),
(2067, '160', '85', 'Unclaimed', ''),
(2068, '160', '836', 'Unclaimed', ''),
(2069, '161', '82', 'Unclaimed', ''),
(2070, '161', '77', 'Unclaimed', ''),
(2071, '161', '837', 'Unclaimed', ''),
(2072, '161', '838', 'Unclaimed', ''),
(2073, '161', '839', 'Unclaimed', ''),
(2074, '161', '698', 'Unclaimed', ''),
(2075, '162', '840', 'Unclaimed', ''),
(2076, '162', '651', 'Unclaimed', ''),
(2077, '162', '841', 'Unclaimed', ''),
(2078, '162', '842', 'Unclaimed', ''),
(2079, '162', '81', 'Unclaimed', ''),
(2080, '162', '843', 'Unclaimed', ''),
(2081, '162', '844', 'Unclaimed', ''),
(2082, '162', '845', 'Unclaimed', ''),
(2083, '163', '846', 'Unclaimed', ''),
(2084, '163', '847', 'Unclaimed', ''),
(2085, '163', '848', 'Unclaimed', ''),
(2086, '163', '849', 'Unclaimed', ''),
(2087, '163', '850', 'Unclaimed', ''),
(2088, '163', '851', 'Unclaimed', ''),
(2089, '163', '852', 'Unclaimed', ''),
(2090, '163', '853', 'Unclaimed', ''),
(2091, '163', '854', 'Unclaimed', ''),
(2092, '164', '668', 'Unclaimed', ''),
(2093, '164', '855', 'Unclaimed', ''),
(2094, '164', '650', 'Unclaimed', ''),
(2095, '164', '652', 'Unclaimed', ''),
(2096, '164', '856', 'Unclaimed', ''),
(2097, '164', '857', 'Unclaimed', ''),
(2098, '164', '858', 'Unclaimed', ''),
(2099, '164', '713', 'Unclaimed', ''),
(2100, '165', '859', 'Unclaimed', ''),
(2101, '165', '860', 'Unclaimed', ''),
(2102, '165', '861', 'Unclaimed', ''),
(2103, '165', '862', 'Unclaimed', ''),
(2104, '165', '693', 'Unclaimed', ''),
(2105, '165', '863', 'Unclaimed', ''),
(2106, '166', '864', 'Unclaimed', ''),
(2107, '166', '865', 'Unclaimed', ''),
(2108, '166', '665', 'Unclaimed', ''),
(2109, '166', '69', 'Unclaimed', ''),
(2110, '166', '866', 'Unclaimed', ''),
(2111, '166', '666', 'Unclaimed', ''),
(2112, '166', '664', 'Unclaimed', ''),
(2214, '43', '5', 'Unclaimed', NULL),
(2215, '43', '86', 'Unclaimed', 'Issued Certification'),
(2216, '43', '103', 'Unclaimed', NULL),
(2217, '43', '780', 'Unclaimed', NULL),
(2218, '43', '105', 'Unclaimed', NULL),
(2219, '43', '781', 'Unclaimed', NULL),
(2220, '43', '107', 'Unclaimed', 'Issued Certification'),
(2221, '43', '108', 'Unclaimed', 'Issued Certification'),
(2222, '43', '110', 'Unclaimed', NULL),
(2223, '43', '111', 'Unclaimed', NULL),
(2224, '43', '782', 'Unclaimed', 'Issued Certification'),
(2225, '43', '112', 'Unclaimed', 'Issued Certification'),
(2226, '43', '113', 'Unclaimed', NULL),
(2227, '43', '114', 'Unclaimed', NULL),
(2228, '43', '115', 'Unclaimed', NULL),
(2229, '43', '116', 'Unclaimed', NULL),
(2230, '43', '117', 'Unclaimed', 'Issued Certification'),
(2231, '43', '118', 'Unclaimed', 'Issued Certification'),
(2232, '43', '119', 'Unclaimed', 'Issued Certification'),
(2233, '43', '120', 'Unclaimed', NULL),
(2234, '43', '121', 'Unclaimed', NULL),
(2235, '43', '122', 'Unclaimed', NULL),
(2236, '43', '123', 'Unclaimed', 'Issued Certification'),
(2237, '43', '124', 'Unclaimed', NULL),
(2238, '43', '125', 'Unclaimed', NULL),
(2239, '43', '126', 'Unclaimed', NULL),
(2240, '43', '109', 'Unclaimed', 'Issued Certification'),
(2241, '167', '867', 'Unclaimed', ''),
(2242, '167', '868', 'Unclaimed', ''),
(2243, '167', '869', 'Unclaimed', ''),
(2244, '167', '870', 'Unclaimed', ''),
(2245, '167', '871', 'Unclaimed', ''),
(2246, '167', '872', 'Unclaimed', ''),
(2247, '167', '873', 'Unclaimed', ''),
(2248, '167', '874', 'Unclaimed', ''),
(2256, '123', '128', 'Unclaimed', NULL),
(2257, '123', '129', 'Unclaimed', NULL),
(2258, '123', '130', 'Unclaimed', NULL),
(2259, '123', '131', 'Unclaimed', NULL),
(2260, '123', '132', 'Unclaimed', NULL),
(2261, '123', '133', 'Unclaimed', NULL),
(2262, '123', '134', 'Unclaimed', NULL),
(2263, '123', '135', 'Unclaimed', NULL),
(2264, '123', '136', 'Unclaimed', NULL),
(2265, '123', '137', 'Unclaimed', NULL),
(2266, '123', '138', 'Unclaimed', NULL),
(2267, '123', '139', 'Unclaimed', NULL),
(2268, '123', '783', 'Unclaimed', NULL),
(2269, '123', '141', 'Unclaimed', NULL),
(2270, '123', '142', 'Unclaimed', NULL),
(2271, '123', '143', 'Unclaimed', NULL),
(2272, '123', '144', 'Unclaimed', NULL),
(2273, '123', '145', 'Unclaimed', NULL),
(2274, '123', '146', 'Unclaimed', NULL),
(2275, '123', '147', 'Unclaimed', NULL),
(2276, '123', '148', 'Unclaimed', NULL),
(2277, '123', '172', 'Unclaimed', NULL),
(2278, '123', '173', 'Unclaimed', NULL),
(2279, '123', '174', 'Unclaimed', NULL),
(2280, '123', '175', 'Unclaimed', NULL),
(2281, '123', '176', 'Unclaimed', NULL),
(2282, '123', '625', 'Unclaimed', 'June 17, 2009'),
(2283, '123', '178', 'Unclaimed', NULL),
(2284, '123', '179', 'Unclaimed', NULL),
(2285, '123', '180', 'Unclaimed', NULL),
(2286, '123', '784', 'Unclaimed', 'June 29, 2008'),
(2318, '48', '189', 'Unclaimed', 'Issued Certification'),
(2319, '48', '190', 'Unclaimed', NULL),
(2320, '48', '193', 'Unclaimed', NULL),
(2321, '48', '194', 'Unclaimed', NULL),
(2322, '48', '195', 'Unclaimed', 'Issued Certification'),
(2323, '48', '196', 'Unclaimed', NULL),
(2324, '48', '197', 'Unclaimed', 'Issued Certification'),
(2325, '48', '198', 'Unclaimed', 'Issued Certification'),
(2326, '48', '199', 'Unclaimed', 'Issued Certification'),
(2327, '48', '200', 'Unclaimed', 'Issued Certification'),
(2328, '48', '201', 'Unclaimed', NULL),
(2329, '48', '202', 'Unclaimed', 'Issued Certification'),
(2330, '48', '205', 'Unclaimed', 'Issued Certification'),
(2331, '48', '206', 'Unclaimed', 'Issued Certification'),
(2332, '48', '207', 'Unclaimed', 'Issued Certification'),
(2333, '48', '775', 'Unclaimed', NULL),
(2334, '49', '208', 'Unclaimed', 'Issued Certification'),
(2335, '49', '209', 'Unclaimed', 'Issued Certification'),
(2336, '49', '210', 'Unclaimed', 'Issued Certification'),
(2337, '49', '211', 'Unclaimed', 'July 20, 2009 (2nd Request)'),
(2338, '49', '212', 'Unclaimed', NULL),
(2339, '49', '213', 'Unclaimed', 'Issued Certification'),
(2340, '49', '214', 'Unclaimed', 'Issued Certification'),
(2341, '49', '215', 'Unclaimed', NULL),
(2342, '49', '216', 'Unclaimed', 'Issued Certification'),
(2343, '49', '217', 'Unclaimed', NULL),
(2344, '49', '218', 'Unclaimed', 'Issued Certification'),
(2345, '49', '219', 'Unclaimed', 'Issued Certification'),
(2346, '49', '220', 'Unclaimed', 'Issued Certification'),
(2347, '49', '221', 'Unclaimed', 'Discontinue due to ML July 01, 2011 (Issued Certification)'),
(2348, '49', '778', 'Unclaimed', 'Issued Certification'),
(2349, '49', '223', 'Unclaimed', 'Issued Cetification'),
(2350, '49', '224', 'Unclaimed', 'Issued Certification'),
(2351, '49', '225', 'Unclaimed', 'Issued Certification'),
(2352, '49', '226', 'Unclaimed', 'Issued Certification'),
(2353, '49', '227', 'Unclaimed', 'Issued Certification'),
(2354, '49', '228', 'Unclaimed', 'Issued Certification'),
(2355, '49', '229', 'Unclaimed', 'Issued Certification'),
(2356, '49', '230', 'Unclaimed', 'Issued Certification'),
(2357, '49', '608', 'Unclaimed', 'Issued Certification'),
(2358, '49', '630', 'Unclaimed', 'Issued Certification'),
(2359, '49', '233', 'Unclaimed', 'Issued Certification'),
(2360, '49', '234', 'Unclaimed', 'Issued Certification'),
(2361, '49', '235', 'Unclaimed', 'Issued Certification'),
(2362, '49', '236', 'Unclaimed', 'Issued Certification'),
(2363, '49', '237', 'Unclaimed', 'Issued Certification'),
(2364, '49', '238', 'Unclaimed', 'Issued Certification'),
(2365, '49', '603', 'Unclaimed', 'Issued Certification'),
(2366, '49', '599', 'Unclaimed', 'Issued Certification (1st July 29, 2008; 2nd July 6, 2009; 3rd October 12, 2009)'),
(2367, '49', '243', 'Unclaimed', 'Issued Certification'),
(2368, '49', '244', 'Unclaimed', 'Issued Certification'),
(2369, '49', '779', 'Unclaimed', 'Issued Certification'),
(2370, '49', '627', 'Unclaimed', 'Issued Certification'),
(2371, '49', '245', 'Unclaimed', 'Issued Certification'),
(2372, '49', '246', 'Unclaimed', 'Issued Certification\r\n'),
(2373, '49', '247', 'Unclaimed', 'Issued Certification\r\n'),
(2374, '49', '248', 'Unclaimed', 'Issued Certification'),
(2375, '49', '249', 'Unclaimed', 'Issued Certification'),
(2376, '49', '250', 'Unclaimed', 'Issued Certification'),
(2377, '49', '252', 'Unclaimed', 'Issued Certification'),
(2378, '49', '253', 'Unclaimed', 'Issued Certification'),
(2379, '49', '254', 'Unclaimed', 'Issued Certification'),
(2380, '49', '255', 'Unclaimed', 'Issued Certification'),
(2381, '49', '256', 'Unclaimed', 'Issued Certification'),
(2382, '49', '257', 'Unclaimed', 'Issued Certification'),
(2383, '49', '258', 'Unclaimed', 'Issued Certification'),
(2397, '124', '259', 'Unclaimed', 'Resigned '),
(2398, '124', '260', 'Unclaimed', 'Resigned'),
(2399, '124', '261', 'Unclaimed', 'Resigned'),
(2400, '124', '262', 'Unclaimed', 'Resigned'),
(2401, '124', '263', 'Unclaimed', 'Resigned'),
(2402, '124', '785', 'Unclaimed', 'Resigned'),
(2403, '124', '265', 'Unclaimed', 'Resigned'),
(2404, '124', '266', 'Unclaimed', 'Resigned'),
(2405, '124', '267', 'Unclaimed', 'Resigned'),
(2475, '53', '286', 'Unclaimed', 'Issued Certification'),
(2476, '53', '287', 'Unclaimed', 'Issued Certification'),
(2477, '53', '288', 'Unclaimed', 'Issued Certification'),
(2478, '53', '289', 'Unclaimed', 'Issued Certification'),
(2479, '53', '290', 'Unclaimed', 'Issued Certification'),
(2480, '53', '292', 'Unclaimed', 'June 15, 2009'),
(2481, '53', '293', 'Unclaimed', 'Issued Certification'),
(2482, '53', '294', 'Unclaimed', 'Issued Certification'),
(2483, '53', '295', 'Unclaimed', 'Issued Certification'),
(2484, '53', '296', 'Unclaimed', 'Issued Certification'),
(2485, '53', '297', 'Unclaimed', 'July 15, 2009'),
(2486, '53', '298', 'Unclaimed', 'Issued Certification'),
(2487, '53', '299', 'Unclaimed', 'Issued Certification'),
(2488, '53', '300', 'Unclaimed', 'Issued Certification'),
(2489, '53', '301', 'Unclaimed', 'Issued Certification'),
(2490, '53', '302', 'Unclaimed', 'June 15, 2009'),
(2491, '53', '303', 'Unclaimed', 'Issued Certification'),
(2492, '53', '305', 'Unclaimed', 'August 1, 2008'),
(2493, '53', '304', 'Unclaimed', 'Issued Certification'),
(2494, '53', '306', 'Unclaimed', 'Issued Certification'),
(2495, '53', '307', 'Unclaimed', 'Issued Certification'),
(2496, '53', '313', 'Unclaimed', 'Issued Certification'),
(2497, '53', '314', 'Unclaimed', 'Issued Certification'),
(2498, '53', '776', 'Unclaimed', 'Issued Certification'),
(2499, '53', '316', 'Unclaimed', 'July 28, 2009'),
(2500, '53', '317', 'Unclaimed', 'Issued Certification'),
(2501, '53', '318', 'Unclaimed', 'Issued Certification'),
(2502, '53', '319', 'Unclaimed', 'Issued Certification'),
(2503, '53', '320', 'Unclaimed', 'Issued Certification'),
(2504, '53', '321', 'Unclaimed', 'Issued Certification'),
(2505, '53', '324', 'Unclaimed', NULL),
(2506, '53', '325', 'Unclaimed', NULL),
(2507, '53', '326', 'Unclaimed', 'August 25, 2009'),
(2508, '53', '327', 'Unclaimed', 'March 18, 2008'),
(2509, '53', '328', 'Unclaimed', NULL),
(2510, '53', '329', 'Unclaimed', 'February 2, 2008'),
(2511, '53', '330', 'Unclaimed', NULL),
(2512, '53', '331', 'Unclaimed', NULL),
(2538, '55', '332', 'Unclaimed', 'Issued Certification (July 6, 2009)'),
(2539, '55', '333', 'Unclaimed', 'Issued Certification'),
(2540, '55', '334', 'Unclaimed', 'Issued Certification (July 20, 2009)'),
(2541, '55', '335', 'Unclaimed', NULL),
(2542, '55', '336', 'Unclaimed', NULL),
(2543, '55', '337', 'Unclaimed', 'Issued Certification'),
(2544, '55', '338', 'Unclaimed', NULL),
(2545, '55', '339', 'Unclaimed', 'Issued Certification'),
(2546, '55', '341', 'Unclaimed', NULL),
(2547, '55', '342', 'Unclaimed', NULL),
(2548, '55', '343', 'Unclaimed', NULL),
(2549, '55', '344', 'Unclaimed', NULL),
(2550, '55', '345', 'Unclaimed', 'Issued Certification (July 24, 2009)'),
(2551, '55', '346', 'Unclaimed', 'Issued Certification'),
(2552, '55', '347', 'Unclaimed', 'Issued Certification (June 15, 2009)'),
(2553, '55', '348', 'Unclaimed', 'Issued Certification'),
(2554, '55', '349', 'Unclaimed', 'Issued Certification'),
(2555, '55', '350', 'Unclaimed', 'Issued Certification'),
(2556, '55', '351', 'Unclaimed', 'Issued Certification'),
(2557, '55', '352', 'Unclaimed', 'Issued Certification'),
(2558, '55', '353', 'Unclaimed', 'Issued Certification'),
(2559, '55', '355', 'Unclaimed', 'Issued Certification'),
(2560, '55', '356', 'Unclaimed', 'Issued Certification'),
(2569, '129', '357', 'Unclaimed', NULL),
(2570, '129', '358', 'Unclaimed', NULL),
(2571, '129', '359', 'Unclaimed', 'Issued Certification'),
(2572, '129', '360', 'Unclaimed', 'Issued Certification'),
(2573, '129', '361', 'Unclaimed', 'Issued Certification'),
(2574, '129', '362', 'Unclaimed', NULL),
(2575, '129', '363', 'Unclaimed', NULL),
(2576, '129', '786', 'Unclaimed', 'Issued Certification'),
(2577, '129', '365', 'Unclaimed', NULL),
(2578, '129', '787', 'Unclaimed', NULL),
(2579, '129', '367', 'Unclaimed', NULL),
(2580, '129', '368', 'Unclaimed', NULL),
(2581, '129', '369', 'Unclaimed', NULL),
(2582, '129', '609', 'Unclaimed', NULL),
(2583, '129', '371', 'Unclaimed', NULL),
(2584, '129', '372', 'Unclaimed', NULL),
(2585, '129', '373', 'Unclaimed', NULL),
(2586, '129', '374', 'Unclaimed', NULL),
(2587, '129', '375', 'Unclaimed', NULL),
(2600, '59', '381', 'Unclaimed', 'Issued Certification'),
(2601, '59', '382', 'Unclaimed', 'Issued Certification'),
(2602, '59', '383', 'Unclaimed', 'Issued Certification'),
(2603, '59', '384', 'Unclaimed', 'Issued Certification (July 22, 2009)'),
(2604, '59', '385', 'Unclaimed', 'Issued Certification'),
(2605, '59', '386', 'Unclaimed', 'Issued Certification'),
(2606, '59', '387', 'Unclaimed', 'Issued Certifcation'),
(2607, '59', '388', 'Unclaimed', 'Issued Certification (December 10, 2011)'),
(2608, '59', '389', 'Unclaimed', 'Issued Certification'),
(2609, '59', '390', 'Unclaimed', 'Issued Certification'),
(2610, '59', '391', 'Unclaimed', 'Issued Certification'),
(2611, '59', '392', 'Unclaimed', 'Issued Certification'),
(2612, '59', '393', 'Unclaimed', 'Issued Certification'),
(2613, '59', '394', 'Unclaimed', 'Issued Certification'),
(2614, '59', '395', 'Unclaimed', 'Issued Certification (April 19, 2011)'),
(2615, '59', '396', 'Unclaimed', 'Issued Certification'),
(2616, '59', '397', 'Unclaimed', 'Issued Certification'),
(2617, '59', '398', 'Unclaimed', 'Issued Certification ( July 24, 2009)'),
(2618, '59', '399', 'Unclaimed', 'Issued Certification'),
(2619, '59', '400', 'Unclaimed', 'Issued Certification'),
(2620, '59', '401', 'Unclaimed', 'Issued Certification'),
(2621, '59', '402', 'Unclaimed', 'Issued Certification (October 31, 2008)'),
(2622, '59', '403', 'Unclaimed', 'Issued Certification'),
(2623, '59', '405', 'Unclaimed', 'Issued Certification'),
(2624, '59', '406', 'Unclaimed', 'Issued Certification'),
(2625, '59', '407', 'Unclaimed', 'Issued Certification'),
(2626, '59', '408', 'Unclaimed', 'Issued Certification'),
(2627, '59', '409', 'Unclaimed', 'Issued Certification'),
(2628, '59', '777', 'Unclaimed', 'Issued Certification'),
(2629, '60', '411', 'Unclaimed', 'Issued Certification'),
(2630, '60', '412', 'Unclaimed', 'Issued Certification'),
(2631, '60', '413', 'Unclaimed', 'Issued Certification'),
(2632, '60', '414', 'Unclaimed', NULL),
(2633, '60', '415', 'Unclaimed', 'Issued Certification'),
(2634, '60', '416', 'Unclaimed', 'Issued Certification'),
(2635, '60', '417', 'Unclaimed', 'Issued Certification'),
(2636, '60', '418', 'Unclaimed', 'Issued Certification'),
(2637, '60', '419', 'Unclaimed', 'Issued Certification'),
(2638, '60', '420', 'Unclaimed', NULL),
(2639, '60', '421', 'Unclaimed', 'Issued Certification'),
(2640, '60', '422', 'Unclaimed', 'Issued Certification'),
(2641, '60', '423', 'Unclaimed', NULL),
(2642, '60', '424', 'Unclaimed', NULL),
(2643, '60', '425', 'Unclaimed', 'Issued Certification'),
(2644, '60', '426', 'Unclaimed', 'Issued Certification'),
(2645, '60', '427', 'Unclaimed', 'Issued Certification (August 17, 2005)'),
(2646, '60', '428', 'Unclaimed', 'Issued Certification'),
(2647, '60', '429', 'Unclaimed', 'Issued Certification (2nd February 17, 2012)'),
(2648, '60', '431', 'Unclaimed', 'Issued Certification'),
(2649, '60', '432', 'Unclaimed', 'Issued Certification'),
(2650, '60', '433', 'Unclaimed', 'Issued Certification'),
(2651, '60', '435', 'Unclaimed', 'Issued Certification (July 24, 2009)'),
(2660, '61', '436', 'Unclaimed', NULL),
(2661, '61', '437', 'Unclaimed', NULL),
(2662, '61', '439', 'Unclaimed', NULL),
(2663, '61', '440', 'Unclaimed', 'Issued Certification (February 14, 2007)'),
(2664, '61', '441', 'Unclaimed', NULL),
(2665, '61', '442', 'Unclaimed', NULL),
(2666, '61', '443', 'Unclaimed', NULL),
(2667, '61', '444', 'Unclaimed', NULL),
(2668, '61', '445', 'Unclaimed', NULL),
(2669, '61', '446', 'Unclaimed', NULL),
(2670, '61', '447', 'Unclaimed', NULL),
(2671, '61', '448', 'Unclaimed', NULL),
(2672, '61', '449', 'Unclaimed', NULL),
(2673, '61', '450', 'Unclaimed', 'Issued Certification (March 21, 2011)'),
(2674, '61', '438', 'Unclaimed', NULL),
(2675, '63', '467', 'Unclaimed', NULL),
(2676, '63', '468', 'Unclaimed', NULL),
(2677, '63', '469', 'Unclaimed', NULL),
(2678, '63', '470', 'Unclaimed', NULL),
(2679, '63', '471', 'Unclaimed', 'Issued Certification (March 31, 2011) (extended due to absences)'),
(2713, '65', '491', 'Unclaimed', 'Issued Certification'),
(2714, '65', '492', 'Unclaimed', NULL),
(2715, '65', '494', 'Unclaimed', NULL),
(2716, '65', '495', 'Unclaimed', NULL),
(2717, '65', '496', 'Unclaimed', NULL),
(2718, '65', '497', 'Unclaimed', NULL),
(2719, '65', '498', 'Unclaimed', NULL),
(2720, '65', '499', 'Unclaimed', NULL),
(2721, '65', '500', 'Unclaimed', NULL),
(2722, '65', '501', 'Unclaimed', NULL),
(2723, '65', '502', 'Unclaimed', NULL),
(2724, '65', '503', 'Unclaimed', NULL),
(2725, '65', '504', 'Unclaimed', NULL),
(2726, '65', '505', 'Unclaimed', NULL),
(2727, '65', '506', 'Unclaimed', NULL),
(2728, '65', '507', 'Unclaimed', NULL),
(2729, '65', '508', 'Unclaimed', NULL),
(2730, '65', '509', 'Unclaimed', NULL),
(2731, '65', '510', 'Unclaimed', NULL),
(2732, '65', '511', 'Unclaimed', NULL),
(2733, '65', '512', 'Unclaimed', NULL),
(2734, '65', '513', 'Unclaimed', NULL),
(2735, '65', '514', 'Unclaimed', NULL),
(2736, '65', '515', 'Unclaimed', NULL),
(2737, '65', '516', 'Unclaimed', NULL),
(2744, '130', '788', 'Unclaimed', 'Issued Certification'),
(2745, '130', '518', 'Unclaimed', NULL),
(2746, '130', '519', 'Unclaimed', NULL),
(2747, '130', '520', 'Unclaimed', NULL),
(2748, '130', '521', 'Unclaimed', NULL),
(2749, '130', '522', 'Unclaimed', NULL),
(2750, '130', '789', 'Unclaimed', NULL),
(2751, '130', '524', 'Unclaimed', NULL),
(2752, '130', '525', 'Unclaimed', NULL),
(2753, '130', '526', 'Unclaimed', NULL),
(2754, '130', '527', 'Unclaimed', NULL),
(2755, '130', '528', 'Unclaimed', NULL),
(2756, '130', '530', 'Unclaimed', NULL),
(2757, '130', '531', 'Unclaimed', NULL),
(2758, '130', '532', 'Unclaimed', NULL),
(2759, '130', '790', 'Unclaimed', NULL),
(2760, '130', '534', 'Unclaimed', NULL),
(2761, '130', '535', 'Unclaimed', NULL),
(2762, '130', '536', 'Unclaimed', NULL),
(2763, '130', '537', 'Unclaimed', NULL),
(2764, '130', '538', 'Unclaimed', NULL),
(2765, '130', '539', 'Unclaimed', NULL),
(2766, '130', '540', 'Unclaimed', NULL),
(2767, '130', '541', 'Unclaimed', NULL),
(2768, '130', '542', 'Unclaimed', NULL),
(2769, '130', '543', 'Unclaimed', NULL),
(2770, '130', '544', 'Unclaimed', NULL),
(2771, '130', '545', 'Unclaimed', NULL),
(2772, '130', '546', 'Unclaimed', NULL),
(2775, '68', '13', 'Unclaimed', NULL),
(2776, '68', '14', 'Unclaimed', NULL),
(2777, '68', '15', 'Unclaimed', NULL),
(2778, '68', '16', 'Unclaimed', NULL),
(2779, '68', '17', 'Unclaimed', NULL),
(2780, '68', '18', 'Unclaimed', NULL),
(2781, '68', '19', 'Unclaimed', NULL),
(2782, '68', '20', 'Unclaimed', NULL),
(2783, '68', '21', 'Unclaimed', NULL),
(2784, '68', '22', 'Unclaimed', NULL),
(2785, '68', '23', 'Unclaimed', NULL),
(2786, '68', '24', 'Unclaimed', NULL),
(2787, '68', '46', 'Unclaimed', NULL),
(2788, '68', '26', 'Unclaimed', NULL),
(2789, '68', '27', 'Unclaimed', NULL),
(2790, '68', '28', 'Unclaimed', NULL),
(2791, '68', '29', 'Unclaimed', NULL),
(2792, '68', '31', 'Unclaimed', NULL),
(2793, '68', '570', 'Unclaimed', NULL),
(2806, '57', '377', 'Unclaimed', NULL),
(2807, '57', '378', 'Unclaimed', NULL),
(2808, '57', '379', 'Unclaimed', NULL),
(2809, '57', '875', 'Unclaimed', NULL),
(2812, '132', '876', 'Claimed', NULL),
(2814, '133', '878', 'Claimed', NULL),
(2815, '140', '798', 'Unclaimed', NULL),
(2816, '140', '620', 'Unclaimed', NULL),
(2817, '140', '621', 'Unclaimed', NULL),
(2818, '140', '345', 'Unclaimed', NULL),
(2819, '140', '623', 'Unclaimed', NULL),
(2820, '140', '624', 'Unclaimed', NULL),
(2821, '140', '625', 'Unclaimed', NULL),
(2822, '140', '626', 'Unclaimed', NULL),
(2823, '140', '627', 'Unclaimed', NULL),
(2824, '140', '628', 'Unclaimed', NULL),
(2830, '147', '806', 'Unclaimed', 'Issued Certification (November 26, 2010)'),
(2831, '147', '807', 'Unclaimed', 'Issued Certification (March 28, 2011)'),
(2833, '150', '810', 'Unclaimed', 'Issued Certification (July 29, 2008)'),
(2834, '150', '811', 'Unclaimed', 'Issued Certification (September 26, 2006)'),
(2835, '168', '864', 'Unclaimed', ''),
(2836, '168', '865', 'Unclaimed', ''),
(2837, '168', '665', 'Unclaimed', ''),
(2838, '168', '69', 'Unclaimed', ''),
(2839, '168', '866', 'Unclaimed', ''),
(2840, '168', '666', 'Unclaimed', ''),
(2841, '168', '664', 'Unclaimed', ''),
(2842, '169', '879', 'Unclaimed', ''),
(2843, '169', '642', 'Unclaimed', ''),
(2844, '169', '720', 'Unclaimed', ''),
(2845, '169', '880', 'Unclaimed', ''),
(2846, '169', '62', 'Unclaimed', ''),
(2847, '169', '881', 'Unclaimed', ''),
(2848, '169', '718', 'Unclaimed', ''),
(2849, '169', '706', 'Unclaimed', ''),
(2850, '169', '694', 'Unclaimed', ''),
(2851, '169', '80', 'Unclaimed', ''),
(2852, '169', '647', 'Unclaimed', ''),
(2853, '170', '864', 'Unclaimed', ''),
(2854, '170', '865', 'Unclaimed', ''),
(2855, '170', '665', 'Unclaimed', ''),
(2856, '170', '69', 'Unclaimed', ''),
(2857, '170', '866', 'Unclaimed', ''),
(2858, '170', '666', 'Unclaimed', ''),
(2859, '170', '664', 'Unclaimed', ''),
(2860, '171', '756', 'Unclaimed', ''),
(2861, '171', '882', 'Unclaimed', ''),
(2862, '172', '728', 'Unclaimed', ''),
(2863, '172', '883', 'Unclaimed', ''),
(2864, '172', '635', 'Unclaimed', ''),
(2865, '172', '70', 'Unclaimed', ''),
(2866, '172', '884', 'Unclaimed', ''),
(2867, '173', '770', 'Unclaimed', ''),
(2868, '173', '730', 'Unclaimed', ''),
(2869, '173', '885', 'Unclaimed', ''),
(2870, '173', '71', 'Unclaimed', ''),
(2871, '173', '886', 'Unclaimed', ''),
(2872, '173', '76', 'Unclaimed', ''),
(2873, '173', '887', 'Unclaimed', ''),
(2880, '175', '888', 'Unclaimed', 'From Batch 11 Train Driver Training'),
(2881, '175', '889', 'Unclaimed', 'From Batch 9 Train Driver Training'),
(2890, '174', '770', 'Unclaimed', 'From Batch 1o Train Driver Training'),
(2891, '174', '641', 'Unclaimed', 'From Batch 11 Train Driver Training'),
(2892, '174', '668', 'Unclaimed', 'From Batch 11 Train Driver Training'),
(2893, '174', '39', 'Unclaimed', 'From Batch 11 Train Driver Training'),
(2904, '176', '78', 'Unclaimed', 'From Batch 12 Train Driver Training'),
(2905, '176', '823', 'Unclaimed', 'From Batch 12 Train Driver Training'),
(2906, '176', '659', 'Unclaimed', 'From Batch 12 Train Driver Training'),
(2907, '176', '885', 'Unclaimed', 'From Batch 12 Train Driver Training'),
(2908, '176', '70', 'Unclaimed', 'From Batch 12 Train Driver Training'),
(2909, '176', '844', 'Unclaimed', 'From Batch 12 Train Driver Training'),
(2910, '176', '890', 'Unclaimed', 'From Batch 12 Train Driver Training'),
(2911, '177', '644', 'Unclaimed', 'From Batch 22 Train Driver Training'),
(2912, '177', '62', 'Unclaimed', 'From Batch 22 Train Driver Taining'),
(2913, '178', '891', 'Unclaimed', 'From Batch 12 Train Driver Training'),
(2914, '178', '881', 'Unclaimed', 'From Batch 12 Train Driver Training'),
(2915, '179', '728', 'Unclaimed', 'From Batch 13 Train Driver Training'),
(2916, '179', '883', 'Unclaimed', 'From Batch 13 Train Driver Training'),
(2917, '179', '651', 'Unclaimed', 'From Batch 13 Train Driver Training'),
(2918, '100', '657', 'Unclaimed', NULL),
(2919, '180', '892', 'Unclaimed', 'From Batch 13 Train Driver Training'),
(2920, '181', '893', 'Unclaimed', ''),
(2921, '181', '894', 'Unclaimed', ''),
(2922, '181', '895', 'Unclaimed', ''),
(2923, '181', '896', 'Unclaimed', ''),
(2924, '181', '897', 'Unclaimed', ''),
(2925, '181', '898', 'Unclaimed', ''),
(2926, '181', '899', 'Unclaimed', ''),
(2927, '181', '900', 'Unclaimed', ''),
(2928, '181', '901', 'Unclaimed', ''),
(2929, '181', '902', 'Unclaimed', ''),
(2930, '181', '903', 'Unclaimed', ''),
(2931, '181', '904', 'Unclaimed', ''),
(2932, '181', '905', 'Unclaimed', ''),
(2933, '181', '906', 'Unclaimed', ''),
(2934, '181', '907', 'Unclaimed', ''),
(2935, '182', '706', 'Unclaimed', ''),
(2936, '182', '908', 'Unclaimed', ''),
(2937, '182', '909', 'Unclaimed', ''),
(2938, '182', '910', 'Unclaimed', ''),
(2939, '182', '911', 'Unclaimed', ''),
(2940, '182', '467', 'Unclaimed', ''),
(2941, '182', '912', 'Unclaimed', ''),
(2942, '183', '798', 'Unclaimed', ''),
(2943, '183', '913', 'Unclaimed', ''),
(2944, '183', '914', 'Unclaimed', ''),
(2945, '183', '915', 'Unclaimed', ''),
(2946, '183', '916', 'Unclaimed', ''),
(2947, '183', '576', 'Unclaimed', ''),
(2948, '183', '917', 'Unclaimed', ''),
(2949, '183', '631', 'Unclaimed', 'Sit - in'),
(2950, '184', '603', 'Unclaimed', ''),
(2951, '184', '918', 'Unclaimed', ''),
(2952, '184', '919', 'Unclaimed', ''),
(2953, '184', '626', 'Unclaimed', ''),
(2954, '184', '920', 'Unclaimed', ''),
(2955, '184', '921', 'Unclaimed', ''),
(2956, '184', '922', 'Unclaimed', ''),
(2957, '184', '617', 'Unclaimed', ''),
(2958, '184', '923', 'Unclaimed', 'Backward Driving only'),
(2959, '185', '756', 'Unclaimed', ''),
(2960, '185', '819', 'Unclaimed', ''),
(2961, '185', '924', 'Unclaimed', ''),
(2962, '186', '925', 'Unclaimed', ''),
(2963, '187', '926', 'Unclaimed', ''),
(2964, '187', '927', 'Unclaimed', ''),
(2965, '187', '882', 'Unclaimed', ''),
(2966, '187', '928', 'Unclaimed', ''),
(2967, '188', '929', 'Unclaimed', ''),
(2968, '188', '930', 'Unclaimed', ''),
(2969, '188', '931', 'Unclaimed', ''),
(2970, '188', '932', 'Unclaimed', ''),
(2971, '188', '933', 'Unclaimed', ''),
(2972, '189', '843', 'Unclaimed', 'From Batch 13 Train Driver Training'),
(2973, '190', '934', 'Unclaimed', 'From Batch 13 Train Driver Training'),
(2974, '191', '935', 'Unclaimed', ''),
(2975, '191', '936', 'Unclaimed', ''),
(2976, '191', '937', 'Unclaimed', ''),
(2977, '191', '587', 'Unclaimed', ''),
(2978, '191', '938', 'Unclaimed', ''),
(2979, '191', '939', 'Unclaimed', ''),
(2980, '191', '940', 'Unclaimed', ''),
(2981, '191', '941', 'Unclaimed', ''),
(2982, '191', '782', 'Unclaimed', ''),
(2983, '191', '601', 'Unclaimed', ''),
(2984, '191', '942', 'Unclaimed', ''),
(2985, '191', '581', 'Unclaimed', ''),
(2986, '191', '622', 'Unclaimed', ''),
(2987, '191', '579', 'Unclaimed', ''),
(2988, '191', '943', 'Unclaimed', ''),
(2989, '191', '432', 'Unclaimed', ''),
(2990, '191', '286', 'Unclaimed', ''),
(2991, '191', '297', 'Unclaimed', ''),
(2992, '191', '339', 'Unclaimed', ''),
(2993, '191', '526', 'Unclaimed', ''),
(2994, '191', '361', 'Unclaimed', ''),
(2995, '191', '504', 'Unclaimed', ''),
(2996, '191', '458', 'Unclaimed', ''),
(2997, '191', '534', 'Unclaimed', ''),
(2998, '191', '944', 'Unclaimed', ''),
(2999, '191', '481', 'Unclaimed', ''),
(3000, '191', '13', 'Unclaimed', ''),
(3001, '191', '945', 'Unclaimed', ''),
(3002, '191', '946', 'Unclaimed', ''),
(3003, '191', '254', 'Unclaimed', ''),
(3004, '191', '202', 'Unclaimed', ''),
(3005, '191', '206', 'Unclaimed', ''),
(3006, '191', '466', 'Unclaimed', ''),
(3007, '191', '544', 'Unclaimed', ''),
(3008, '192', '947', 'Unclaimed', ''),
(3009, '192', '948', 'Unclaimed', ''),
(3010, '192', '171', 'Unclaimed', ''),
(3011, '192', '949', 'Unclaimed', ''),
(3012, '192', '950', 'Unclaimed', ''),
(3013, '192', '951', 'Unclaimed', ''),
(3014, '192', '952', 'Unclaimed', ''),
(3015, '192', '953', 'Unclaimed', ''),
(3016, '192', '954', 'Unclaimed', ''),
(3017, '192', '955', 'Unclaimed', ''),
(3018, '192', '956', 'Unclaimed', ''),
(3019, '192', '957', 'Unclaimed', ''),
(3020, '192', '958', 'Unclaimed', ''),
(3021, '192', '959', 'Unclaimed', ''),
(3022, '192', '960', 'Unclaimed', ''),
(3023, '192', '572', 'Unclaimed', ''),
(3024, '192', '961', 'Unclaimed', ''),
(3025, '192', '962', 'Unclaimed', ''),
(3026, '192', '963', 'Unclaimed', ''),
(3027, '192', '964', 'Unclaimed', ''),
(3028, '192', '965', 'Unclaimed', ''),
(3029, '192', '598', 'Unclaimed', ''),
(3030, '192', '788', 'Unclaimed', ''),
(3031, '192', '170', 'Unclaimed', ''),
(3032, '192', '966', 'Unclaimed', ''),
(3033, '192', '475', 'Unclaimed', ''),
(3034, '192', '525', 'Unclaimed', ''),
(3035, '192', '967', 'Unclaimed', ''),
(3036, '192', '377', 'Unclaimed', ''),
(3037, '192', '968', 'Unclaimed', ''),
(3038, '192', '445', 'Unclaimed', ''),
(3039, '192', '969', 'Unclaimed', ''),
(3040, '192', '205', 'Unclaimed', ''),
(3041, '192', '401', 'Unclaimed', ''),
(3042, '192', '970', 'Unclaimed', ''),
(3043, '192', '488', 'Unclaimed', ''),
(3044, '193', '971', 'Unclaimed', ''),
(3045, '193', '743', 'Unclaimed', ''),
(3046, '193', '744', 'Unclaimed', ''),
(3047, '193', '751', 'Unclaimed', ''),
(3048, '193', '255', 'Unclaimed', ''),
(3049, '193', '256', 'Unclaimed', ''),
(3050, '193', '753', 'Unclaimed', ''),
(3051, '193', '972', 'Unclaimed', ''),
(3052, '193', '973', 'Unclaimed', ''),
(3053, '193', '974', 'Unclaimed', ''),
(3054, '193', '975', 'Unclaimed', ''),
(3055, '193', '798', 'Unclaimed', ''),
(3056, '193', '631', 'Unclaimed', ''),
(3057, '193', '575', 'Unclaimed', ''),
(3058, '193', '794', 'Unclaimed', ''),
(3059, '193', '976', 'Unclaimed', ''),
(3060, '193', '977', 'Unclaimed', ''),
(3061, '193', '518', 'Unclaimed', ''),
(3062, '193', '491', 'Unclaimed', ''),
(3063, '193', '978', 'Unclaimed', ''),
(3064, '193', '174', 'Unclaimed', '');
INSERT INTO `class_list` (`id`, `training_events_id`, `trainee_id`, `diploma_release`, `remarks`) VALUES
(3065, '193', '979', 'Unclaimed', ''),
(3066, '193', '980', 'Unclaimed', ''),
(3067, '193', '981', 'Unclaimed', ''),
(3068, '193', '477', 'Unclaimed', ''),
(3069, '193', '457', 'Unclaimed', ''),
(3070, '193', '982', 'Unclaimed', ''),
(3071, '193', '983', 'Unclaimed', ''),
(3072, '193', '984', 'Unclaimed', ''),
(3073, '193', '419', 'Unclaimed', ''),
(3074, '193', '482', 'Unclaimed', ''),
(3075, '193', '557', 'Unclaimed', ''),
(3076, '193', '985', 'Unclaimed', ''),
(3077, '193', '402', 'Unclaimed', ''),
(3078, '193', '986', 'Unclaimed', ''),
(3079, '193', '375', 'Unclaimed', ''),
(3080, '194', '987', 'Unclaimed', ''),
(3081, '194', '988', 'Unclaimed', ''),
(3082, '194', '989', 'Unclaimed', ''),
(3083, '194', '748', 'Unclaimed', ''),
(3084, '194', '990', 'Unclaimed', ''),
(3085, '194', '991', 'Unclaimed', ''),
(3086, '194', '992', 'Unclaimed', ''),
(3087, '194', '251', 'Unclaimed', ''),
(3088, '194', '993', 'Unclaimed', ''),
(3089, '194', '994', 'Unclaimed', ''),
(3090, '194', '995', 'Unclaimed', ''),
(3091, '194', '996', 'Unclaimed', ''),
(3092, '194', '997', 'Unclaimed', ''),
(3093, '194', '607', 'Unclaimed', ''),
(3094, '194', '471', 'Unclaimed', ''),
(3095, '194', '610', 'Unclaimed', ''),
(3096, '194', '998', 'Unclaimed', ''),
(3097, '194', '999', 'Unclaimed', ''),
(3098, '194', '1000', 'Unclaimed', ''),
(3099, '194', '44', 'Unclaimed', ''),
(3100, '194', '46', 'Unclaimed', ''),
(3101, '194', '451', 'Unclaimed', ''),
(3102, '194', '519', 'Unclaimed', ''),
(3103, '194', '1001', 'Unclaimed', ''),
(3104, '194', '551', 'Unclaimed', ''),
(3105, '194', '552', 'Unclaimed', ''),
(3106, '194', '1002', 'Unclaimed', ''),
(3107, '194', '453', 'Unclaimed', ''),
(3108, '194', '438', 'Unclaimed', ''),
(3109, '194', '1003', 'Unclaimed', ''),
(3110, '194', '1004', 'Unclaimed', ''),
(3111, '194', '21', 'Unclaimed', ''),
(3112, '194', '220', 'Unclaimed', ''),
(3113, '194', '528', 'Unclaimed', ''),
(3114, '194', '531', 'Unclaimed', ''),
(3115, '194', '532', 'Unclaimed', ''),
(3116, '194', '1005', 'Unclaimed', ''),
(3117, '194', '417', 'Unclaimed', ''),
(3118, '194', '225', 'Unclaimed', ''),
(3119, '194', '1006', 'Unclaimed', ''),
(3120, '194', '1007', 'Unclaimed', ''),
(3121, '194', '1008', 'Unclaimed', ''),
(3122, '194', '567', 'Unclaimed', ''),
(3123, '194', '1009', 'Unclaimed', ''),
(3124, '194', '368', 'Unclaimed', ''),
(3125, '194', '1010', 'Unclaimed', ''),
(3126, '194', '516', 'Unclaimed', ''),
(3127, '194', '562', 'Unclaimed', ''),
(3128, '195', '14', 'Unclaimed', 'June 25 - 29, 2012 (OJT)'),
(3136, '196', '1011', 'Unclaimed', 'From Batch 13 Train Driver Training (Extended OJT June 13 - July 01, 2012)'),
(3137, '196', '1012', 'Unclaimed', 'From Batch 13 Train Driver Training (Extended OJT June 13 - July 01, 2012'),
(3138, '196', '1013', 'Unclaimed', 'From Batch 13 Train Driver Training (Extended OJT June 13 - July 20, 2012)'),
(3139, '196', '1014', 'Unclaimed', 'From Batch 13 Train Driver Training (Extended OJT June 13 - July 23, 2012)'),
(3140, '196', '733', 'Unclaimed', 'From Batch 13 Train Driver Training (Extended OJT June 13 - July 20, 2012)'),
(3141, '196', '1015', 'Unclaimed', 'From Batch 13 Train Driver Training (Extended OJT June 13 - July 23, 2012)'),
(3142, '196', '1016', 'Unclaimed', 'From Batch 13 Train Driver Training (Extended OJT June 13 - July 27)'),
(3143, '197', '1017', 'Unclaimed', ''),
(3144, '197', '1018', 'Unclaimed', ''),
(3145, '197', '800', 'Unclaimed', ''),
(3146, '197', '631', 'Unclaimed', ''),
(3147, '197', '801', 'Unclaimed', ''),
(3148, '197', '799', 'Unclaimed', ''),
(3149, '197', '1019', 'Unclaimed', ''),
(3150, '198', '745', 'Unclaimed', ''),
(3151, '198', '1020', 'Unclaimed', ''),
(3152, '198', '1021', 'Unclaimed', ''),
(3153, '198', '628', 'Unclaimed', ''),
(3154, '198', '1022', 'Unclaimed', ''),
(3155, '198', '1023', 'Unclaimed', ''),
(3156, '198', '1024', 'Unclaimed', ''),
(3157, '198', '801', 'Unclaimed', ''),
(3158, '198', '1025', 'Unclaimed', ''),
(3159, '198', '606', 'Unclaimed', ''),
(3160, '198', '117', 'Unclaimed', ''),
(3161, '198', '914', 'Unclaimed', ''),
(3162, '198', '621', 'Unclaimed', ''),
(3163, '198', '609', 'Unclaimed', ''),
(3164, '198', '257', 'Unclaimed', ''),
(3165, '198', '332', 'Unclaimed', ''),
(3166, '198', '15', 'Unclaimed', ''),
(3167, '198', '452', 'Unclaimed', ''),
(3168, '198', '1026', 'Unclaimed', ''),
(3169, '198', '522', 'Unclaimed', ''),
(3170, '198', '1027', 'Unclaimed', ''),
(3171, '198', '414', 'Unclaimed', ''),
(3172, '198', '1028', 'Unclaimed', ''),
(3173, '198', '1029', 'Unclaimed', ''),
(3174, '198', '1030', 'Unclaimed', ''),
(3175, '198', '389', 'Unclaimed', ''),
(3176, '198', '1031', 'Unclaimed', ''),
(3177, '198', '479', 'Unclaimed', ''),
(3178, '198', '1032', 'Unclaimed', ''),
(3179, '198', '418', 'Unclaimed', ''),
(3180, '198', '1033', 'Unclaimed', ''),
(3181, '198', '1034', 'Unclaimed', ''),
(3182, '198', '16', 'Unclaimed', ''),
(3183, '198', '1035', 'Unclaimed', ''),
(3184, '198', '1036', 'Unclaimed', ''),
(3185, '198', '509', 'Unclaimed', ''),
(3186, '198', '566', 'Unclaimed', ''),
(3187, '198', '1037', 'Unclaimed', ''),
(3188, '198', '449', 'Unclaimed', ''),
(3189, '198', '559', 'Unclaimed', ''),
(3190, '198', '1038', 'Unclaimed', ''),
(3191, '198', '1039', 'Unclaimed', ''),
(3192, '198', '1040', 'Unclaimed', ''),
(3193, '199', '1041', 'Unclaimed', ''),
(3194, '199', '1042', 'Unclaimed', ''),
(3195, '199', '1043', 'Unclaimed', ''),
(3196, '199', '1044', 'Unclaimed', ''),
(3197, '199', '1045', 'Unclaimed', ''),
(3198, '199', '747', 'Unclaimed', ''),
(3199, '199', '1046', 'Unclaimed', ''),
(3200, '199', '1047', 'Unclaimed', ''),
(3201, '199', '284', 'Unclaimed', ''),
(3202, '199', '231', 'Unclaimed', ''),
(3203, '199', '1048', 'Unclaimed', ''),
(3204, '199', '1049', 'Unclaimed', ''),
(3205, '199', '474', 'Unclaimed', ''),
(3206, '199', '530', 'Unclaimed', ''),
(3207, '199', '1050', 'Unclaimed', ''),
(3208, '199', '447', 'Unclaimed', ''),
(3209, '199', '1051', 'Unclaimed', ''),
(3210, '199', '1052', 'Unclaimed', ''),
(3211, '199', '428', 'Unclaimed', ''),
(3212, '199', '406', 'Unclaimed', ''),
(3213, '199', '1053', 'Unclaimed', ''),
(3214, '200', '828', 'Unclaimed', ''),
(3215, '201', '1054', 'Unclaimed', ''),
(3216, '201', '1055', 'Unclaimed', ''),
(3217, '201', '1019', 'Unclaimed', ''),
(3218, '201', '241', 'Unclaimed', ''),
(3219, '201', '1056', 'Unclaimed', ''),
(3220, '201', '799', 'Unclaimed', ''),
(3221, '201', '359', 'Unclaimed', ''),
(3222, '201', '1057', 'Unclaimed', ''),
(3223, '201', '1058', 'Unclaimed', ''),
(3224, '201', '1059', 'Unclaimed', ''),
(3225, '201', '611', 'Unclaimed', ''),
(3226, '201', '550', 'Unclaimed', ''),
(3227, '201', '1060', 'Unclaimed', ''),
(3228, '201', '1061', 'Unclaimed', ''),
(3229, '201', '461', 'Unclaimed', ''),
(3230, '201', '510', 'Unclaimed', ''),
(3231, '201', '1062', 'Unclaimed', ''),
(3232, '202', '1063', 'Unclaimed', 'November 8 - 26, 2012 OJT period'),
(3233, '202', '1064', 'Unclaimed', 'November 8 - 26, 2012 OJT period'),
(3234, '203', '750', 'Unclaimed', ''),
(3235, '203', '1065', 'Unclaimed', ''),
(3236, '203', '1066', 'Unclaimed', ''),
(3237, '203', '334', 'Unclaimed', ''),
(3238, '203', '1067', 'Unclaimed', ''),
(3239, '203', '1068', 'Unclaimed', ''),
(3240, '203', '109', 'Unclaimed', ''),
(3241, '203', '1069', 'Unclaimed', ''),
(3242, '203', '1070', 'Unclaimed', ''),
(3243, '203', '1071', 'Unclaimed', ''),
(3244, '203', '1072', 'Unclaimed', ''),
(3245, '203', '1073', 'Unclaimed', ''),
(3246, '203', '1074', 'Unclaimed', ''),
(3247, '203', '1075', 'Unclaimed', ''),
(3248, '203', '1076', 'Unclaimed', ''),
(3249, '203', '214', 'Unclaimed', ''),
(3250, '203', '500', 'Unclaimed', ''),
(3251, '203', '570', 'Unclaimed', ''),
(3252, '203', '1077', 'Unclaimed', ''),
(3253, '203', '26', 'Unclaimed', ''),
(3254, '203', '483', 'Unclaimed', ''),
(3255, '203', '19', 'Unclaimed', ''),
(3256, '203', '380', 'Unclaimed', ''),
(3257, '203', '31', 'Unclaimed', ''),
(3258, '203', '23', 'Unclaimed', ''),
(3259, '203', '29', 'Unclaimed', ''),
(3260, '203', '502', 'Unclaimed', ''),
(3261, '203', '467', 'Unclaimed', ''),
(3262, '203', '556', 'Unclaimed', ''),
(3263, '203', '367', 'Unclaimed', ''),
(3264, '203', '444', 'Unclaimed', ''),
(3265, '203', '1078', 'Unclaimed', ''),
(3266, '203', '22', 'Unclaimed', ''),
(3267, '203', '487', 'Unclaimed', ''),
(3268, '203', '512', 'Unclaimed', ''),
(3269, '203', '1079', 'Unclaimed', ''),
(3277, '101', '705', 'Unclaimed', 'Issued Certificate (February 11, 2010) '),
(3278, '101', '706', 'Unclaimed', 'Issued Certificate (February 11, 2010) '),
(3279, '101', '681', 'Unclaimed', 'Issued Certificate (February 11, 2010)'),
(3280, '101', '707', 'Unclaimed', 'Issued Certificate (February 11, 2010)'),
(3284, '102', '648', 'Unclaimed', NULL),
(3285, '102', '647', 'Unclaimed', NULL),
(3286, '102', '85', 'Unclaimed', NULL),
(3287, '102', '664', 'Unclaimed', NULL),
(3291, '103', '680', 'Unclaimed', NULL),
(3292, '103', '708', 'Unclaimed', NULL),
(3293, '103', '67', 'Unclaimed', NULL),
(3294, '103', '663', 'Unclaimed', NULL),
(3295, '103', '686', 'Unclaimed', NULL),
(3298, '104', '698', 'Unclaimed', NULL),
(3299, '104', '709', 'Unclaimed', NULL),
(3300, '104', '710', 'Unclaimed', NULL),
(3301, '104', '711', 'Unclaimed', NULL),
(3302, '204', '951', 'Unclaimed', ''),
(3303, '204', '1080', 'Unclaimed', ''),
(3304, '204', '955', 'Unclaimed', ''),
(3305, '204', '1081', 'Unclaimed', ''),
(3306, '204', '958', 'Unclaimed', ''),
(3307, '204', '960', 'Unclaimed', ''),
(3308, '204', '966', 'Unclaimed', ''),
(3309, '204', '1082', 'Unclaimed', ''),
(3310, '204', '1061', 'Unclaimed', ''),
(3311, '204', '1083', 'Unclaimed', ''),
(3312, '204', '509', 'Unclaimed', ''),
(3313, '204', '451', 'Unclaimed', ''),
(3314, '204', '1084', 'Unclaimed', ''),
(3315, '204', '1085', 'Unclaimed', ''),
(3316, '204', '1086', 'Unclaimed', ''),
(3317, '204', '976', 'Unclaimed', ''),
(3318, '204', '282', 'Unclaimed', ''),
(3319, '205', '1042', 'Unclaimed', ''),
(3320, '205', '1043', 'Unclaimed', ''),
(3321, '205', '1045', 'Unclaimed', ''),
(3322, '205', '747', 'Unclaimed', ''),
(3323, '205', '1046', 'Unclaimed', ''),
(3324, '205', '957', 'Unclaimed', ''),
(3325, '205', '1087', 'Unclaimed', ''),
(3326, '205', '1049', 'Unclaimed', ''),
(3327, '205', '519', 'Unclaimed', ''),
(3328, '205', '21', 'Unclaimed', ''),
(3329, '205', '530', 'Unclaimed', ''),
(3330, '205', '466', 'Unclaimed', ''),
(3331, '205', '973', 'Unclaimed', ''),
(3332, '205', '599', 'Unclaimed', ''),
(3333, '205', '994', 'Unclaimed', ''),
(3334, '205', '1088', 'Unclaimed', ''),
(3335, '205', '617', 'Unclaimed', ''),
(3351, '206', '987', 'Unclaimed', ''),
(3352, '206', '989', 'Unclaimed', ''),
(3353, '206', '748', 'Unclaimed', ''),
(3354, '206', '1089', 'Unclaimed', ''),
(3355, '206', '991', 'Unclaimed', ''),
(3356, '206', '992', 'Unclaimed', ''),
(3357, '206', '1048', 'Unclaimed', ''),
(3358, '206', '474', 'Unclaimed', ''),
(3359, '206', '1052', 'Unclaimed', ''),
(3360, '206', '100', 'Unclaimed', ''),
(3361, '206', '1090', 'Unclaimed', ''),
(3362, '206', '1091', 'Unclaimed', ''),
(3363, '206', '997', 'Unclaimed', ''),
(3364, '206', '346', 'Unclaimed', ''),
(3365, '206', '610', 'Unclaimed', ''),
(3366, '207', '451', 'Unclaimed', 'Issued Certificate (February 22, 2013)'),
(3367, '207', '1071', 'Unclaimed', 'Issued Certificate (February 22, 2013)'),
(3368, '207', '1079', 'Unclaimed', 'Issued Certificate (February 22, 2013)'),
(3369, '208', '1092', 'Unclaimed', ''),
(3370, '208', '1055', 'Unclaimed', ''),
(3371, '208', '1019', 'Unclaimed', ''),
(3372, '208', '1056', 'Unclaimed', ''),
(3373, '208', '1093', 'Unclaimed', ''),
(3374, '208', '1058', 'Unclaimed', ''),
(3375, '208', '611', 'Unclaimed', ''),
(3376, '209', '599', 'Unclaimed', ''),
(3377, '209', '993', 'Unclaimed', ''),
(3378, '209', '919', 'Unclaimed', ''),
(3379, '209', '994', 'Unclaimed', ''),
(3380, '209', '1091', 'Unclaimed', ''),
(3381, '209', '1088', 'Unclaimed', ''),
(3382, '209', '997', 'Unclaimed', ''),
(3383, '209', '346', 'Unclaimed', ''),
(3384, '209', '617', 'Unclaimed', ''),
(3385, '209', '629', 'Unclaimed', ''),
(3386, '209', '610', 'Unclaimed', ''),
(3387, '210', '973', 'Unclaimed', ''),
(3388, '210', '974', 'Unclaimed', ''),
(3389, '210', '975', 'Unclaimed', ''),
(3390, '210', '798', 'Unclaimed', ''),
(3391, '210', '801', 'Unclaimed', ''),
(3392, '210', '914', 'Unclaimed', ''),
(3393, '210', '575', 'Unclaimed', ''),
(3394, '210', '576', 'Unclaimed', ''),
(3395, '210', '977', 'Unclaimed', ''),
(3396, '211', '628', 'Unclaimed', ''),
(3397, '211', '1022', 'Unclaimed', ''),
(3398, '211', '624', 'Unclaimed', ''),
(3399, '211', '1094', 'Unclaimed', ''),
(3400, '211', '1025', 'Unclaimed', ''),
(3401, '211', '1095', 'Unclaimed', ''),
(3402, '211', '1008', 'Unclaimed', ''),
(3403, '211', '606', 'Unclaimed', ''),
(3404, '211', '117', 'Unclaimed', ''),
(3405, '211', '609', 'Unclaimed', ''),
(3406, '211', '1096', 'Unclaimed', ''),
(3407, '212', '1097', 'Unclaimed', ''),
(3408, '212', '793', 'Unclaimed', ''),
(3409, '212', '1068', 'Unclaimed', ''),
(3410, '212', '1084', 'Unclaimed', ''),
(3411, '212', '631', 'Unclaimed', ''),
(3412, '212', '962', 'Unclaimed', ''),
(3413, '212', '963', 'Unclaimed', ''),
(3414, '212', '964', 'Unclaimed', ''),
(3415, '212', '976', 'Unclaimed', ''),
(3416, '212', '282', 'Unclaimed', ''),
(3417, '213', '1065', 'Unclaimed', ''),
(3418, '213', '1066', 'Unclaimed', ''),
(3419, '213', '334', 'Unclaimed', ''),
(3420, '213', '1067', 'Unclaimed', ''),
(3421, '213', '109', 'Unclaimed', ''),
(3422, '213', '1069', 'Unclaimed', ''),
(3423, '213', '1070', 'Unclaimed', ''),
(3424, '213', '1072', 'Unclaimed', ''),
(3425, '213', '1073', 'Unclaimed', ''),
(3426, '213', '1074', 'Unclaimed', ''),
(3427, '214', '1098', 'Unclaimed', ''),
(3428, '214', '1071', 'Unclaimed', ''),
(3429, '214', '782', 'Unclaimed', ''),
(3430, '214', '601', 'Unclaimed', ''),
(3431, '214', '1099', 'Unclaimed', ''),
(3432, '214', '345', 'Unclaimed', ''),
(3433, '214', '1100', 'Unclaimed', ''),
(3434, '214', '608', 'Unclaimed', ''),
(3435, '214', '1101', 'Unclaimed', ''),
(3436, '214', '620', 'Unclaimed', ''),
(3437, '215', '947', 'Unclaimed', ''),
(3438, '215', '1102', 'Unclaimed', ''),
(3439, '215', '949', 'Unclaimed', ''),
(3440, '215', '148', 'Unclaimed', ''),
(3441, '215', '1103', 'Unclaimed', ''),
(3442, '215', '1104', 'Unclaimed', ''),
(3443, '215', '959', 'Unclaimed', ''),
(3444, '215', '1060', 'Unclaimed', ''),
(3445, '215', '452', 'Unclaimed', ''),
(3446, '215', '963', 'Unclaimed', ''),
(3447, '215', '1051', 'Unclaimed', ''),
(3448, '215', '970', 'Unclaimed', ''),
(3449, '215', '793', 'Unclaimed', ''),
(3450, '215', '1068', 'Unclaimed', ''),
(3451, '215', '631', 'Unclaimed', ''),
(3452, '215', '964', 'Unclaimed', ''),
(3453, '216', '1105', 'Unclaimed', ''),
(3454, '216', '1106', 'Unclaimed', ''),
(3455, '216', '746', 'Unclaimed', ''),
(3456, '216', '1107', 'Unclaimed', ''),
(3457, '216', '1108', 'Unclaimed', ''),
(3458, '216', '1109', 'Unclaimed', ''),
(3459, '216', '1110', 'Unclaimed', ''),
(3460, '216', '1111', 'Unclaimed', ''),
(3461, '216', '1112', 'Unclaimed', ''),
(3462, '216', '1113', 'Unclaimed', ''),
(3463, '216', '542', 'Unclaimed', ''),
(3464, '216', '1114', 'Unclaimed', ''),
(3465, '216', '1055', 'Unclaimed', ''),
(3466, '216', '627', 'Unclaimed', ''),
(3467, '216', '1056', 'Unclaimed', ''),
(3468, '216', '1057', 'Unclaimed', ''),
(3469, '216', '611', 'Unclaimed', ''),
(3470, '217', '1115', 'Unclaimed', ''),
(3471, '217', '759', 'Unclaimed', ''),
(3472, '217', '197', 'Unclaimed', ''),
(3473, '217', '765', 'Unclaimed', ''),
(3474, '217', '1116', 'Unclaimed', ''),
(3475, '217', '1117', 'Unclaimed', ''),
(3476, '217', '1118', 'Unclaimed', ''),
(3477, '217', '494', 'Unclaimed', ''),
(3478, '217', '1035', 'Unclaimed', ''),
(3479, '217', '1119', 'Unclaimed', ''),
(3480, '217', '566', 'Unclaimed', ''),
(3481, '217', '1120', 'Unclaimed', ''),
(3482, '217', '1019', 'Unclaimed', ''),
(3483, '217', '359', 'Unclaimed', ''),
(3484, '217', '1058', 'Unclaimed', ''),
(3485, '217', '1059', 'Unclaimed', ''),
(3501, '218', '971', 'Unclaimed', ''),
(3502, '218', '744', 'Unclaimed', ''),
(3503, '218', '753', 'Unclaimed', ''),
(3504, '218', '628', 'Unclaimed', ''),
(3505, '218', '1094', 'Unclaimed', ''),
(3506, '218', '1121', 'Unclaimed', ''),
(3507, '218', '609', 'Unclaimed', ''),
(3508, '218', '1096', 'Unclaimed', ''),
(3509, '218', '174', 'Unclaimed', ''),
(3510, '218', '1077', 'Unclaimed', ''),
(3511, '218', '532', 'Unclaimed', ''),
(3512, '218', '457', 'Unclaimed', ''),
(3513, '218', '1006', 'Unclaimed', ''),
(3514, '218', '1078', 'Unclaimed', ''),
(3515, '218', '1122', 'Unclaimed', ''),
(3516, '219', '745', 'Unclaimed', ''),
(3517, '219', '953', 'Unclaimed', ''),
(3518, '219', '751', 'Unclaimed', ''),
(3519, '219', '1067', 'Unclaimed', ''),
(3520, '219', '1069', 'Unclaimed', ''),
(3521, '219', '1074', 'Unclaimed', ''),
(3522, '219', '332', 'Unclaimed', ''),
(3523, '219', '491', 'Unclaimed', ''),
(3524, '219', '1123', 'Unclaimed', ''),
(3525, '219', '1124', 'Unclaimed', ''),
(3526, '219', '528', 'Unclaimed', ''),
(3527, '219', '1070', 'Unclaimed', ''),
(3528, '219', '982', 'Unclaimed', ''),
(3529, '219', '1125', 'Unclaimed', ''),
(3530, '219', '557', 'Unclaimed', ''),
(3531, '219', '97', 'Unclaimed', ''),
(3532, '219', '99', 'Unclaimed', ''),
(3533, '220', '743', 'Unclaimed', ''),
(3534, '220', '256', 'Unclaimed', ''),
(3535, '220', '972', 'Unclaimed', ''),
(3536, '220', '1022', 'Unclaimed', ''),
(3537, '220', '624', 'Unclaimed', ''),
(3538, '220', '1126', 'Unclaimed', ''),
(3539, '220', '117', 'Unclaimed', ''),
(3540, '220', '1127', 'Unclaimed', ''),
(3541, '220', '550', 'Unclaimed', ''),
(3542, '220', '1128', 'Unclaimed', ''),
(3543, '220', '1129', 'Unclaimed', ''),
(3544, '220', '505', 'Unclaimed', ''),
(3545, '220', '984', 'Unclaimed', ''),
(3546, '220', '419', 'Unclaimed', ''),
(3547, '220', '19', 'Unclaimed', ''),
(3548, '220', '402', 'Unclaimed', ''),
(3549, '220', '543', 'Unclaimed', ''),
(3550, '221', '988', 'Unclaimed', ''),
(3551, '221', '1021', 'Unclaimed', ''),
(3552, '221', '119', 'Unclaimed', ''),
(3553, '221', '1065', 'Unclaimed', ''),
(3554, '221', '1066', 'Unclaimed', ''),
(3555, '221', '334', 'Unclaimed', ''),
(3556, '221', '109', 'Unclaimed', ''),
(3557, '221', '1072', 'Unclaimed', ''),
(3558, '221', '1073', 'Unclaimed', ''),
(3559, '221', '593', 'Unclaimed', ''),
(3560, '221', '496', 'Unclaimed', ''),
(3561, '221', '1027', 'Unclaimed', ''),
(3562, '221', '414', 'Unclaimed', ''),
(3563, '221', '477', 'Unclaimed', ''),
(3564, '221', '1037', 'Unclaimed', ''),
(3565, '221', '449', 'Unclaimed', ''),
(3566, '221', '371', 'Unclaimed', ''),
(3567, '222', '974', 'Unclaimed', ''),
(3568, '222', '799', 'Unclaimed', ''),
(3569, '222', '975', 'Unclaimed', ''),
(3570, '222', '798', 'Unclaimed', ''),
(3571, '222', '801', 'Unclaimed', ''),
(3572, '222', '914', 'Unclaimed', ''),
(3573, '222', '575', 'Unclaimed', ''),
(3574, '222', '576', 'Unclaimed', ''),
(3575, '222', '977', 'Unclaimed', ''),
(3576, '222', '1076', 'Unclaimed', ''),
(3577, '222', '214', 'Unclaimed', ''),
(3578, '222', '1029', 'Unclaimed', ''),
(3579, '222', '503', 'Unclaimed', ''),
(3580, '222', '478', 'Unclaimed', ''),
(3581, '222', '13', 'Unclaimed', ''),
(3582, '222', '380', 'Unclaimed', ''),
(3583, '223', '603', 'Unclaimed', ''),
(3584, '223', '594', 'Unclaimed', ''),
(3585, '223', '626', 'Unclaimed', ''),
(3586, '223', '920', 'Unclaimed', ''),
(3587, '223', '573', 'Unclaimed', ''),
(3588, '223', '602', 'Unclaimed', ''),
(3589, '223', '802', 'Unclaimed', ''),
(3590, '223', '1130', 'Unclaimed', ''),
(3591, '223', '1131', 'Unclaimed', ''),
(3592, '223', '1132', 'Unclaimed', ''),
(3593, '223', '88', 'Unclaimed', ''),
(3594, '223', '1133', 'Unclaimed', ''),
(3595, '223', '91', 'Unclaimed', ''),
(3596, '223', '502', 'Unclaimed', ''),
(3597, '223', '1134', 'Unclaimed', ''),
(3598, '223', '444', 'Unclaimed', ''),
(3599, '224', '1098', 'Unclaimed', ''),
(3600, '224', '1071', 'Unclaimed', ''),
(3601, '224', '601', 'Unclaimed', ''),
(3602, '224', '1099', 'Unclaimed', ''),
(3603, '224', '345', 'Unclaimed', ''),
(3604, '224', '1135', 'Unclaimed', ''),
(3605, '224', '608', 'Unclaimed', ''),
(3606, '224', '1101', 'Unclaimed', ''),
(3607, '224', '620', 'Unclaimed', ''),
(3608, '224', '998', 'Unclaimed', ''),
(3609, '224', '44', 'Unclaimed', ''),
(3610, '224', '1136', 'Unclaimed', ''),
(3611, '224', '1137', 'Unclaimed', ''),
(3612, '224', '475', 'Unclaimed', ''),
(3613, '224', '525', 'Unclaimed', ''),
(3614, '224', '504', 'Unclaimed', ''),
(3615, '224', '16', 'Unclaimed', ''),
(3616, '225', '551', 'Unclaimed', ''),
(3617, '225', '1138', 'Unclaimed', ''),
(3618, '225', '1139', 'Unclaimed', ''),
(3619, '225', '29', 'Unclaimed', ''),
(3620, '225', '417', 'Unclaimed', ''),
(3621, '225', '1140', 'Unclaimed', ''),
(3622, '225', '31', 'Unclaimed', ''),
(3623, '225', '1141', 'Unclaimed', ''),
(3624, '225', '1009', 'Unclaimed', ''),
(3625, '225', '1142', 'Unclaimed', ''),
(3626, '225', '487', 'Unclaimed', ''),
(3627, '225', '401', 'Unclaimed', ''),
(3628, '225', '1143', 'Unclaimed', ''),
(3629, '225', '1144', 'Unclaimed', ''),
(3630, '225', '516', 'Unclaimed', ''),
(3631, '225', '1044', 'Unclaimed', ''),
(3632, '226', '3', 'Unclaimed', ''),
(3633, '226', '999', 'Unclaimed', ''),
(3634, '226', '147', 'Unclaimed', ''),
(3635, '226', '495', 'Unclaimed', ''),
(3636, '226', '966', 'Unclaimed', ''),
(3637, '226', '779', 'Unclaimed', ''),
(3638, '226', '389', 'Unclaimed', ''),
(3639, '226', '1145', 'Unclaimed', ''),
(3640, '226', '26', 'Unclaimed', ''),
(3641, '226', '967', 'Unclaimed', ''),
(3642, '226', '361', 'Unclaimed', ''),
(3643, '226', '782', 'Unclaimed', ''),
(3644, '226', '481', 'Unclaimed', ''),
(3645, '226', '945', 'Unclaimed', ''),
(3646, '226', '1146', 'Unclaimed', ''),
(3647, '226', '254', 'Unclaimed', ''),
(3648, '226', '1147', 'Unclaimed', ''),
(3649, '226', '1148', 'Unclaimed', ''),
(3650, '226', '14', 'Unclaimed', ''),
(3651, '226', '1093', 'Unclaimed', ''),
(3652, '227', '550', 'Unclaimed', ''),
(3653, '227', '552', 'Unclaimed', ''),
(3654, '227', '522', 'Unclaimed', ''),
(3655, '227', '220', 'Unclaimed', ''),
(3656, '227', '440', 'Unclaimed', ''),
(3657, '227', '1149', 'Unclaimed', ''),
(3658, '227', '480', 'Unclaimed', ''),
(3659, '227', '1150', 'Unclaimed', ''),
(3660, '227', '1036', 'Unclaimed', ''),
(3661, '227', '447', 'Unclaimed', ''),
(3662, '227', '202', 'Unclaimed', ''),
(3663, '227', '559', 'Unclaimed', ''),
(3664, '227', '1151', 'Unclaimed', ''),
(3665, '227', '428', 'Unclaimed', ''),
(3666, '227', '1152', 'Unclaimed', ''),
(3667, '227', '544', 'Unclaimed', ''),
(3668, '227', '24', 'Unclaimed', ''),
(3669, '227', '406', 'Unclaimed', ''),
(3670, '227', '562', 'Unclaimed', ''),
(3671, '227', '919', 'Unclaimed', ''),
(3672, '228', '1153', 'Unclaimed', ''),
(3673, '228', '500', 'Unclaimed', ''),
(3674, '228', '30', 'Unclaimed', ''),
(3675, '228', '377', 'Unclaimed', ''),
(3676, '228', '1154', 'Unclaimed', ''),
(3677, '228', '537', 'Unclaimed', ''),
(3678, '228', '1155', 'Unclaimed', ''),
(3679, '228', '483', 'Unclaimed', ''),
(3680, '228', '567', 'Unclaimed', ''),
(3681, '228', '204', 'Unclaimed', ''),
(3682, '228', '514', 'Unclaimed', ''),
(3683, '228', '1040', 'Unclaimed', ''),
(3684, '228', '1079', 'Unclaimed', ''),
(3685, '229', '297', 'Unclaimed', ''),
(3686, '229', '245', 'Unclaimed', ''),
(3687, '229', '555', 'Unclaimed', ''),
(3688, '229', '1156', 'Unclaimed', ''),
(3689, '229', '1157', 'Unclaimed', ''),
(3690, '229', '23', 'Unclaimed', ''),
(3691, '229', '486', 'Unclaimed', ''),
(3692, '229', '255', 'Unclaimed', ''),
(3693, '229', '284', 'Unclaimed', ''),
(3694, '229', '621', 'Unclaimed', ''),
(3695, '230', '1000', 'Unclaimed', ''),
(3696, '230', '1002', 'Unclaimed', ''),
(3697, '230', '791', 'Unclaimed', ''),
(3698, '230', '438', 'Unclaimed', ''),
(3699, '230', '1030', 'Unclaimed', ''),
(3700, '230', '1004', 'Unclaimed', ''),
(3701, '230', '339', 'Unclaimed', ''),
(3702, '230', '467', 'Unclaimed', ''),
(3703, '230', '1005', 'Unclaimed', ''),
(3704, '230', '479', 'Unclaimed', ''),
(3705, '230', '458', 'Unclaimed', ''),
(3706, '230', '93', 'Unclaimed', ''),
(3707, '230', '556', 'Unclaimed', ''),
(3708, '230', '587', 'Unclaimed', ''),
(3709, '230', '938', 'Unclaimed', ''),
(3710, '230', '119', 'Unclaimed', ''),
(3711, '231', '1032', 'Unclaimed', ''),
(3712, '231', '482', 'Unclaimed', ''),
(3713, '231', '536', 'Unclaimed', ''),
(3714, '231', '946', 'Unclaimed', ''),
(3715, '231', '95', 'Unclaimed', ''),
(3716, '231', '1158', 'Unclaimed', ''),
(3717, '231', '1159', 'Unclaimed', ''),
(3718, '231', '368', 'Unclaimed', ''),
(3719, '231', '22', 'Unclaimed', ''),
(3720, '231', '986', 'Unclaimed', ''),
(3721, '231', '937', 'Unclaimed', ''),
(3722, '231', '1160', 'Unclaimed', ''),
(3723, '231', '959', 'Unclaimed', ''),
(3724, '231', '940', 'Unclaimed', ''),
(3725, '232', '1161', 'Unclaimed', 'Issued Certificate (November 26, 2013)'),
(3726, '232', '1162', 'Unclaimed', 'Issued Certificate (November 26, 2013)'),
(3727, '232', '1163', 'Unclaimed', 'Issued Certificate (November 26, 2013)'),
(3728, '232', '1164', 'Unclaimed', 'issued Certificate (November 26, 2013)'),
(3729, '232', '1165', 'Unclaimed', 'Issued Certificate (November 26, 2013)'),
(3730, '232', '1166', 'Unclaimed', 'Issued Certificate (November 26, 2013)'),
(3731, '232', '1167', 'Unclaimed', 'Issued Certificate (November 26, 2013)'),
(3732, '232', '1168', 'Unclaimed', 'Issued Certificate (November 26, 2013)'),
(3733, '232', '1169', 'Unclaimed', 'Issued Certificate (November 26, 2013)'),
(3734, '232', '1170', 'Unclaimed', 'Issued Certificate (November 26, 2013)'),
(3735, '232', '1171', 'Unclaimed', 'Issued Certificate (November 26, 2013)'),
(3736, '232', '1172', 'Unclaimed', 'Issued Certificate (November 26, 2013)'),
(3737, '232', '1173', 'Unclaimed', 'Issued Certificate (November 26, 2013)'),
(3738, '233', '1174', 'Unclaimed', ''),
(3739, '233', '1175', 'Unclaimed', ''),
(3740, '233', '1176', 'Unclaimed', ''),
(3741, '233', '1177', 'Unclaimed', ''),
(3742, '233', '1178', 'Unclaimed', ''),
(3743, '233', '1179', 'Unclaimed', ''),
(3744, '233', '1180', 'Unclaimed', ''),
(3745, '233', '1181', 'Unclaimed', ''),
(3746, '233', '1182', 'Unclaimed', ''),
(3747, '233', '1183', 'Unclaimed', ''),
(3748, '233', '1184', 'Unclaimed', ''),
(3749, '233', '1185', 'Unclaimed', ''),
(3750, '233', '1186', 'Unclaimed', ''),
(3751, '234', '1187', 'Unclaimed', ''),
(3752, '234', '1188', 'Unclaimed', ''),
(3753, '234', '1189', 'Unclaimed', ''),
(3754, '234', '1190', 'Unclaimed', ''),
(3755, '234', '1191', 'Unclaimed', ''),
(3756, '235', '1192', 'Unclaimed', ''),
(3757, '235', '1193', 'Unclaimed', ''),
(3758, '235', '1194', 'Unclaimed', ''),
(3759, '235', '1195', 'Unclaimed', ''),
(3760, '235', '1196', 'Unclaimed', ''),
(3761, '236', '1197', 'Unclaimed', ''),
(3762, '236', '1198', 'Unclaimed', ''),
(3763, '236', '1199', 'Unclaimed', ''),
(3764, '236', '1200', 'Unclaimed', ''),
(3765, '236', '1201', 'Unclaimed', ''),
(3766, '236', '1202', 'Unclaimed', ''),
(3767, '236', '1203', 'Unclaimed', ''),
(3768, '236', '1204', 'Unclaimed', ''),
(3769, '236', '1205', 'Unclaimed', ''),
(3770, '236', '1206', 'Unclaimed', ''),
(3771, '236', '1207', 'Unclaimed', ''),
(3772, '236', '1208', 'Unclaimed', ''),
(3773, '236', '1209', 'Unclaimed', ''),
(3774, '236', '692', 'Unclaimed', ''),
(3775, '236', '1210', 'Unclaimed', ''),
(3776, '237', '1211', 'Unclaimed', ''),
(3777, '237', '1212', 'Unclaimed', ''),
(3778, '237', '1213', 'Unclaimed', ''),
(3779, '237', '1214', 'Unclaimed', ''),
(3780, '237', '1215', 'Unclaimed', ''),
(3781, '237', '1216', 'Unclaimed', ''),
(3782, '237', '1217', 'Unclaimed', ''),
(3796, '238', '1218', 'Unclaimed', ''),
(3797, '238', '1219', 'Unclaimed', ''),
(3798, '238', '1220', 'Unclaimed', ''),
(3799, '238', '1221', 'Unclaimed', ''),
(3800, '238', '1222', 'Unclaimed', ''),
(3801, '238', '1223', 'Unclaimed', ''),
(3802, '238', '1224', 'Unclaimed', ''),
(3803, '238', '1225', 'Unclaimed', ''),
(3804, '238', '1226', 'Unclaimed', ''),
(3805, '238', '1227', 'Unclaimed', ''),
(3806, '238', '1228', 'Unclaimed', ''),
(3807, '238', '1229', 'Unclaimed', ''),
(3808, '238', '1230', 'Unclaimed', ''),
(3811, '239', '1231', 'Unclaimed', '16 hours Training ( 8am - 5pm; 10pm - 6am )'),
(3812, '239', '1232', 'Unclaimed', ''),
(3813, '239', '1233', 'Unclaimed', ''),
(3814, '239', '1234', 'Unclaimed', ''),
(3815, '239', '1235', 'Unclaimed', ''),
(3816, '239', '1236', 'Unclaimed', ''),
(3817, '239', '1237', 'Unclaimed', ''),
(3818, '240', '1238', 'Unclaimed', '16 hours Training ( 8am - 5pm; 10pm - 6am )'),
(3819, '240', '1239', 'Unclaimed', ''),
(3820, '240', '1240', 'Unclaimed', ''),
(3821, '240', '1241', 'Unclaimed', ''),
(3822, '240', '1242', 'Unclaimed', ''),
(3823, '241', '1243', 'Unclaimed', '16 hours Training ( 8am - 5pm; 10pm - 6am )'),
(3824, '241', '1244', 'Unclaimed', ''),
(3825, '241', '1245', 'Unclaimed', ''),
(3826, '241', '1246', 'Unclaimed', ''),
(3827, '242', '1247', 'Unclaimed', '16 hours Trining ( 8am - 5pm; 10pm - 6am )'),
(3828, '242', '1248', 'Unclaimed', ''),
(3829, '242', '1249', 'Unclaimed', ''),
(3830, '242', '1250', 'Unclaimed', ''),
(3831, '242', '1251', 'Unclaimed', ''),
(3832, '242', '1252', 'Unclaimed', ''),
(3833, '242', '1253', 'Unclaimed', ''),
(3834, '243', '1254', 'Unclaimed', '16 hours Training ( 8am - 5pm; 10pm - 6am )'),
(3835, '243', '1255', 'Unclaimed', ''),
(3836, '243', '1256', 'Unclaimed', ''),
(3837, '243', '1257', 'Unclaimed', ''),
(3838, '244', '1258', 'Unclaimed', ''),
(3839, '244', '1259', 'Unclaimed', ''),
(3840, '244', '1260', 'Unclaimed', ''),
(3841, '244', '1261', 'Unclaimed', ''),
(3842, '244', '1262', 'Unclaimed', ''),
(3843, '244', '1263', 'Unclaimed', ''),
(3844, '244', '1264', 'Unclaimed', ''),
(3845, '244', '1265', 'Unclaimed', ''),
(3846, '244', '1266', 'Unclaimed', ''),
(3847, '244', '1267', 'Unclaimed', ''),
(3848, '245', '1268', 'Unclaimed', ''),
(3849, '245', '1269', 'Unclaimed', ''),
(3850, '245', '1270', 'Unclaimed', ''),
(3851, '245', '1271', 'Unclaimed', ''),
(3852, '245', '1272', 'Unclaimed', ''),
(3853, '245', '1273', 'Unclaimed', ''),
(3854, '245', '1274', 'Unclaimed', ''),
(3855, '245', '1275', 'Unclaimed', ''),
(3856, '246', '1276', 'Unclaimed', ''),
(3857, '246', '1277', 'Unclaimed', ''),
(3858, '246', '1278', 'Unclaimed', ''),
(3859, '246', '1279', 'Unclaimed', ''),
(3860, '246', '1280', 'Unclaimed', ''),
(3861, '246', '1281', 'Unclaimed', ''),
(3862, '246', '1282', 'Unclaimed', ''),
(3863, '246', '1283', 'Unclaimed', ''),
(3864, '246', '1284', 'Unclaimed', ''),
(3865, '247', '1285', 'Unclaimed', ''),
(3866, '247', '1286', 'Unclaimed', ''),
(3867, '247', '1287', 'Unclaimed', ''),
(3868, '247', '1288', 'Unclaimed', ''),
(3869, '247', '1289', 'Unclaimed', ''),
(3870, '247', '1290', 'Unclaimed', ''),
(3871, '247', '1291', 'Unclaimed', ''),
(3872, '247', '1292', 'Unclaimed', ''),
(3873, '247', '1293', 'Unclaimed', ''),
(3874, '248', '1294', 'Unclaimed', ''),
(3875, '248', '1295', 'Unclaimed', ''),
(3876, '248', '1296', 'Unclaimed', ''),
(3877, '248', '1297', 'Unclaimed', ''),
(3878, '248', '1298', 'Unclaimed', ''),
(3879, '248', '1299', 'Unclaimed', ''),
(3880, '248', '1300', 'Unclaimed', ''),
(3881, '248', '1301', 'Unclaimed', ''),
(3882, '249', '1302', 'Unclaimed', ''),
(3883, '249', '1303', 'Unclaimed', ''),
(3884, '249', '1304', 'Unclaimed', ''),
(3885, '249', '1305', 'Unclaimed', ''),
(3886, '249', '1306', 'Unclaimed', ''),
(3887, '249', '1307', 'Unclaimed', ''),
(3888, '249', '1308', 'Unclaimed', ''),
(3889, '249', '1309', 'Unclaimed', ''),
(3890, '250', '1310', 'Unclaimed', ''),
(3891, '250', '1311', 'Unclaimed', ''),
(3892, '250', '1312', 'Unclaimed', ''),
(3893, '250', '1313', 'Unclaimed', ''),
(3894, '250', '1314', 'Unclaimed', ''),
(3895, '250', '1315', 'Unclaimed', ''),
(3896, '250', '1316', 'Unclaimed', ''),
(3897, '250', '1317', 'Unclaimed', ''),
(3898, '251', '1318', 'Unclaimed', ''),
(3899, '251', '1319', 'Unclaimed', ''),
(3900, '251', '1320', 'Unclaimed', ''),
(3901, '251', '1321', 'Unclaimed', ''),
(3902, '251', '1322', 'Unclaimed', ''),
(3903, '251', '1323', 'Unclaimed', ''),
(3904, '251', '1324', 'Unclaimed', ''),
(3905, '251', '1325', 'Unclaimed', ''),
(3907, '253', '1327', 'Unclaimed', ''),
(3908, '253', '1328', 'Unclaimed', ''),
(3909, '253', '1329', 'Unclaimed', ''),
(3910, '253', '1330', 'Unclaimed', ''),
(3911, '253', '1331', 'Unclaimed', ''),
(3912, '253', '1332', 'Unclaimed', ''),
(3913, '253', '1333', 'Unclaimed', ''),
(3914, '254', '1334', 'Unclaimed', ''),
(3915, '254', '1335', 'Unclaimed', ''),
(3916, '254', '1336', 'Unclaimed', ''),
(3917, '254', '1337', 'Unclaimed', ''),
(3918, '254', '1338', 'Unclaimed', ''),
(3919, '255', '1339', 'Unclaimed', ''),
(3920, '255', '1340', 'Unclaimed', ''),
(3921, '255', '1341', 'Unclaimed', ''),
(3922, '255', '1342', 'Unclaimed', ''),
(3923, '255', '1343', 'Unclaimed', ''),
(3924, '256', '1344', 'Unclaimed', ''),
(3925, '256', '1345', 'Unclaimed', ''),
(3926, '256', '1346', 'Unclaimed', ''),
(3927, '256', '1347', 'Unclaimed', ''),
(3928, '256', '1348', 'Unclaimed', ''),
(3929, '257', '947', 'Unclaimed', ''),
(3930, '257', '971', 'Unclaimed', ''),
(3931, '257', '949', 'Unclaimed', ''),
(3932, '257', '743', 'Unclaimed', ''),
(3933, '257', '744', 'Unclaimed', ''),
(3934, '257', '1349', 'Unclaimed', ''),
(3935, '257', '1104', 'Unclaimed', ''),
(3936, '257', '953', 'Unclaimed', ''),
(3937, '257', '119', 'Unclaimed', ''),
(3938, '257', '960', 'Unclaimed', ''),
(3939, '257', '256', 'Unclaimed', ''),
(3940, '257', '753', 'Unclaimed', ''),
(3941, '257', '768', 'Unclaimed', ''),
(3942, '257', '992', 'Unclaimed', ''),
(3943, '257', '44', 'Unclaimed', ''),
(3944, '257', '288', 'Unclaimed', ''),
(3945, '257', '1162', 'Unclaimed', ''),
(3946, '257', '474', 'Unclaimed', ''),
(3947, '257', '1169', 'Unclaimed', ''),
(3948, '257', '967', 'Unclaimed', ''),
(3949, '257', '530', 'Unclaimed', ''),
(3950, '257', '397', 'Unclaimed', ''),
(3951, '257', '537', 'Unclaimed', ''),
(3952, '257', '444', 'Unclaimed', ''),
(3953, '257', '511', 'Unclaimed', ''),
(3954, '257', '202', 'Unclaimed', ''),
(3955, '257', '1051', 'Unclaimed', ''),
(3956, '257', '1148', 'Unclaimed', ''),
(3957, '257', '544', 'Unclaimed', ''),
(3958, '257', '1097', 'Unclaimed', ''),
(3959, '257', '793', 'Unclaimed', ''),
(3960, '257', '1350', 'Unclaimed', ''),
(3961, '257', '631', 'Unclaimed', ''),
(3962, '257', '1094', 'Unclaimed', ''),
(3963, '257', '1025', 'Unclaimed', ''),
(3964, '257', '1095', 'Unclaimed', ''),
(3965, '257', '1008', 'Unclaimed', ''),
(3966, '257', '606', 'Unclaimed', ''),
(3967, '257', '117', 'Unclaimed', ''),
(3968, '257', '1351', 'Unclaimed', ''),
(3969, '257', '609', 'Unclaimed', ''),
(3970, '257', '1096', 'Unclaimed', ''),
(3971, '258', '1353', 'Unclaimed', ''),
(3972, '258', '1354', 'Unclaimed', ''),
(3973, '258', '1356', 'Unclaimed', ''),
(3974, '258', '1357', 'Unclaimed', ''),
(3975, '258', '1358', 'Unclaimed', ''),
(3976, '258', '1359', 'Unclaimed', ''),
(3977, '258', '1360', 'Unclaimed', ''),
(3978, '258', '1361', 'Unclaimed', ''),
(3979, '258', '1362', 'Unclaimed', ''),
(3980, '258', '1363', 'Unclaimed', ''),
(3981, '258', '1364', 'Unclaimed', ''),
(3982, '258', '1365', 'Unclaimed', ''),
(3983, '258', '1366', 'Unclaimed', ''),
(3984, '258', '1367', 'Unclaimed', ''),
(3985, '258', '1368', 'Unclaimed', ''),
(3986, '258', '1369', 'Unclaimed', ''),
(3987, '258', '1370', 'Unclaimed', ''),
(3988, '258', '1371', 'Unclaimed', ''),
(3989, '258', '1372', 'Unclaimed', ''),
(3990, '258', '1373', 'Unclaimed', ''),
(3991, '258', '1374', 'Unclaimed', ''),
(3992, '258', '1375', 'Unclaimed', ''),
(3993, '258', '1376', 'Unclaimed', ''),
(3994, '258', '1384', 'Unclaimed', ''),
(3995, '258', '1385', 'Unclaimed', ''),
(3996, '258', '1386', 'Unclaimed', ''),
(3997, '258', '1387', 'Unclaimed', ''),
(3998, '258', '1388', 'Unclaimed', ''),
(3999, '258', '1389', 'Unclaimed', ''),
(4000, '258', '1390', 'Unclaimed', ''),
(4001, '258', '1391', 'Unclaimed', ''),
(4002, '258', '1392', 'Unclaimed', ''),
(4003, '258', '1393', 'Unclaimed', ''),
(4004, '258', '1394', 'Unclaimed', ''),
(4005, '259', '1395', 'Unclaimed', ''),
(4006, '259', '1396', 'Unclaimed', ''),
(4007, '259', '1397', 'Unclaimed', ''),
(4008, '259', '1398', 'Unclaimed', ''),
(4009, '259', '1399', 'Unclaimed', ''),
(4010, '259', '1400', 'Unclaimed', ''),
(4011, '259', '1401', 'Unclaimed', ''),
(4012, '259', '1402', 'Unclaimed', ''),
(4013, '259', '1403', 'Unclaimed', ''),
(4014, '259', '1404', 'Unclaimed', ''),
(4015, '259', '1405', 'Unclaimed', ''),
(4016, '259', '1406', 'Unclaimed', ''),
(4017, '259', '1407', 'Unclaimed', ''),
(4018, '259', '1408', 'Unclaimed', ''),
(4019, '259', '1409', 'Unclaimed', ''),
(4020, '259', '1410', 'Unclaimed', ''),
(4021, '259', '1411', 'Unclaimed', ''),
(4022, '259', '1412', 'Unclaimed', ''),
(4023, '259', '1413', 'Unclaimed', ''),
(4024, '259', '1414', 'Unclaimed', ''),
(4025, '259', '1415', 'Unclaimed', ''),
(4026, '259', '1416', 'Unclaimed', ''),
(4027, '259', '1417', 'Unclaimed', ''),
(4028, '259', '1418', 'Unclaimed', ''),
(4029, '259', '1419', 'Unclaimed', ''),
(4030, '259', '1420', 'Unclaimed', ''),
(4031, '259', '1421', 'Unclaimed', ''),
(4032, '259', '1422', 'Unclaimed', ''),
(4033, '259', '1423', 'Unclaimed', ''),
(4034, '260', '1424', 'Unclaimed', ''),
(4035, '260', '1425', 'Unclaimed', ''),
(4036, '260', '1426', 'Unclaimed', ''),
(4037, '260', '1427', 'Unclaimed', ''),
(4038, '260', '1428', 'Unclaimed', ''),
(4039, '260', '1429', 'Unclaimed', ''),
(4040, '260', '1430', 'Unclaimed', ''),
(4041, '260', '1431', 'Unclaimed', ''),
(4042, '260', '1432', 'Unclaimed', ''),
(4043, '260', '1433', 'Unclaimed', ''),
(4044, '260', '1434', 'Unclaimed', ''),
(4045, '260', '1435', 'Unclaimed', ''),
(4046, '260', '1436', 'Unclaimed', ''),
(4047, '260', '1437', 'Unclaimed', ''),
(4048, '260', '1438', 'Unclaimed', ''),
(4049, '260', '1439', 'Unclaimed', ''),
(4050, '260', '1440', 'Unclaimed', ''),
(4051, '260', '1441', 'Unclaimed', ''),
(4052, '260', '1442', 'Unclaimed', ''),
(4053, '260', '1443', 'Unclaimed', ''),
(4054, '260', '1444', 'Unclaimed', ''),
(4055, '260', '1445', 'Unclaimed', ''),
(4056, '260', '1446', 'Unclaimed', ''),
(4057, '260', '1447', 'Unclaimed', ''),
(4058, '260', '1448', 'Unclaimed', ''),
(4059, '260', '1449', 'Unclaimed', ''),
(4060, '260', '1450', 'Unclaimed', ''),
(4061, '260', '1451', 'Unclaimed', ''),
(4062, '260', '1452', 'Unclaimed', ''),
(4063, '260', '1453', 'Unclaimed', ''),
(4064, '261', '1454', 'Unclaimed', ''),
(4065, '261', '1455', 'Unclaimed', ''),
(4066, '261', '1456', 'Unclaimed', ''),
(4067, '261', '1457', 'Unclaimed', ''),
(4068, '261', '1458', 'Unclaimed', ''),
(4069, '261', '1459', 'Unclaimed', ''),
(4070, '261', '1460', 'Unclaimed', ''),
(4071, '261', '1461', 'Unclaimed', ''),
(4072, '261', '1462', 'Unclaimed', ''),
(4073, '261', '1463', 'Unclaimed', ''),
(4074, '261', '1464', 'Unclaimed', ''),
(4075, '261', '1465', 'Unclaimed', ''),
(4076, '261', '1466', 'Unclaimed', ''),
(4077, '261', '1467', 'Unclaimed', ''),
(4078, '261', '1468', 'Unclaimed', ''),
(4079, '261', '1469', 'Unclaimed', ''),
(4080, '261', '1470', 'Unclaimed', ''),
(4081, '261', '1471', 'Unclaimed', ''),
(4082, '261', '1472', 'Unclaimed', ''),
(4083, '261', '1473', 'Unclaimed', ''),
(4084, '261', '1474', 'Unclaimed', ''),
(4085, '261', '1475', 'Unclaimed', ''),
(4086, '261', '1476', 'Unclaimed', ''),
(4087, '261', '1477', 'Unclaimed', ''),
(4088, '261', '1478', 'Unclaimed', ''),
(4089, '261', '1479', 'Unclaimed', ''),
(4090, '261', '1480', 'Unclaimed', ''),
(4091, '261', '1481', 'Unclaimed', ''),
(4092, '261', '1482', 'Unclaimed', ''),
(4093, '261', '1483', 'Unclaimed', ''),
(4094, '261', '1484', 'Unclaimed', ''),
(4095, '261', '1485', 'Unclaimed', ''),
(4096, '261', '1486', 'Unclaimed', ''),
(4097, '261', '1487', 'Unclaimed', ''),
(4098, '261', '1488', 'Unclaimed', ''),
(4099, '262', '1489', 'Unclaimed', ''),
(4100, '262', '1490', 'Unclaimed', ''),
(4101, '262', '1491', 'Unclaimed', ''),
(4102, '262', '1492', 'Unclaimed', ''),
(4103, '263', '1493', 'Unclaimed', ''),
(4104, '263', '1494', 'Unclaimed', ''),
(4105, '263', '1495', 'Unclaimed', ''),
(4106, '263', '1496', 'Unclaimed', ''),
(4107, '263', '1497', 'Unclaimed', ''),
(4108, '263', '1498', 'Unclaimed', ''),
(4109, '263', '1499', 'Unclaimed', ''),
(4110, '263', '1500', 'Unclaimed', ''),
(4111, '263', '1501', 'Unclaimed', ''),
(4112, '263', '1502', 'Unclaimed', ''),
(4113, '263', '1503', 'Unclaimed', ''),
(4114, '263', '1504', 'Unclaimed', ''),
(4115, '263', '1505', 'Unclaimed', ''),
(4116, '264', '1506', 'Unclaimed', ''),
(4117, '264', '1507', 'Unclaimed', ''),
(4118, '264', '1508', 'Unclaimed', ''),
(4119, '264', '1509', 'Unclaimed', ''),
(4120, '264', '1510', 'Unclaimed', ''),
(4121, '264', '1511', 'Unclaimed', ''),
(4122, '264', '1512', 'Unclaimed', ''),
(4123, '265', '1513', 'Unclaimed', ''),
(4124, '266', '1514', 'Unclaimed', ''),
(4125, '96', '647', 'Unclaimed', NULL),
(4126, '252', '1326', 'Unclaimed', 'Issued Certificate \r\n(May  9, 2014)'),
(4134, '122', '734', 'Unclaimed', NULL),
(4135, '122', '735', 'Unclaimed', NULL),
(4136, '122', '736', 'Unclaimed', NULL),
(4137, '122', '773', 'Unclaimed', NULL),
(4138, '122', '738', 'Unclaimed', NULL),
(4139, '122', '739', 'Unclaimed', NULL),
(4140, '122', '740', 'Unclaimed', NULL),
(4141, '46', '86', 'Unclaimed', NULL),
(4142, '46', '102', 'Unclaimed', NULL),
(4143, '46', '103', 'Unclaimed', NULL),
(4144, '46', '4', 'Unclaimed', NULL),
(4145, '46', '105', 'Unclaimed', NULL),
(4146, '46', '106', 'Unclaimed', NULL),
(4147, '46', '107', 'Unclaimed', NULL),
(4148, '46', '108', 'Unclaimed', NULL),
(4149, '46', '109', 'Unclaimed', NULL),
(4150, '46', '110', 'Unclaimed', NULL),
(4151, '46', '111', 'Unclaimed', NULL),
(4152, '46', '112', 'Unclaimed', NULL),
(4153, '46', '113', 'Unclaimed', NULL),
(4154, '46', '114', 'Unclaimed', NULL),
(4155, '46', '115', 'Unclaimed', NULL),
(4156, '46', '116', 'Unclaimed', NULL),
(4157, '46', '117', 'Unclaimed', NULL),
(4158, '46', '118', 'Unclaimed', NULL),
(4159, '46', '119', 'Unclaimed', NULL),
(4160, '46', '120', 'Unclaimed', NULL),
(4161, '46', '121', 'Unclaimed', NULL),
(4162, '46', '122', 'Unclaimed', NULL),
(4163, '46', '123', 'Unclaimed', NULL),
(4164, '46', '124', 'Unclaimed', NULL),
(4165, '46', '125', 'Unclaimed', NULL),
(4166, '46', '126', 'Unclaimed', NULL),
(4167, '46', '127', 'Unclaimed', NULL),
(4168, '267', '1515', 'Unclaimed', ''),
(4169, '268', '1516', 'Unclaimed', ''),
(4170, '269', '1517', 'Unclaimed', ''),
(4171, '269', '1518', 'Unclaimed', ''),
(4172, '269', '1519', 'Unclaimed', ''),
(4173, '270', '1520', 'Unclaimed', ''),
(4174, '270', '1521', 'Unclaimed', ''),
(4175, '270', '1522', 'Unclaimed', ''),
(4176, '270', '1523', 'Unclaimed', ''),
(4177, '270', '1524', 'Unclaimed', ''),
(4178, '270', '1525', 'Unclaimed', ''),
(4179, '270', '1526', 'Unclaimed', ''),
(4180, '270', '1527', 'Unclaimed', ''),
(4181, '270', '1528', 'Unclaimed', ''),
(4182, '270', '1529', 'Unclaimed', ''),
(4183, '271', '1530', 'Unclaimed', ''),
(4184, '271', '1531', 'Unclaimed', ''),
(4185, '271', '1532', 'Unclaimed', ''),
(4186, '271', '1533', 'Unclaimed', ''),
(4187, '271', '1534', 'Unclaimed', ''),
(4188, '272', '1535', 'Unclaimed', ''),
(4189, '272', '1536', 'Unclaimed', ''),
(4190, '272', '1537', 'Unclaimed', ''),
(4191, '272', '1538', 'Unclaimed', ''),
(4192, '272', '1539', 'Unclaimed', ''),
(4193, '272', '1540', 'Unclaimed', ''),
(4194, '272', '1541', 'Unclaimed', ''),
(4195, '272', '1542', 'Unclaimed', ''),
(4196, '273', '1543', 'Unclaimed', ''),
(4197, '273', '1544', 'Unclaimed', ''),
(4198, '273', '1545', 'Unclaimed', ''),
(4199, '273', '1546', 'Unclaimed', ''),
(4200, '273', '1547', 'Unclaimed', ''),
(4201, '273', '1548', 'Unclaimed', ''),
(4202, '273', '1549', 'Unclaimed', ''),
(4203, '273', '1550', 'Unclaimed', ''),
(4204, '273', '1551', 'Unclaimed', ''),
(4205, '273', '1552', 'Unclaimed', ''),
(4206, '273', '1553', 'Unclaimed', ''),
(4207, '273', '1554', 'Unclaimed', ''),
(4208, '273', '1555', 'Unclaimed', ''),
(4209, '273', '1556', 'Unclaimed', ''),
(4210, '273', '1557', 'Unclaimed', ''),
(4211, '273', '1558', 'Unclaimed', ''),
(4212, '273', '1559', 'Unclaimed', ''),
(4213, '273', '1560', 'Unclaimed', ''),
(4214, '273', '1561', 'Unclaimed', ''),
(4215, '273', '1562', 'Unclaimed', ''),
(4216, '273', '1563', 'Unclaimed', ''),
(4217, '273', '1564', 'Unclaimed', ''),
(4218, '273', '1565', 'Unclaimed', ''),
(4219, '273', '1566', 'Unclaimed', ''),
(4220, '273', '1567', 'Unclaimed', ''),
(4221, '273', '1568', 'Unclaimed', ''),
(4222, '273', '1569', 'Unclaimed', ''),
(4223, '273', '1570', 'Unclaimed', ''),
(4224, '273', '1571', 'Unclaimed', ''),
(4225, '273', '1572', 'Unclaimed', ''),
(4226, '273', '1573', 'Unclaimed', ''),
(4227, '273', '1574', 'Unclaimed', ''),
(4228, '273', '1575', 'Unclaimed', ''),
(4229, '273', '1576', 'Unclaimed', ''),
(4230, '273', '1577', 'Unclaimed', ''),
(4231, '273', '1578', 'Unclaimed', ''),
(4232, '273', '1579', 'Unclaimed', ''),
(4233, '273', '1580', 'Unclaimed', ''),
(4234, '273', '1581', 'Unclaimed', ''),
(4235, '273', '1582', 'Unclaimed', ''),
(4236, '273', '1583', 'Unclaimed', ''),
(4237, '274', '1584', 'Unclaimed', ''),
(4238, '274', '1585', 'Unclaimed', ''),
(4239, '274', '1586', 'Unclaimed', ''),
(4240, '274', '1587', 'Unclaimed', ''),
(4241, '274', '1588', 'Unclaimed', ''),
(4242, '274', '1589', 'Unclaimed', ''),
(4243, '274', '1590', 'Unclaimed', ''),
(4244, '274', '1591', 'Unclaimed', ''),
(4245, '274', '1592', 'Unclaimed', ''),
(4246, '274', '1593', 'Unclaimed', ''),
(4247, '274', '1594', 'Unclaimed', ''),
(4248, '274', '1595', 'Unclaimed', ''),
(4249, '274', '1596', 'Unclaimed', ''),
(4250, '274', '1597', 'Unclaimed', ''),
(4251, '274', '1599', 'Unclaimed', ''),
(4252, '274', '1600', 'Unclaimed', ''),
(4253, '274', '1601', 'Unclaimed', ''),
(4254, '274', '1602', 'Unclaimed', ''),
(4255, '274', '1603', 'Unclaimed', ''),
(4256, '274', '1604', 'Unclaimed', ''),
(4257, '274', '1605', 'Unclaimed', ''),
(4258, '274', '1606', 'Unclaimed', ''),
(4259, '274', '1607', 'Unclaimed', ''),
(4260, '274', '1608', 'Unclaimed', ''),
(4261, '274', '1609', 'Unclaimed', ''),
(4262, '274', '1610', 'Unclaimed', ''),
(4263, '274', '1611', 'Unclaimed', ''),
(4264, '274', '1612', 'Unclaimed', ''),
(4265, '274', '1613', 'Unclaimed', ''),
(4266, '274', '1614', 'Unclaimed', ''),
(4267, '274', '1615', 'Unclaimed', ''),
(4268, '274', '1616', 'Unclaimed', ''),
(4269, '274', '1617', 'Unclaimed', ''),
(4270, '274', '1618', 'Unclaimed', ''),
(4271, '274', '1619', 'Unclaimed', ''),
(4272, '274', '1620', 'Unclaimed', ''),
(4273, '274', '1621', 'Unclaimed', ''),
(4274, '274', '1622', 'Unclaimed', ''),
(4275, '274', '1623', 'Unclaimed', ''),
(4276, '274', '1624', 'Unclaimed', ''),
(4277, '274', '1625', 'Unclaimed', ''),
(4278, '274', '1626', 'Unclaimed', ''),
(4279, '275', '1627', 'Unclaimed', ''),
(4280, '275', '1628', 'Unclaimed', ''),
(4281, '275', '1629', 'Unclaimed', ''),
(4282, '275', '1630', 'Unclaimed', ''),
(4283, '275', '1631', 'Unclaimed', ''),
(4284, '275', '1632', 'Unclaimed', ''),
(4285, '275', '1633', 'Unclaimed', ''),
(4286, '275', '1634', 'Unclaimed', ''),
(4287, '275', '1635', 'Unclaimed', ''),
(4288, '275', '1636', 'Unclaimed', ''),
(4289, '275', '1637', 'Unclaimed', ''),
(4290, '275', '1638', 'Unclaimed', ''),
(4291, '275', '1639', 'Unclaimed', ''),
(4292, '275', '1640', 'Unclaimed', ''),
(4293, '275', '1641', 'Unclaimed', ''),
(4294, '275', '1642', 'Unclaimed', ''),
(4295, '275', '1643', 'Unclaimed', ''),
(4296, '275', '1644', 'Unclaimed', ''),
(4297, '275', '1645', 'Unclaimed', ''),
(4298, '275', '1646', 'Unclaimed', ''),
(4299, '275', '1647', 'Unclaimed', ''),
(4300, '275', '1648', 'Unclaimed', ''),
(4301, '275', '1649', 'Unclaimed', ''),
(4302, '275', '1650', 'Unclaimed', ''),
(4303, '275', '1651', 'Unclaimed', ''),
(4304, '275', '1652', 'Unclaimed', ''),
(4305, '275', '1653', 'Unclaimed', ''),
(4306, '275', '1654', 'Unclaimed', ''),
(4307, '275', '1655', 'Unclaimed', ''),
(4308, '275', '1656', 'Unclaimed', ''),
(4309, '275', '1657', 'Unclaimed', ''),
(4310, '275', '1658', 'Unclaimed', ''),
(4311, '275', '1659', 'Unclaimed', ''),
(4312, '275', '1660', 'Unclaimed', ''),
(4313, '275', '1661', 'Unclaimed', ''),
(4314, '275', '1662', 'Unclaimed', ''),
(4315, '275', '1663', 'Unclaimed', ''),
(4316, '275', '1664', 'Unclaimed', ''),
(4317, '275', '1665', 'Unclaimed', ''),
(4318, '275', '1666', 'Unclaimed', ''),
(4319, '275', '1667', 'Unclaimed', ''),
(4320, '275', '1668', 'Unclaimed', ''),
(4321, '275', '1669', 'Unclaimed', ''),
(4322, '275', '1670', 'Unclaimed', ''),
(4323, '275', '1671', 'Unclaimed', ''),
(4324, '275', '1672', 'Unclaimed', ''),
(4325, '276', '1673', 'Unclaimed', ''),
(4326, '276', '1674', 'Unclaimed', ''),
(4327, '276', '1675', 'Unclaimed', ''),
(4328, '276', '1676', 'Unclaimed', ''),
(4329, '276', '1677', 'Unclaimed', ''),
(4330, '276', '1678', 'Unclaimed', ''),
(4331, '276', '1679', 'Unclaimed', ''),
(4332, '276', '1680', 'Unclaimed', ''),
(4333, '276', '1681', 'Unclaimed', ''),
(4334, '276', '1682', 'Unclaimed', ''),
(4335, '276', '1683', 'Unclaimed', ''),
(4336, '276', '1684', 'Unclaimed', ''),
(4337, '276', '1685', 'Unclaimed', ''),
(4338, '276', '1686', 'Unclaimed', ''),
(4339, '276', '1687', 'Unclaimed', ''),
(4340, '276', '1688', 'Unclaimed', ''),
(4341, '276', '1689', 'Unclaimed', ''),
(4342, '276', '1690', 'Unclaimed', ''),
(4343, '276', '1691', 'Unclaimed', ''),
(4344, '276', '1692', 'Unclaimed', ''),
(4345, '276', '1693', 'Unclaimed', ''),
(4346, '276', '1694', 'Unclaimed', ''),
(4347, '276', '1695', 'Unclaimed', ''),
(4348, '276', '1696', 'Unclaimed', ''),
(4349, '276', '1697', 'Unclaimed', ''),
(4350, '276', '1698', 'Unclaimed', ''),
(4351, '276', '1699', 'Unclaimed', ''),
(4352, '276', '1700', 'Unclaimed', ''),
(4353, '276', '1701', 'Unclaimed', ''),
(4354, '276', '1702', 'Unclaimed', ''),
(4355, '276', '1703', 'Unclaimed', ''),
(4356, '276', '1704', 'Unclaimed', ''),
(4357, '276', '1705', 'Unclaimed', ''),
(4358, '276', '1706', 'Unclaimed', ''),
(4359, '276', '1707', 'Unclaimed', ''),
(4360, '276', '1708', 'Unclaimed', ''),
(4361, '276', '1709', 'Unclaimed', ''),
(4362, '276', '1710', 'Unclaimed', ''),
(4363, '276', '1711', 'Unclaimed', ''),
(4364, '276', '1712', 'Unclaimed', ''),
(4365, '276', '1713', 'Unclaimed', ''),
(4366, '276', '1714', 'Unclaimed', ''),
(4367, '276', '1715', 'Unclaimed', ''),
(4368, '277', '1716', 'Unclaimed', ''),
(4369, '277', '1717', 'Unclaimed', ''),
(4370, '277', '1718', 'Unclaimed', ''),
(4371, '277', '1719', 'Unclaimed', ''),
(4372, '277', '1720', 'Unclaimed', ''),
(4373, '277', '1721', 'Unclaimed', ''),
(4374, '277', '1722', 'Unclaimed', ''),
(4375, '277', '1723', 'Unclaimed', ''),
(4376, '277', '1724', 'Unclaimed', ''),
(4377, '277', '1725', 'Unclaimed', ''),
(4378, '277', '1726', 'Unclaimed', ''),
(4379, '277', '1727', 'Unclaimed', ''),
(4380, '277', '1728', 'Unclaimed', ''),
(4381, '277', '1729', 'Unclaimed', ''),
(4382, '277', '1730', 'Unclaimed', ''),
(4383, '277', '1731', 'Unclaimed', ''),
(4384, '277', '1732', 'Unclaimed', ''),
(4385, '277', '1733', 'Unclaimed', ''),
(4386, '277', '1734', 'Unclaimed', ''),
(4387, '277', '1735', 'Unclaimed', ''),
(4388, '277', '1736', 'Unclaimed', ''),
(4389, '277', '1737', 'Unclaimed', ''),
(4390, '277', '1738', 'Unclaimed', ''),
(4391, '277', '1739', 'Unclaimed', ''),
(4392, '277', '1740', 'Unclaimed', ''),
(4393, '277', '1741', 'Unclaimed', ''),
(4394, '277', '1742', 'Unclaimed', ''),
(4395, '277', '1743', 'Unclaimed', ''),
(4396, '277', '1744', 'Unclaimed', ''),
(4397, '277', '1745', 'Unclaimed', ''),
(4398, '277', '1746', 'Unclaimed', ''),
(4399, '277', '1747', 'Unclaimed', ''),
(4400, '277', '1748', 'Unclaimed', ''),
(4401, '277', '1749', 'Unclaimed', ''),
(4402, '277', '1750', 'Unclaimed', ''),
(4403, '277', '1751', 'Unclaimed', ''),
(4404, '277', '1752', 'Unclaimed', ''),
(4405, '277', '1753', 'Unclaimed', ''),
(4406, '277', '1754', 'Unclaimed', ''),
(4407, '277', '1755', 'Unclaimed', ''),
(4408, '277', '1756', 'Unclaimed', ''),
(4409, '277', '1757', 'Unclaimed', ''),
(4410, '277', '1758', 'Unclaimed', ''),
(4411, '277', '1759', 'Unclaimed', ''),
(4412, '277', '1760', 'Unclaimed', ''),
(4413, '278', '1761', 'Unclaimed', ''),
(4414, '278', '1762', 'Unclaimed', ''),
(4415, '278', '1763', 'Unclaimed', ''),
(4416, '278', '1764', 'Unclaimed', ''),
(4417, '278', '1765', 'Unclaimed', ''),
(4418, '278', '1766', 'Unclaimed', ''),
(4419, '278', '1767', 'Unclaimed', ''),
(4420, '278', '1768', 'Unclaimed', '');
INSERT INTO `class_list` (`id`, `training_events_id`, `trainee_id`, `diploma_release`, `remarks`) VALUES
(4421, '278', '1769', 'Unclaimed', ''),
(4422, '278', '1770', 'Unclaimed', ''),
(4423, '278', '1771', 'Unclaimed', ''),
(4424, '278', '1772', 'Unclaimed', ''),
(4425, '278', '1773', 'Unclaimed', ''),
(4426, '278', '1774', 'Unclaimed', ''),
(4427, '278', '1775', 'Unclaimed', ''),
(4428, '278', '1776', 'Unclaimed', ''),
(4429, '278', '1777', 'Unclaimed', ''),
(4430, '278', '1778', 'Unclaimed', ''),
(4431, '278', '1779', 'Unclaimed', ''),
(4432, '278', '1780', 'Unclaimed', ''),
(4433, '278', '1781', 'Unclaimed', ''),
(4434, '278', '1782', 'Unclaimed', ''),
(4435, '278', '1783', 'Unclaimed', ''),
(4436, '278', '1784', 'Unclaimed', ''),
(4437, '278', '1785', 'Unclaimed', ''),
(4438, '278', '1786', 'Unclaimed', ''),
(4439, '278', '1787', 'Unclaimed', ''),
(4440, '278', '1788', 'Unclaimed', ''),
(4441, '278', '1789', 'Unclaimed', ''),
(4442, '278', '1790', 'Unclaimed', ''),
(4443, '278', '1791', 'Unclaimed', ''),
(4444, '278', '1792', 'Unclaimed', ''),
(4445, '278', '1793', 'Unclaimed', ''),
(4446, '278', '1794', 'Unclaimed', ''),
(4447, '278', '1795', 'Unclaimed', ''),
(4448, '278', '1796', 'Unclaimed', ''),
(4449, '278', '1797', 'Unclaimed', ''),
(4450, '278', '1798', 'Unclaimed', ''),
(4451, '278', '1799', 'Unclaimed', ''),
(4452, '278', '1800', 'Unclaimed', ''),
(4453, '278', '1801', 'Unclaimed', ''),
(4454, '278', '1802', 'Unclaimed', ''),
(4455, '278', '1803', 'Unclaimed', ''),
(4456, '278', '1804', 'Unclaimed', ''),
(4457, '278', '1805', 'Unclaimed', ''),
(4488, '279', '1806', 'Unclaimed', ''),
(4489, '279', '1807', 'Unclaimed', ''),
(4490, '279', '1808', 'Unclaimed', ''),
(4491, '279', '1809', 'Unclaimed', ''),
(4492, '279', '1810', 'Unclaimed', ''),
(4493, '279', '1811', 'Unclaimed', ''),
(4494, '279', '1812', 'Unclaimed', ''),
(4495, '279', '1813', 'Unclaimed', ''),
(4496, '279', '1814', 'Unclaimed', ''),
(4497, '279', '1815', 'Unclaimed', ''),
(4498, '279', '1816', 'Unclaimed', ''),
(4499, '279', '1817', 'Unclaimed', ''),
(4500, '279', '1818', 'Unclaimed', ''),
(4501, '279', '1819', 'Unclaimed', ''),
(4502, '279', '1820', 'Unclaimed', ''),
(4503, '279', '1821', 'Unclaimed', ''),
(4504, '279', '1822', 'Unclaimed', ''),
(4505, '279', '1823', 'Unclaimed', ''),
(4506, '279', '1824', 'Unclaimed', ''),
(4507, '279', '1825', 'Unclaimed', ''),
(4508, '279', '1826', 'Unclaimed', ''),
(4509, '279', '1827', 'Unclaimed', ''),
(4510, '279', '1828', 'Unclaimed', ''),
(4511, '279', '1829', 'Unclaimed', ''),
(4512, '279', '1830', 'Unclaimed', ''),
(4513, '279', '1831', 'Unclaimed', ''),
(4514, '279', '1832', 'Unclaimed', ''),
(4515, '279', '1833', 'Unclaimed', ''),
(4516, '279', '1834', 'Unclaimed', ''),
(4517, '279', '1835', 'Unclaimed', ''),
(4519, '280', '1836', 'Unclaimed', ''),
(4520, '280', '1837', 'Unclaimed', ''),
(4521, '280', '1838', 'Unclaimed', ''),
(4522, '280', '1839', 'Unclaimed', ''),
(4523, '280', '1840', 'Unclaimed', ''),
(4524, '280', '1841', 'Unclaimed', ''),
(4525, '280', '1842', 'Unclaimed', ''),
(4526, '280', '1843', 'Unclaimed', ''),
(4527, '280', '1844', 'Unclaimed', ''),
(4528, '280', '1845', 'Unclaimed', ''),
(4529, '280', '1846', 'Unclaimed', ''),
(4530, '280', '1847', 'Unclaimed', ''),
(4531, '280', '1848', 'Unclaimed', ''),
(4532, '280', '1849', 'Unclaimed', ''),
(4533, '280', '1850', 'Unclaimed', ''),
(4534, '280', '1851', 'Unclaimed', ''),
(4535, '280', '1852', 'Unclaimed', ''),
(4536, '280', '1853', 'Unclaimed', ''),
(4537, '280', '1854', 'Unclaimed', ''),
(4538, '280', '1855', 'Unclaimed', ''),
(4539, '280', '1856', 'Unclaimed', ''),
(4540, '280', '1857', 'Unclaimed', ''),
(4541, '280', '1858', 'Unclaimed', ''),
(4542, '280', '1859', 'Unclaimed', ''),
(4543, '280', '1860', 'Unclaimed', ''),
(4544, '280', '1861', 'Unclaimed', ''),
(4545, '281', '1862', 'Unclaimed', ''),
(4546, '281', '1863', 'Unclaimed', ''),
(4547, '281', '1864', 'Unclaimed', ''),
(4548, '281', '1865', 'Unclaimed', ''),
(4549, '281', '1866', 'Unclaimed', ''),
(4550, '281', '1867', 'Unclaimed', ''),
(4551, '281', '1868', 'Unclaimed', ''),
(4552, '281', '1869', 'Unclaimed', ''),
(4553, '281', '1870', 'Unclaimed', ''),
(4554, '281', '1871', 'Unclaimed', ''),
(4555, '281', '1872', 'Unclaimed', ''),
(4556, '281', '1873', 'Unclaimed', ''),
(4557, '281', '1874', 'Unclaimed', ''),
(4558, '281', '1875', 'Unclaimed', ''),
(4559, '281', '1876', 'Unclaimed', ''),
(4560, '281', '1877', 'Unclaimed', ''),
(4561, '281', '1878', 'Unclaimed', ''),
(4562, '281', '1879', 'Unclaimed', ''),
(4563, '281', '1880', 'Unclaimed', ''),
(4564, '281', '1881', 'Unclaimed', ''),
(4565, '281', '1882', 'Unclaimed', ''),
(4566, '281', '1883', 'Unclaimed', ''),
(4567, '281', '1884', 'Unclaimed', ''),
(4568, '281', '1885', 'Unclaimed', ''),
(4569, '281', '1886', 'Unclaimed', ''),
(4570, '281', '1887', 'Unclaimed', ''),
(4571, '281', '1888', 'Unclaimed', ''),
(4572, '281', '1889', 'Unclaimed', ''),
(4573, '281', '1890', 'Unclaimed', ''),
(4574, '281', '1891', 'Unclaimed', ''),
(4575, '281', '1892', 'Unclaimed', ''),
(4576, '281', '1893', 'Unclaimed', ''),
(4577, '281', '1894', 'Unclaimed', ''),
(4578, '282', '1895', 'Unclaimed', ''),
(4579, '282', '1896', 'Unclaimed', ''),
(4580, '282', '1897', 'Unclaimed', ''),
(4581, '282', '1898', 'Unclaimed', ''),
(4582, '282', '1899', 'Unclaimed', ''),
(4583, '282', '1900', 'Unclaimed', ''),
(4584, '282', '1901', 'Unclaimed', ''),
(4585, '282', '1902', 'Unclaimed', ''),
(4586, '282', '1903', 'Unclaimed', ''),
(4587, '282', '1904', 'Unclaimed', ''),
(4588, '282', '1905', 'Unclaimed', ''),
(4589, '282', '1906', 'Unclaimed', ''),
(4590, '282', '1907', 'Unclaimed', ''),
(4591, '282', '1908', 'Unclaimed', ''),
(4592, '282', '1909', 'Unclaimed', ''),
(4593, '282', '1910', 'Unclaimed', ''),
(4594, '282', '1911', 'Unclaimed', ''),
(4595, '282', '1912', 'Unclaimed', ''),
(4596, '282', '1913', 'Unclaimed', ''),
(4597, '282', '1914', 'Unclaimed', ''),
(4598, '282', '1915', 'Unclaimed', ''),
(4599, '282', '1916', 'Unclaimed', ''),
(4600, '282', '1917', 'Unclaimed', ''),
(4601, '282', '1918', 'Unclaimed', ''),
(4602, '282', '1919', 'Unclaimed', ''),
(4603, '282', '1920', 'Unclaimed', ''),
(4604, '282', '1921', 'Unclaimed', ''),
(4605, '282', '1922', 'Unclaimed', ''),
(4606, '282', '1923', 'Unclaimed', ''),
(4607, '282', '1924', 'Unclaimed', ''),
(4608, '283', '1925', 'Unclaimed', ''),
(4609, '283', '1926', 'Unclaimed', ''),
(4610, '283', '1927', 'Unclaimed', ''),
(4611, '283', '1928', 'Unclaimed', ''),
(4612, '283', '1929', 'Unclaimed', ''),
(4613, '283', '1930', 'Unclaimed', ''),
(4614, '283', '1931', 'Unclaimed', ''),
(4615, '283', '1932', 'Unclaimed', ''),
(4616, '283', '1933', 'Unclaimed', ''),
(4617, '283', '1934', 'Unclaimed', ''),
(4618, '283', '1935', 'Unclaimed', ''),
(4619, '284', '1936', 'Unclaimed', ''),
(4620, '284', '1937', 'Unclaimed', ''),
(4621, '284', '1938', 'Unclaimed', ''),
(4622, '284', '1939', 'Unclaimed', ''),
(4623, '284', '1940', 'Unclaimed', ''),
(4624, '284', '1941', 'Unclaimed', ''),
(4625, '285', '1942', 'Unclaimed', ''),
(4626, '285', '1943', 'Unclaimed', ''),
(4627, '285', '1944', 'Unclaimed', ''),
(4628, '285', '1945', 'Unclaimed', ''),
(4629, '285', '1946', 'Unclaimed', ''),
(4630, '285', '1947', 'Unclaimed', ''),
(4631, '286', '1948', 'Unclaimed', ''),
(4632, '286', '1949', 'Unclaimed', ''),
(4633, '286', '1950', 'Unclaimed', ''),
(4634, '286', '1951', 'Unclaimed', ''),
(4635, '286', '1952', 'Unclaimed', ''),
(4636, '286', '1953', 'Unclaimed', ''),
(4637, '287', '1954', 'Unclaimed', ''),
(4638, '287', '1955', 'Unclaimed', ''),
(4639, '287', '1956', 'Unclaimed', ''),
(4640, '287', '1957', 'Unclaimed', ''),
(4641, '287', '1958', 'Unclaimed', ''),
(4642, '287', '1959', 'Unclaimed', ''),
(4643, '288', '1960', 'Unclaimed', ''),
(4644, '288', '1961', 'Unclaimed', ''),
(4645, '288', '1962', 'Unclaimed', ''),
(4646, '288', '1963', 'Unclaimed', ''),
(4647, '288', '1964', 'Unclaimed', ''),
(4648, '288', '1965', 'Unclaimed', ''),
(4649, '289', '1966', 'Unclaimed', ''),
(4650, '289', '1967', 'Unclaimed', ''),
(4651, '289', '1968', 'Unclaimed', ''),
(4652, '289', '1969', 'Unclaimed', ''),
(4653, '289', '1970', 'Unclaimed', ''),
(4654, '289', '1971', 'Unclaimed', ''),
(4655, '290', '1972', 'Unclaimed', ''),
(4656, '290', '1973', 'Unclaimed', ''),
(4657, '290', '1974', 'Unclaimed', ''),
(4658, '290', '1975', 'Unclaimed', ''),
(4659, '290', '1976', 'Unclaimed', ''),
(4660, '290', '1977', 'Unclaimed', ''),
(4661, '291', '1978', 'Unclaimed', ''),
(4662, '291', '1979', 'Unclaimed', ''),
(4663, '291', '1980', 'Unclaimed', ''),
(4664, '291', '1981', 'Unclaimed', ''),
(4665, '291', '1982', 'Unclaimed', ''),
(4666, '291', '1983', 'Unclaimed', ''),
(4667, '292', '1984', 'Unclaimed', ''),
(4668, '292', '1985', 'Claimed', ''),
(4669, '292', '1986', 'Unclaimed', ''),
(4670, '292', '1987', 'Unclaimed', ''),
(4671, '292', '1988', 'Unclaimed', ''),
(4672, '292', '1989', 'Unclaimed', ''),
(4673, '292', '1990', 'Unclaimed', ''),
(4674, '292', '1991', 'Unclaimed', ''),
(4675, '293', '1992', 'Unclaimed', ''),
(4676, '293', '1993', 'Unclaimed', ''),
(4677, '293', '1994', 'Unclaimed', ''),
(4678, '293', '1995', 'Unclaimed', ''),
(4679, '293', '1996', 'Unclaimed', ''),
(4680, '293', '1997', 'Unclaimed', ''),
(4681, '293', '1998', 'Unclaimed', ''),
(4682, '293', '1999', 'Unclaimed', ''),
(4683, '293', '2000', 'Unclaimed', ''),
(4684, '293', '2001', 'Unclaimed', ''),
(4685, '293', '2002', 'Unclaimed', ''),
(4686, '293', '2003', 'Unclaimed', ''),
(4687, '293', '2004', 'Unclaimed', ''),
(4688, '293', '2005', 'Unclaimed', ''),
(4689, '293', '2006', 'Unclaimed', ''),
(4690, '293', '2007', 'Unclaimed', ''),
(4691, '293', '2008', 'Unclaimed', ''),
(4692, '293', '2009', 'Unclaimed', ''),
(4693, '293', '2010', 'Unclaimed', ''),
(4694, '293', '2011', 'Unclaimed', ''),
(4695, '293', '2012', 'Unclaimed', ''),
(4696, '293', '2013', 'Unclaimed', ''),
(4697, '293', '2014', 'Unclaimed', ''),
(4698, '294', '2015', 'Unclaimed', ''),
(4699, '294', '2016', 'Unclaimed', ''),
(4700, '294', '2017', 'Unclaimed', ''),
(4701, '294', '2018', 'Unclaimed', ''),
(4702, '294', '2019', 'Unclaimed', ''),
(4703, '294', '2020', 'Unclaimed', ''),
(4704, '294', '2021', 'Unclaimed', ''),
(4705, '294', '2022', 'Unclaimed', ''),
(4706, '294', '2023', 'Unclaimed', ''),
(4707, '294', '2024', 'Unclaimed', ''),
(4708, '294', '2025', 'Unclaimed', ''),
(4709, '294', '2026', 'Unclaimed', ''),
(4710, '294', '2027', 'Unclaimed', ''),
(4711, '294', '2028', 'Unclaimed', ''),
(4712, '294', '2029', 'Unclaimed', ''),
(4713, '294', '2030', 'Unclaimed', ''),
(4714, '294', '2031', 'Unclaimed', ''),
(4715, '294', '2032', 'Unclaimed', ''),
(4716, '294', '2033', 'Unclaimed', ''),
(4717, '294', '2034', 'Unclaimed', ''),
(4718, '294', '2035', 'Unclaimed', ''),
(4719, '294', '2036', 'Unclaimed', ''),
(4720, '294', '2037', 'Unclaimed', ''),
(4721, '294', '2038', 'Unclaimed', ''),
(4722, '294', '2039', 'Unclaimed', ''),
(4723, '294', '2040', 'Unclaimed', ''),
(4724, '294', '2041', 'Unclaimed', ''),
(4725, '294', '2042', 'Unclaimed', ''),
(4726, '294', '2043', 'Unclaimed', ''),
(4727, '294', '2044', 'Unclaimed', ''),
(4728, '294', '2045', 'Unclaimed', ''),
(4729, '294', '2046', 'Unclaimed', ''),
(4730, '294', '2047', 'Unclaimed', ''),
(4731, '294', '2048', 'Unclaimed', ''),
(4732, '294', '2049', 'Unclaimed', ''),
(4733, '294', '2050', 'Unclaimed', ''),
(4734, '294', '2051', 'Unclaimed', ''),
(4735, '294', '2052', 'Unclaimed', ''),
(4736, '294', '2053', 'Unclaimed', ''),
(4737, '294', '2054', 'Unclaimed', ''),
(4738, '294', '2055', 'Unclaimed', ''),
(4739, '294', '2056', 'Unclaimed', ''),
(4740, '294', '2057', 'Unclaimed', ''),
(4741, '294', '2058', 'Unclaimed', ''),
(4742, '294', '2059', 'Unclaimed', ''),
(4743, '294', '2060', 'Unclaimed', ''),
(4744, '294', '2061', 'Unclaimed', ''),
(4745, '294', '2062', 'Unclaimed', ''),
(4746, '294', '2063', 'Unclaimed', ''),
(4747, '294', '2064', 'Unclaimed', ''),
(4748, '294', '2065', 'Unclaimed', ''),
(4749, '294', '2066', 'Unclaimed', ''),
(4750, '294', '2067', 'Unclaimed', ''),
(4751, '294', '2068', 'Unclaimed', ''),
(4752, '294', '2069', 'Unclaimed', ''),
(4753, '294', '2070', 'Unclaimed', ''),
(4754, '294', '2071', 'Unclaimed', ''),
(4755, '294', '2072', 'Unclaimed', ''),
(4756, '294', '2073', 'Unclaimed', ''),
(4757, '294', '2074', 'Unclaimed', ''),
(4758, '294', '2075', 'Unclaimed', ''),
(4759, '294', '2076', 'Unclaimed', ''),
(4760, '294', '2077', 'Unclaimed', ''),
(4761, '294', '2078', 'Unclaimed', ''),
(4762, '294', '2079', 'Unclaimed', ''),
(4763, '294', '2080', 'Unclaimed', ''),
(4764, '294', '2081', 'Unclaimed', ''),
(4765, '294', '2082', 'Unclaimed', ''),
(4766, '294', '2083', 'Unclaimed', ''),
(4767, '294', '2084', 'Unclaimed', ''),
(4768, '294', '2085', 'Unclaimed', ''),
(4769, '294', '2086', 'Unclaimed', ''),
(4770, '295', '2087', 'Unclaimed', ''),
(4771, '295', '2088', 'Unclaimed', ''),
(4772, '295', '2089', 'Unclaimed', ''),
(4773, '295', '2090', 'Unclaimed', ''),
(4774, '295', '2091', 'Unclaimed', ''),
(4775, '295', '2092', 'Unclaimed', ''),
(4776, '295', '2093', 'Unclaimed', ''),
(4777, '295', '2094', 'Unclaimed', ''),
(4778, '295', '2095', 'Unclaimed', ''),
(4779, '295', '2096', 'Unclaimed', ''),
(4780, '295', '2097', 'Unclaimed', ''),
(4781, '295', '2098', 'Unclaimed', ''),
(4782, '295', '2099', 'Unclaimed', ''),
(4783, '295', '2100', 'Unclaimed', ''),
(4784, '295', '2101', 'Unclaimed', ''),
(4785, '295', '2102', 'Unclaimed', ''),
(4786, '295', '2103', 'Unclaimed', ''),
(4787, '295', '2104', 'Unclaimed', ''),
(4788, '295', '2105', 'Unclaimed', ''),
(4789, '295', '2106', 'Unclaimed', ''),
(4790, '295', '2107', 'Unclaimed', ''),
(4791, '295', '2108', 'Unclaimed', ''),
(4792, '295', '2109', 'Unclaimed', ''),
(4793, '295', '2110', 'Unclaimed', ''),
(4794, '295', '2111', 'Unclaimed', ''),
(4795, '295', '2112', 'Unclaimed', ''),
(4796, '295', '2113', 'Unclaimed', ''),
(4797, '295', '2114', 'Unclaimed', ''),
(4798, '295', '2115', 'Unclaimed', ''),
(4799, '295', '2116', 'Unclaimed', ''),
(4800, '295', '2117', 'Unclaimed', ''),
(4801, '295', '2118', 'Unclaimed', ''),
(4802, '295', '2119', 'Unclaimed', ''),
(4803, '295', '2120', 'Unclaimed', ''),
(4804, '295', '2121', 'Unclaimed', ''),
(4805, '295', '2122', 'Unclaimed', ''),
(4806, '295', '2123', 'Unclaimed', ''),
(4807, '295', '2124', 'Unclaimed', ''),
(4808, '295', '2125', 'Unclaimed', ''),
(4809, '295', '2126', 'Unclaimed', ''),
(4810, '295', '2127', 'Unclaimed', ''),
(4811, '295', '2128', 'Unclaimed', ''),
(4812, '295', '2129', 'Unclaimed', ''),
(4813, '295', '2130', 'Unclaimed', ''),
(4814, '295', '2131', 'Unclaimed', ''),
(4815, '295', '2132', 'Unclaimed', ''),
(4816, '295', '2133', 'Unclaimed', ''),
(4817, '296', '2134', 'Unclaimed', ''),
(4818, '296', '2135', 'Unclaimed', ''),
(4819, '296', '2136', 'Unclaimed', ''),
(4820, '296', '2137', 'Unclaimed', ''),
(4821, '296', '2138', 'Unclaimed', ''),
(4822, '296', '2139', 'Unclaimed', ''),
(4823, '296', '2140', 'Unclaimed', ''),
(4824, '296', '2141', 'Unclaimed', ''),
(4825, '296', '2142', 'Unclaimed', ''),
(4826, '296', '2143', 'Unclaimed', ''),
(4827, '296', '2144', 'Unclaimed', ''),
(4828, '296', '2145', 'Unclaimed', ''),
(4829, '296', '2146', 'Unclaimed', ''),
(4830, '296', '2147', 'Unclaimed', ''),
(4831, '296', '2148', 'Unclaimed', ''),
(4832, '296', '2149', 'Unclaimed', ''),
(4833, '296', '2150', 'Unclaimed', ''),
(4834, '296', '2151', 'Unclaimed', ''),
(4835, '296', '2152', 'Unclaimed', ''),
(4836, '296', '2153', 'Unclaimed', ''),
(4837, '296', '2154', 'Unclaimed', ''),
(4838, '296', '2155', 'Unclaimed', ''),
(4839, '296', '2156', 'Unclaimed', ''),
(4840, '296', '2157', 'Unclaimed', ''),
(4841, '296', '2158', 'Unclaimed', ''),
(4842, '296', '2159', 'Unclaimed', ''),
(4843, '296', '2160', 'Unclaimed', ''),
(4844, '296', '2161', 'Unclaimed', ''),
(4845, '296', '2162', 'Unclaimed', ''),
(4846, '296', '2163', 'Unclaimed', ''),
(4847, '296', '2164', 'Unclaimed', ''),
(4848, '296', '2165', 'Unclaimed', ''),
(4849, '296', '2166', 'Unclaimed', ''),
(4850, '296', '2167', 'Unclaimed', ''),
(4851, '296', '2168', 'Unclaimed', ''),
(4852, '296', '2169', 'Unclaimed', ''),
(4853, '296', '2170', 'Unclaimed', ''),
(4854, '296', '2171', 'Unclaimed', ''),
(4855, '296', '2172', 'Unclaimed', ''),
(4856, '296', '2173', 'Unclaimed', ''),
(4857, '296', '2174', 'Unclaimed', ''),
(4858, '296', '2175', 'Unclaimed', ''),
(4859, '296', '2176', 'Unclaimed', ''),
(4860, '296', '2177', 'Unclaimed', ''),
(4861, '296', '2178', 'Unclaimed', ''),
(4862, '297', '2179', 'Unclaimed', ''),
(4863, '297', '2180', 'Unclaimed', ''),
(4864, '297', '2181', 'Unclaimed', ''),
(4865, '297', '2182', 'Unclaimed', ''),
(4866, '297', '2183', 'Unclaimed', ''),
(4867, '297', '2184', 'Unclaimed', ''),
(4868, '297', '2185', 'Unclaimed', ''),
(4869, '297', '2186', 'Unclaimed', ''),
(4870, '297', '2187', 'Unclaimed', ''),
(4871, '297', '2188', 'Unclaimed', ''),
(4872, '297', '2189', 'Unclaimed', ''),
(4873, '297', '2190', 'Unclaimed', ''),
(4874, '297', '2191', 'Unclaimed', ''),
(4875, '297', '2192', 'Unclaimed', ''),
(4876, '297', '2193', 'Unclaimed', ''),
(4877, '297', '2194', 'Unclaimed', ''),
(4878, '297', '2195', 'Unclaimed', ''),
(4879, '297', '2196', 'Unclaimed', ''),
(4880, '297', '2197', 'Unclaimed', ''),
(4881, '297', '2198', 'Unclaimed', ''),
(4882, '297', '2199', 'Unclaimed', ''),
(4883, '297', '2200', 'Unclaimed', ''),
(4884, '297', '2201', 'Unclaimed', ''),
(4885, '297', '2202', 'Unclaimed', ''),
(4886, '297', '2203', 'Unclaimed', ''),
(4887, '297', '2204', 'Unclaimed', ''),
(4888, '297', '2205', 'Unclaimed', ''),
(4889, '297', '2206', 'Unclaimed', ''),
(4890, '297', '2207', 'Unclaimed', ''),
(4891, '297', '2208', 'Unclaimed', ''),
(4892, '297', '2209', 'Unclaimed', ''),
(4893, '297', '2210', 'Unclaimed', ''),
(4894, '297', '2211', 'Unclaimed', ''),
(4895, '297', '2212', 'Unclaimed', ''),
(4896, '297', '2213', 'Unclaimed', ''),
(4897, '297', '2214', 'Unclaimed', ''),
(4898, '297', '2215', 'Unclaimed', ''),
(4899, '297', '2216', 'Unclaimed', ''),
(4900, '297', '2217', 'Unclaimed', ''),
(4901, '297', '2218', 'Unclaimed', ''),
(4902, '297', '2219', 'Unclaimed', ''),
(4903, '297', '2220', 'Unclaimed', ''),
(4904, '297', '2221', 'Unclaimed', ''),
(4905, '297', '2222', 'Unclaimed', ''),
(4906, '297', '2223', 'Unclaimed', ''),
(4907, '297', '2224', 'Unclaimed', ''),
(4908, '298', '2225', 'Unclaimed', ''),
(4909, '298', '2226', 'Unclaimed', ''),
(4910, '298', '2227', 'Unclaimed', ''),
(4911, '298', '2228', 'Unclaimed', ''),
(4912, '298', '2229', 'Unclaimed', ''),
(4913, '298', '2230', 'Unclaimed', ''),
(4914, '298', '2231', 'Unclaimed', ''),
(4915, '298', '2232', 'Unclaimed', ''),
(4916, '298', '2233', 'Unclaimed', ''),
(4917, '298', '2234', 'Unclaimed', ''),
(4918, '298', '2235', 'Unclaimed', ''),
(4919, '298', '2236', 'Unclaimed', ''),
(4920, '298', '2237', 'Unclaimed', ''),
(4921, '298', '2238', 'Unclaimed', ''),
(4922, '298', '2239', 'Unclaimed', ''),
(4923, '298', '2240', 'Unclaimed', ''),
(4924, '298', '2241', 'Unclaimed', ''),
(4925, '298', '2242', 'Unclaimed', ''),
(4926, '298', '2243', 'Unclaimed', ''),
(4927, '298', '2244', 'Unclaimed', ''),
(4928, '298', '2245', 'Unclaimed', ''),
(4929, '298', '2246', 'Unclaimed', ''),
(4930, '298', '2247', 'Unclaimed', ''),
(4931, '298', '2248', 'Unclaimed', ''),
(4932, '298', '2249', 'Unclaimed', ''),
(4933, '298', '2250', 'Unclaimed', ''),
(4934, '298', '2251', 'Unclaimed', ''),
(4935, '298', '2252', 'Unclaimed', ''),
(4936, '298', '2253', 'Unclaimed', ''),
(4937, '298', '2254', 'Unclaimed', ''),
(4938, '298', '2255', 'Unclaimed', ''),
(4939, '298', '2256', 'Unclaimed', ''),
(4940, '298', '2257', 'Unclaimed', ''),
(4941, '298', '2258', 'Unclaimed', ''),
(4942, '298', '2259', 'Unclaimed', ''),
(4943, '298', '2260', 'Unclaimed', ''),
(4944, '298', '2261', 'Unclaimed', ''),
(4945, '298', '2262', 'Unclaimed', ''),
(4946, '298', '2263', 'Unclaimed', ''),
(4947, '298', '2264', 'Unclaimed', ''),
(4948, '298', '2265', 'Unclaimed', ''),
(4949, '298', '2266', 'Unclaimed', ''),
(4950, '298', '2267', 'Unclaimed', ''),
(4951, '298', '2268', 'Unclaimed', ''),
(4952, '298', '2269', 'Unclaimed', ''),
(4953, '298', '2270', 'Unclaimed', ''),
(4954, '298', '2271', 'Unclaimed', ''),
(4955, '298', '2272', 'Unclaimed', ''),
(4956, '298', '2273', 'Unclaimed', ''),
(4957, '298', '2274', 'Unclaimed', ''),
(4958, '298', '2275', 'Unclaimed', ''),
(4959, '298', '2276', 'Unclaimed', ''),
(4960, '299', '2277', 'Unclaimed', ''),
(4961, '299', '2278', 'Unclaimed', ''),
(4962, '299', '2279', 'Unclaimed', ''),
(4963, '299', '2280', 'Unclaimed', ''),
(4964, '299', '2281', 'Unclaimed', ''),
(4965, '299', '2282', 'Unclaimed', ''),
(4966, '299', '2283', 'Unclaimed', ''),
(4967, '299', '2284', 'Unclaimed', ''),
(4968, '299', '2285', 'Unclaimed', ''),
(4969, '299', '2286', 'Unclaimed', ''),
(4970, '299', '2287', 'Unclaimed', ''),
(4971, '299', '2288', 'Unclaimed', ''),
(4972, '299', '2289', 'Unclaimed', ''),
(4973, '299', '2290', 'Unclaimed', ''),
(4974, '299', '2291', 'Unclaimed', ''),
(4975, '299', '2292', 'Unclaimed', ''),
(4976, '299', '2293', 'Unclaimed', ''),
(4977, '299', '2294', 'Unclaimed', ''),
(4978, '299', '2295', 'Unclaimed', ''),
(4979, '299', '2296', 'Unclaimed', ''),
(4980, '299', '2297', 'Unclaimed', ''),
(4981, '299', '2298', 'Unclaimed', ''),
(4982, '299', '2299', 'Unclaimed', ''),
(4983, '299', '2300', 'Unclaimed', ''),
(4984, '299', '2301', 'Unclaimed', ''),
(4985, '299', '2302', 'Unclaimed', ''),
(4986, '299', '2303', 'Unclaimed', ''),
(4987, '299', '2304', 'Unclaimed', ''),
(4988, '299', '2305', 'Unclaimed', ''),
(4989, '299', '2306', 'Unclaimed', ''),
(4990, '299', '2307', 'Unclaimed', ''),
(4991, '299', '2308', 'Unclaimed', ''),
(4992, '299', '2309', 'Unclaimed', ''),
(4993, '299', '2310', 'Unclaimed', ''),
(4994, '299', '2311', 'Unclaimed', ''),
(4995, '299', '2312', 'Unclaimed', ''),
(4996, '299', '2313', 'Unclaimed', ''),
(4997, '299', '2314', 'Unclaimed', ''),
(4998, '299', '2315', 'Unclaimed', ''),
(4999, '299', '2316', 'Unclaimed', ''),
(5000, '299', '2317', 'Unclaimed', ''),
(5001, '299', '2318', 'Unclaimed', ''),
(5002, '299', '2319', 'Unclaimed', ''),
(5003, '299', '2320', 'Unclaimed', ''),
(5004, '299', '2321', 'Unclaimed', ''),
(5005, '299', '2322', 'Unclaimed', ''),
(5006, '299', '2323', 'Unclaimed', ''),
(5007, '299', '2324', 'Unclaimed', ''),
(5008, '299', '2325', 'Unclaimed', ''),
(5009, '299', '2326', 'Unclaimed', ''),
(5010, '299', '2327', 'Unclaimed', ''),
(5011, '299', '2328', 'Unclaimed', ''),
(5012, '299', '2329', 'Unclaimed', ''),
(5013, '299', '2330', 'Unclaimed', ''),
(5014, '299', '2331', 'Unclaimed', ''),
(5015, '299', '2332', 'Unclaimed', ''),
(5016, '299', '2333', 'Unclaimed', ''),
(5017, '299', '2334', 'Unclaimed', ''),
(5018, '299', '2335', 'Unclaimed', ''),
(5019, '299', '2336', 'Unclaimed', ''),
(5020, '299', '2337', 'Unclaimed', ''),
(5021, '299', '2338', 'Unclaimed', ''),
(5022, '299', '2339', 'Unclaimed', ''),
(5023, '299', '2340', 'Unclaimed', ''),
(5024, '299', '2341', 'Unclaimed', ''),
(5025, '299', '2342', 'Unclaimed', ''),
(5026, '300', '2343', 'Unclaimed', ''),
(5027, '300', '2344', 'Unclaimed', ''),
(5028, '300', '2345', 'Unclaimed', ''),
(5029, '300', '2346', 'Unclaimed', ''),
(5030, '300', '2347', 'Unclaimed', ''),
(5031, '300', '2348', 'Unclaimed', ''),
(5032, '300', '2349', 'Unclaimed', ''),
(5033, '300', '2350', 'Unclaimed', ''),
(5034, '300', '2351', 'Unclaimed', ''),
(5035, '300', '2352', 'Unclaimed', ''),
(5036, '300', '2353', 'Unclaimed', ''),
(5037, '300', '2354', 'Unclaimed', ''),
(5038, '300', '2355', 'Unclaimed', ''),
(5039, '300', '2356', 'Unclaimed', ''),
(5040, '300', '2357', 'Unclaimed', ''),
(5041, '300', '2358', 'Unclaimed', ''),
(5042, '300', '2359', 'Unclaimed', ''),
(5043, '300', '2360', 'Unclaimed', ''),
(5044, '300', '2361', 'Unclaimed', ''),
(5045, '300', '2362', 'Unclaimed', ''),
(5046, '300', '2363', 'Unclaimed', ''),
(5047, '300', '2364', 'Unclaimed', ''),
(5048, '300', '2365', 'Unclaimed', ''),
(5049, '300', '2366', 'Unclaimed', ''),
(5050, '300', '2367', 'Unclaimed', ''),
(5051, '300', '2368', 'Unclaimed', ''),
(5052, '300', '2369', 'Unclaimed', ''),
(5053, '300', '2370', 'Unclaimed', ''),
(5054, '300', '2371', 'Unclaimed', ''),
(5055, '300', '2372', 'Unclaimed', ''),
(5056, '300', '2373', 'Unclaimed', ''),
(5057, '300', '2374', 'Unclaimed', ''),
(5058, '300', '2375', 'Unclaimed', ''),
(5059, '300', '2376', 'Unclaimed', ''),
(5060, '300', '2377', 'Unclaimed', ''),
(5061, '300', '2378', 'Unclaimed', ''),
(5062, '300', '2379', 'Unclaimed', ''),
(5063, '300', '2380', 'Unclaimed', ''),
(5064, '300', '2381', 'Unclaimed', ''),
(5065, '300', '2382', 'Unclaimed', ''),
(5066, '300', '2383', 'Unclaimed', ''),
(5067, '300', '2384', 'Unclaimed', ''),
(5068, '300', '2385', 'Unclaimed', ''),
(5069, '300', '2386', 'Unclaimed', ''),
(5070, '300', '2387', 'Unclaimed', ''),
(5071, '300', '2388', 'Unclaimed', ''),
(5072, '300', '2389', 'Unclaimed', ''),
(5073, '300', '2390', 'Unclaimed', ''),
(5074, '300', '2391', 'Unclaimed', ''),
(5075, '300', '2392', 'Unclaimed', ''),
(5076, '300', '2393', 'Unclaimed', ''),
(5077, '300', '2394', 'Unclaimed', ''),
(5078, '300', '2395', 'Unclaimed', ''),
(5079, '300', '2396', 'Unclaimed', ''),
(5080, '300', '2397', 'Unclaimed', ''),
(5081, '300', '2398', 'Unclaimed', ''),
(5082, '300', '2399', 'Unclaimed', ''),
(5083, '300', '2400', 'Unclaimed', ''),
(5084, '300', '2401', 'Unclaimed', ''),
(5085, '300', '2402', 'Unclaimed', ''),
(5086, '300', '2403', 'Unclaimed', ''),
(5087, '300', '2404', 'Unclaimed', ''),
(5088, '301', '2405', 'Unclaimed', ''),
(5089, '301', '2406', 'Unclaimed', ''),
(5090, '301', '2407', 'Unclaimed', ''),
(5091, '301', '2408', 'Unclaimed', ''),
(5092, '301', '2431', 'Unclaimed', ''),
(5093, '301', '2410', 'Unclaimed', ''),
(5094, '301', '2411', 'Unclaimed', ''),
(5095, '301', '2412', 'Unclaimed', ''),
(5096, '301', '2413', 'Unclaimed', ''),
(5097, '301', '2414', 'Unclaimed', ''),
(5098, '301', '2415', 'Unclaimed', ''),
(5099, '301', '2416', 'Unclaimed', ''),
(5100, '301', '2417', 'Unclaimed', ''),
(5101, '301', '2418', 'Unclaimed', ''),
(5102, '301', '2419', 'Unclaimed', ''),
(5103, '301', '2420', 'Unclaimed', ''),
(5104, '301', '2421', 'Unclaimed', ''),
(5105, '301', '2422', 'Unclaimed', ''),
(5106, '301', '2423', 'Unclaimed', ''),
(5107, '301', '2424', 'Unclaimed', ''),
(5108, '301', '2426', 'Unclaimed', ''),
(5109, '301', '2427', 'Unclaimed', ''),
(5110, '301', '2428', 'Unclaimed', ''),
(5111, '301', '2429', 'Unclaimed', ''),
(5112, '301', '2430', 'Unclaimed', ''),
(5113, '301', '2432', 'Unclaimed', ''),
(5114, '301', '2433', 'Unclaimed', ''),
(5115, '301', '2434', 'Unclaimed', ''),
(5116, '301', '2435', 'Unclaimed', ''),
(5117, '301', '2436', 'Unclaimed', ''),
(5118, '301', '2437', 'Unclaimed', ''),
(5119, '301', '2438', 'Unclaimed', ''),
(5120, '301', '2439', 'Unclaimed', ''),
(5121, '301', '2440', 'Unclaimed', ''),
(5122, '301', '2441', 'Unclaimed', ''),
(5123, '301', '2442', 'Unclaimed', ''),
(5124, '301', '2443', 'Unclaimed', ''),
(5125, '301', '2444', 'Unclaimed', ''),
(5126, '301', '2445', 'Unclaimed', ''),
(5127, '301', '2446', 'Unclaimed', ''),
(5128, '301', '2447', 'Unclaimed', ''),
(5129, '301', '2448', 'Unclaimed', ''),
(5130, '301', '2449', 'Unclaimed', ''),
(5131, '301', '2450', 'Unclaimed', ''),
(5132, '301', '2451', 'Unclaimed', ''),
(5133, '301', '2452', 'Unclaimed', ''),
(5134, '301', '2453', 'Unclaimed', ''),
(5135, '301', '2454', 'Unclaimed', ''),
(5136, '301', '2455', 'Unclaimed', ''),
(5137, '301', '2456', 'Unclaimed', ''),
(5138, '302', '2457', 'Unclaimed', ''),
(5139, '302', '2458', 'Unclaimed', ''),
(5140, '302', '2459', 'Unclaimed', ''),
(5141, '302', '2460', 'Unclaimed', ''),
(5142, '302', '2461', 'Unclaimed', ''),
(5143, '302', '2462', 'Unclaimed', ''),
(5144, '302', '2463', 'Unclaimed', ''),
(5145, '302', '2464', 'Unclaimed', ''),
(5146, '302', '2465', 'Unclaimed', ''),
(5147, '302', '2466', 'Unclaimed', ''),
(5148, '302', '2467', 'Unclaimed', ''),
(5149, '302', '2468', 'Unclaimed', ''),
(5150, '302', '2469', 'Unclaimed', ''),
(5151, '302', '2470', 'Unclaimed', ''),
(5152, '302', '2471', 'Unclaimed', ''),
(5153, '302', '2472', 'Unclaimed', ''),
(5154, '302', '2473', 'Unclaimed', ''),
(5155, '302', '2474', 'Unclaimed', ''),
(5156, '302', '2475', 'Unclaimed', ''),
(5157, '302', '2476', 'Unclaimed', ''),
(5158, '302', '2477', 'Unclaimed', ''),
(5159, '302', '2478', 'Unclaimed', ''),
(5160, '302', '2479', 'Unclaimed', ''),
(5161, '302', '2480', 'Unclaimed', ''),
(5162, '302', '2481', 'Unclaimed', ''),
(5163, '302', '2482', 'Unclaimed', ''),
(5164, '302', '2483', 'Unclaimed', ''),
(5165, '302', '2484', 'Unclaimed', ''),
(5166, '302', '2485', 'Unclaimed', ''),
(5167, '302', '2486', 'Unclaimed', ''),
(5168, '302', '2487', 'Unclaimed', ''),
(5169, '302', '2488', 'Unclaimed', ''),
(5170, '302', '2489', 'Unclaimed', ''),
(5171, '302', '2490', 'Unclaimed', ''),
(5172, '302', '2491', 'Unclaimed', ''),
(5173, '302', '2492', 'Unclaimed', ''),
(5174, '302', '2493', 'Unclaimed', ''),
(5175, '302', '2494', 'Unclaimed', ''),
(5176, '302', '2495', 'Unclaimed', ''),
(5177, '302', '2496', 'Unclaimed', ''),
(5178, '302', '2497', 'Unclaimed', ''),
(5179, '302', '2498', 'Unclaimed', ''),
(5180, '302', '2499', 'Unclaimed', ''),
(5181, '302', '2500', 'Unclaimed', ''),
(5182, '302', '2501', 'Unclaimed', ''),
(5183, '302', '2502', 'Unclaimed', ''),
(5184, '302', '2503', 'Unclaimed', ''),
(5185, '302', '2504', 'Unclaimed', ''),
(5186, '302', '2505', 'Unclaimed', ''),
(5187, '302', '2506', 'Unclaimed', ''),
(5188, '302', '2507', 'Unclaimed', ''),
(5189, '302', '2508', 'Unclaimed', ''),
(5190, '302', '2509', 'Unclaimed', ''),
(5191, '302', '2510', 'Unclaimed', ''),
(5192, '302', '2511', 'Unclaimed', ''),
(5193, '302', '2512', 'Unclaimed', ''),
(5194, '302', '2513', 'Unclaimed', ''),
(5195, '302', '2514', 'Unclaimed', ''),
(5196, '302', '2515', 'Unclaimed', ''),
(5197, '302', '2516', 'Unclaimed', ''),
(5198, '302', '2517', 'Unclaimed', ''),
(5199, '302', '2518', 'Unclaimed', ''),
(5200, '302', '2519', 'Unclaimed', ''),
(5201, '302', '2520', 'Unclaimed', ''),
(5202, '302', '2521', 'Unclaimed', ''),
(5203, '302', '2522', 'Unclaimed', ''),
(5204, '303', '2523', 'Unclaimed', ''),
(5205, '303', '2524', 'Unclaimed', ''),
(5206, '303', '2525', 'Unclaimed', ''),
(5207, '303', '2526', 'Unclaimed', ''),
(5208, '304', '2527', 'Unclaimed', ''),
(5209, '304', '2528', 'Unclaimed', ''),
(5210, '305', '2529', 'Unclaimed', ''),
(5211, '305', '2530', 'Unclaimed', ''),
(5212, '305', '2531', 'Unclaimed', ''),
(5213, '305', '2532', 'Unclaimed', ''),
(5214, '305', '2533', 'Unclaimed', ''),
(5215, '305', '2534', 'Unclaimed', ''),
(5216, '305', '2535', 'Unclaimed', ''),
(5217, '305', '2536', 'Unclaimed', ''),
(5218, '305', '2537', 'Unclaimed', ''),
(5219, '305', '2538', 'Unclaimed', ''),
(5220, '305', '2539', 'Unclaimed', ''),
(5221, '306', '2540', 'Unclaimed', ''),
(5222, '306', '2541', 'Unclaimed', ''),
(5223, '306', '2542', 'Unclaimed', ''),
(5224, '306', '2543', 'Unclaimed', ''),
(5225, '306', '2544', 'Unclaimed', ''),
(5226, '306', '2545', 'Unclaimed', ''),
(5227, '306', '2546', 'Unclaimed', ''),
(5228, '306', '2547', 'Unclaimed', ''),
(5229, '306', '2548', 'Unclaimed', ''),
(5230, '306', '2549', 'Unclaimed', ''),
(5231, '306', '2550', 'Unclaimed', ''),
(5232, '306', '2551', 'Unclaimed', ''),
(5233, '306', '2552', 'Unclaimed', ''),
(5234, '306', '2553', 'Unclaimed', ''),
(5235, '306', '2554', 'Unclaimed', ''),
(5236, '306', '2555', 'Unclaimed', ''),
(5237, '306', '2556', 'Unclaimed', ''),
(5238, '306', '2557', 'Unclaimed', ''),
(5239, '307', '2558', 'Unclaimed', ''),
(5240, '307', '2559', 'Unclaimed', ''),
(5241, '307', '2560', 'Unclaimed', ''),
(5242, '307', '2561', 'Unclaimed', ''),
(5243, '307', '2562', 'Unclaimed', ''),
(5244, '307', '2563', 'Unclaimed', ''),
(5245, '307', '2564', 'Unclaimed', ''),
(5246, '307', '2565', 'Unclaimed', ''),
(5247, '307', '2566', 'Unclaimed', ''),
(5248, '308', '2567', 'Unclaimed', ''),
(5249, '308', '2568', 'Unclaimed', ''),
(5250, '308', '2569', 'Unclaimed', ''),
(5251, '308', '2570', 'Unclaimed', ''),
(5252, '308', '2571', 'Unclaimed', ''),
(5253, '308', '2572', 'Unclaimed', ''),
(5254, '308', '2573', 'Unclaimed', ''),
(5255, '308', '2574', 'Unclaimed', ''),
(5256, '308', '2575', 'Unclaimed', ''),
(5257, '308', '2576', 'Unclaimed', ''),
(5258, '308', '2577', 'Unclaimed', ''),
(5259, '308', '2578', 'Unclaimed', ''),
(5260, '308', '2579', 'Unclaimed', ''),
(5261, '308', '2580', 'Unclaimed', ''),
(5262, '308', '2581', 'Unclaimed', ''),
(5263, '308', '2582', 'Unclaimed', ''),
(5264, '308', '2583', 'Unclaimed', ''),
(5265, '308', '2584', 'Unclaimed', ''),
(5266, '308', '2585', 'Unclaimed', ''),
(5267, '308', '2586', 'Unclaimed', ''),
(5268, '308', '2587', 'Unclaimed', ''),
(5269, '308', '2588', 'Unclaimed', ''),
(5270, '309', '2589', 'Unclaimed', ''),
(5271, '309', '2590', 'Unclaimed', ''),
(5272, '309', '2591', 'Unclaimed', ''),
(5273, '309', '2592', 'Unclaimed', ''),
(5274, '309', '2593', 'Unclaimed', ''),
(5275, '309', '2594', 'Unclaimed', ''),
(5276, '309', '2595', 'Unclaimed', ''),
(5277, '309', '2596', 'Unclaimed', ''),
(5278, '309', '2597', 'Unclaimed', ''),
(5279, '309', '2598', 'Unclaimed', ''),
(5280, '309', '2599', 'Unclaimed', ''),
(5281, '309', '2600', 'Unclaimed', ''),
(5282, '309', '2601', 'Unclaimed', ''),
(5283, '309', '2602', 'Unclaimed', ''),
(5284, '309', '2603', 'Unclaimed', ''),
(5285, '309', '2604', 'Unclaimed', ''),
(5286, '309', '2605', 'Unclaimed', ''),
(5287, '309', '2606', 'Unclaimed', ''),
(5288, '309', '2607', 'Unclaimed', ''),
(5289, '309', '2608', 'Unclaimed', ''),
(5290, '309', '2609', 'Unclaimed', ''),
(5291, '309', '2610', 'Unclaimed', ''),
(5292, '310', '2611', 'Unclaimed', ''),
(5293, '310', '2612', 'Unclaimed', ''),
(5294, '310', '2613', 'Unclaimed', ''),
(5295, '310', '2614', 'Unclaimed', ''),
(5296, '310', '2615', 'Unclaimed', ''),
(5297, '310', '2616', 'Unclaimed', ''),
(5298, '310', '2617', 'Unclaimed', ''),
(5299, '310', '2618', 'Unclaimed', ''),
(5300, '310', '2619', 'Unclaimed', ''),
(5301, '310', '2620', 'Unclaimed', ''),
(5302, '310', '2621', 'Unclaimed', ''),
(5303, '310', '2622', 'Unclaimed', ''),
(5304, '310', '2623', 'Unclaimed', ''),
(5305, '310', '2624', 'Unclaimed', ''),
(5306, '310', '2625', 'Unclaimed', ''),
(5307, '310', '2626', 'Unclaimed', ''),
(5308, '310', '2627', 'Unclaimed', ''),
(5309, '310', '2628', 'Unclaimed', ''),
(5310, '310', '2629', 'Unclaimed', ''),
(5311, '310', '2630', 'Unclaimed', ''),
(5312, '310', '2631', 'Unclaimed', ''),
(5313, '310', '2632', 'Unclaimed', ''),
(5314, '311', '2633', 'Unclaimed', ''),
(5315, '311', '2634', 'Unclaimed', ''),
(5316, '311', '2635', 'Unclaimed', ''),
(5317, '311', '2636', 'Unclaimed', ''),
(5318, '311', '2637', 'Unclaimed', ''),
(5319, '311', '2638', 'Unclaimed', ''),
(5320, '311', '2639', 'Unclaimed', ''),
(5321, '311', '2640', 'Unclaimed', ''),
(5322, '311', '2641', 'Unclaimed', ''),
(5323, '311', '2642', 'Unclaimed', ''),
(5324, '311', '2643', 'Unclaimed', ''),
(5325, '311', '2644', 'Unclaimed', ''),
(5326, '311', '2645', 'Unclaimed', ''),
(5327, '311', '2646', 'Unclaimed', ''),
(5328, '311', '2647', 'Unclaimed', ''),
(5329, '311', '2648', 'Unclaimed', ''),
(5330, '311', '2649', 'Unclaimed', ''),
(5331, '311', '2650', 'Unclaimed', ''),
(5332, '311', '2651', 'Unclaimed', ''),
(5333, '311', '2652', 'Unclaimed', ''),
(5334, '311', '2653', 'Unclaimed', ''),
(5335, '311', '2654', 'Unclaimed', ''),
(5336, '311', '2655', 'Unclaimed', ''),
(5337, '311', '2656', 'Unclaimed', ''),
(5338, '312', '2657', 'Unclaimed', ''),
(5339, '312', '2658', 'Unclaimed', ''),
(5340, '312', '2659', 'Unclaimed', ''),
(5341, '312', '2660', 'Unclaimed', ''),
(5342, '312', '2661', 'Unclaimed', ''),
(5343, '312', '2662', 'Unclaimed', ''),
(5344, '312', '2663', 'Unclaimed', ''),
(5345, '312', '2664', 'Unclaimed', ''),
(5346, '312', '2665', 'Unclaimed', ''),
(5347, '312', '2666', 'Unclaimed', ''),
(5348, '312', '2667', 'Unclaimed', ''),
(5349, '312', '2668', 'Unclaimed', ''),
(5350, '312', '2669', 'Unclaimed', ''),
(5351, '312', '2670', 'Unclaimed', ''),
(5352, '312', '2671', 'Unclaimed', ''),
(5353, '312', '2672', 'Unclaimed', ''),
(5354, '312', '2673', 'Unclaimed', ''),
(5355, '312', '2674', 'Unclaimed', ''),
(5356, '312', '2675', 'Unclaimed', ''),
(5357, '312', '2676', 'Unclaimed', ''),
(5358, '312', '2677', 'Unclaimed', ''),
(5359, '313', '2678', 'Unclaimed', ''),
(5360, '313', '2679', 'Unclaimed', ''),
(5361, '313', '2680', 'Unclaimed', ''),
(5362, '313', '2681', 'Unclaimed', ''),
(5363, '313', '2682', 'Unclaimed', ''),
(5364, '313', '2683', 'Unclaimed', ''),
(5365, '313', '2684', 'Unclaimed', ''),
(5366, '313', '2685', 'Unclaimed', ''),
(5367, '313', '2686', 'Unclaimed', ''),
(5368, '313', '2687', 'Unclaimed', ''),
(5369, '313', '2688', 'Unclaimed', ''),
(5370, '313', '2689', 'Unclaimed', ''),
(5371, '313', '2690', 'Unclaimed', ''),
(5372, '313', '2691', 'Unclaimed', ''),
(5373, '313', '2692', 'Unclaimed', ''),
(5374, '313', '2693', 'Unclaimed', ''),
(5375, '313', '2694', 'Unclaimed', ''),
(5376, '313', '2695', 'Unclaimed', ''),
(5377, '313', '2696', 'Unclaimed', ''),
(5378, '313', '2697', 'Unclaimed', ''),
(5379, '313', '2698', 'Unclaimed', ''),
(5380, '313', '2699', 'Unclaimed', ''),
(5381, '313', '2700', 'Unclaimed', ''),
(5382, '313', '2701', 'Unclaimed', ''),
(5383, '313', '2702', 'Unclaimed', ''),
(5384, '313', '2703', 'Unclaimed', ''),
(5385, '314', '2704', 'Unclaimed', ''),
(5386, '314', '2705', 'Unclaimed', ''),
(5387, '314', '2706', 'Unclaimed', ''),
(5388, '314', '2707', 'Unclaimed', ''),
(5389, '314', '2708', 'Unclaimed', ''),
(5390, '314', '2709', 'Unclaimed', ''),
(5391, '314', '2710', 'Unclaimed', ''),
(5392, '314', '2711', 'Unclaimed', ''),
(5393, '314', '2712', 'Unclaimed', ''),
(5394, '314', '2713', 'Unclaimed', ''),
(5395, '314', '2714', 'Unclaimed', ''),
(5396, '314', '2715', 'Unclaimed', ''),
(5397, '314', '2716', 'Unclaimed', ''),
(5398, '314', '2717', 'Unclaimed', ''),
(5399, '314', '2718', 'Unclaimed', ''),
(5400, '314', '2719', 'Unclaimed', ''),
(5401, '314', '2720', 'Unclaimed', ''),
(5402, '314', '2721', 'Unclaimed', ''),
(5403, '314', '2722', 'Unclaimed', ''),
(5404, '314', '2723', 'Unclaimed', ''),
(5405, '314', '2724', 'Unclaimed', ''),
(5406, '314', '2725', 'Unclaimed', ''),
(5407, '314', '2726', 'Unclaimed', ''),
(5408, '314', '2727', 'Unclaimed', ''),
(5409, '314', '2728', 'Unclaimed', ''),
(5410, '315', '2729', 'Unclaimed', ''),
(5411, '315', '2730', 'Unclaimed', ''),
(5412, '315', '2731', 'Unclaimed', ''),
(5413, '315', '2732', 'Unclaimed', ''),
(5414, '315', '2733', 'Unclaimed', ''),
(5415, '315', '2734', 'Unclaimed', ''),
(5416, '315', '2735', 'Unclaimed', ''),
(5417, '315', '2736', 'Unclaimed', ''),
(5418, '315', '2737', 'Unclaimed', ''),
(5419, '315', '2738', 'Unclaimed', ''),
(5420, '315', '2739', 'Unclaimed', ''),
(5421, '315', '2740', 'Unclaimed', ''),
(5422, '315', '2741', 'Unclaimed', ''),
(5423, '315', '2742', 'Unclaimed', ''),
(5424, '315', '2743', 'Unclaimed', ''),
(5425, '315', '2744', 'Unclaimed', ''),
(5426, '315', '2745', 'Unclaimed', ''),
(5427, '315', '2746', 'Unclaimed', ''),
(5428, '315', '2747', 'Unclaimed', ''),
(5429, '315', '2748', 'Unclaimed', ''),
(5430, '315', '2749', 'Unclaimed', ''),
(5431, '315', '2750', 'Unclaimed', ''),
(5432, '315', '2751', 'Unclaimed', ''),
(5433, '315', '2752', 'Unclaimed', ''),
(5434, '316', '2753', 'Unclaimed', ''),
(5435, '316', '2754', 'Unclaimed', ''),
(5436, '316', '2755', 'Unclaimed', ''),
(5437, '316', '2756', 'Unclaimed', ''),
(5438, '316', '2757', 'Unclaimed', ''),
(5439, '316', '2758', 'Unclaimed', ''),
(5440, '316', '2759', 'Unclaimed', ''),
(5441, '316', '2760', 'Unclaimed', ''),
(5442, '316', '2761', 'Unclaimed', ''),
(5443, '316', '2762', 'Unclaimed', ''),
(5444, '316', '2763', 'Unclaimed', ''),
(5445, '316', '2764', 'Unclaimed', ''),
(5446, '316', '2765', 'Unclaimed', ''),
(5447, '316', '2766', 'Unclaimed', ''),
(5448, '316', '2767', 'Unclaimed', ''),
(5449, '316', '2768', 'Unclaimed', ''),
(5450, '316', '2769', 'Unclaimed', ''),
(5451, '316', '2770', 'Unclaimed', ''),
(5452, '316', '2771', 'Unclaimed', ''),
(5453, '316', '2772', 'Unclaimed', ''),
(5454, '316', '2773', 'Unclaimed', ''),
(5455, '316', '2774', 'Unclaimed', ''),
(5456, '316', '2775', 'Unclaimed', ''),
(5457, '316', '2776', 'Unclaimed', ''),
(5458, '316', '2777', 'Unclaimed', ''),
(5459, '316', '2778', 'Unclaimed', ''),
(5460, '317', '2779', 'Unclaimed', ''),
(5461, '317', '2780', 'Unclaimed', ''),
(5462, '317', '2781', 'Unclaimed', ''),
(5463, '317', '2782', 'Unclaimed', ''),
(5464, '317', '2783', 'Unclaimed', ''),
(5465, '317', '2784', 'Unclaimed', ''),
(5466, '317', '2785', 'Unclaimed', ''),
(5467, '317', '2786', 'Unclaimed', ''),
(5468, '317', '2787', 'Unclaimed', ''),
(5469, '317', '2788', 'Unclaimed', ''),
(5470, '317', '2789', 'Unclaimed', ''),
(5471, '317', '2790', 'Unclaimed', ''),
(5472, '317', '2791', 'Unclaimed', ''),
(5473, '317', '2792', 'Unclaimed', ''),
(5474, '317', '2793', 'Unclaimed', ''),
(5475, '317', '2794', 'Unclaimed', ''),
(5476, '317', '2795', 'Unclaimed', ''),
(5477, '317', '2796', 'Unclaimed', ''),
(5478, '317', '2797', 'Unclaimed', ''),
(5479, '317', '2798', 'Unclaimed', ''),
(5480, '317', '2799', 'Unclaimed', ''),
(5481, '317', '2800', 'Unclaimed', ''),
(5482, '317', '2801', 'Unclaimed', ''),
(5483, '317', '2802', 'Unclaimed', ''),
(5484, '317', '2803', 'Unclaimed', ''),
(5485, '317', '2804', 'Unclaimed', ''),
(5486, '317', '2805', 'Unclaimed', ''),
(5487, '317', '2806', 'Unclaimed', ''),
(5488, '318', '2807', 'Unclaimed', ''),
(5489, '318', '2808', 'Unclaimed', ''),
(5490, '318', '2809', 'Unclaimed', ''),
(5491, '318', '2810', 'Unclaimed', ''),
(5492, '318', '2811', 'Unclaimed', ''),
(5493, '318', '2812', 'Unclaimed', ''),
(5494, '318', '2813', 'Unclaimed', ''),
(5495, '318', '2814', 'Unclaimed', ''),
(5496, '318', '2815', 'Unclaimed', ''),
(5497, '318', '2816', 'Unclaimed', ''),
(5498, '318', '2817', 'Unclaimed', ''),
(5499, '318', '2818', 'Unclaimed', ''),
(5500, '318', '2819', 'Unclaimed', ''),
(5501, '318', '2820', 'Unclaimed', ''),
(5502, '318', '2821', 'Unclaimed', ''),
(5503, '318', '2822', 'Unclaimed', ''),
(5504, '318', '2823', 'Unclaimed', ''),
(5505, '318', '2824', 'Unclaimed', ''),
(5506, '318', '2825', 'Unclaimed', ''),
(5507, '318', '2826', 'Unclaimed', ''),
(5508, '318', '2827', 'Unclaimed', ''),
(5509, '318', '2828', 'Unclaimed', ''),
(5510, '318', '2829', 'Unclaimed', ''),
(5511, '318', '2830', 'Unclaimed', ''),
(5512, '318', '2831', 'Unclaimed', ''),
(5513, '318', '2832', 'Unclaimed', ''),
(5514, '318', '2833', 'Unclaimed', ''),
(5515, '318', '2834', 'Unclaimed', ''),
(5516, '318', '2835', 'Unclaimed', ''),
(5517, '318', '2836', 'Unclaimed', ''),
(5518, '318', '2837', 'Unclaimed', ''),
(5519, '319', '2838', 'Unclaimed', ''),
(5520, '319', '2839', 'Unclaimed', ''),
(5521, '319', '2840', 'Unclaimed', ''),
(5522, '319', '2841', 'Unclaimed', ''),
(5523, '319', '2842', 'Unclaimed', ''),
(5524, '319', '2843', 'Unclaimed', ''),
(5525, '319', '2844', 'Unclaimed', ''),
(5526, '319', '2845', 'Unclaimed', ''),
(5527, '319', '2846', 'Unclaimed', ''),
(5528, '319', '2847', 'Unclaimed', ''),
(5529, '319', '2848', 'Unclaimed', ''),
(5530, '319', '2849', 'Unclaimed', ''),
(5531, '319', '2850', 'Unclaimed', ''),
(5532, '319', '2851', 'Unclaimed', ''),
(5533, '319', '2852', 'Unclaimed', ''),
(5534, '319', '2853', 'Unclaimed', ''),
(5535, '319', '2854', 'Unclaimed', ''),
(5536, '319', '2855', 'Unclaimed', ''),
(5537, '319', '2856', 'Unclaimed', ''),
(5538, '319', '2857', 'Unclaimed', ''),
(5539, '319', '2858', 'Unclaimed', ''),
(5540, '319', '2859', 'Unclaimed', ''),
(5541, '319', '2860', 'Unclaimed', ''),
(5542, '319', '2861', 'Unclaimed', ''),
(5543, '319', '2862', 'Unclaimed', ''),
(5544, '319', '2863', 'Unclaimed', ''),
(5545, '320', '2864', 'Unclaimed', ''),
(5546, '320', '2865', 'Unclaimed', ''),
(5547, '320', '2866', 'Unclaimed', ''),
(5548, '320', '2867', 'Unclaimed', ''),
(5549, '320', '2868', 'Unclaimed', ''),
(5550, '320', '2869', 'Unclaimed', ''),
(5551, '320', '2870', 'Unclaimed', ''),
(5552, '320', '2871', 'Unclaimed', ''),
(5553, '320', '2872', 'Unclaimed', ''),
(5554, '320', '2873', 'Unclaimed', ''),
(5555, '320', '2874', 'Unclaimed', ''),
(5556, '320', '2875', 'Unclaimed', ''),
(5557, '320', '2876', 'Unclaimed', ''),
(5558, '320', '2877', 'Unclaimed', ''),
(5559, '320', '2878', 'Unclaimed', ''),
(5560, '320', '2879', 'Unclaimed', ''),
(5561, '320', '2880', 'Unclaimed', ''),
(5562, '320', '2881', 'Unclaimed', ''),
(5563, '320', '2882', 'Unclaimed', ''),
(5564, '320', '2883', 'Unclaimed', ''),
(5565, '320', '2884', 'Unclaimed', ''),
(5566, '320', '2885', 'Unclaimed', ''),
(5567, '320', '2886', 'Unclaimed', ''),
(5568, '321', '2887', 'Claimed', ''),
(5571, '322', '2890', 'Unclaimed', ''),
(5572, '323', '2891', 'Unclaimed', ''),
(5573, '323', '2892', 'Unclaimed', ''),
(5574, '323', '2893', 'Unclaimed', ''),
(5575, '324', '2894', 'Unclaimed', ''),
(5576, '324', '2895', 'Unclaimed', ''),
(5577, '324', '2896', 'Unclaimed', ''),
(5578, '324', '2897', 'Unclaimed', ''),
(5579, '324', '2898', 'Unclaimed', ''),
(5580, '324', '2899', 'Unclaimed', ''),
(5581, '324', '2900', 'Unclaimed', ''),
(5582, '324', '2901', 'Unclaimed', ''),
(5583, '324', '2902', 'Unclaimed', ''),
(5584, '324', '2903', 'Unclaimed', ''),
(5585, '324', '2904', 'Unclaimed', ''),
(5586, '324', '2905', 'Unclaimed', ''),
(5587, '324', '2906', 'Unclaimed', ''),
(5590, '325', '2909', 'Unclaimed', ''),
(5592, '325', '2911', 'Unclaimed', ''),
(5593, '325', '2912', 'Unclaimed', ''),
(5594, '325', '2913', 'Unclaimed', ''),
(5595, '325', '2914', 'Unclaimed', ''),
(5596, '325', '2915', 'Unclaimed', ''),
(5597, '325', '2916', 'Unclaimed', ''),
(5598, '325', '2917', 'Unclaimed', ''),
(5599, '325', '2918', 'Unclaimed', ''),
(5600, '325', '2919', 'Unclaimed', ''),
(5601, '326', '2920', 'Unclaimed', ''),
(5602, '326', '2921', 'Unclaimed', ''),
(5603, '326', '2922', 'Unclaimed', ''),
(5604, '326', '2923', 'Unclaimed', ''),
(5605, '326', '2924', 'Unclaimed', ''),
(5606, '326', '2925', 'Unclaimed', ''),
(5607, '326', '2926', 'Unclaimed', ''),
(5608, '326', '2927', 'Unclaimed', ''),
(5609, '326', '2928', 'Unclaimed', ''),
(5610, '326', '2929', 'Unclaimed', ''),
(5611, '326', '2930', 'Unclaimed', ''),
(5612, '327', '2931', 'Unclaimed', ''),
(5613, '327', '2932', 'Unclaimed', ''),
(5614, '327', '2933', 'Unclaimed', ''),
(5615, '327', '2934', 'Unclaimed', ''),
(5616, '327', '2935', 'Unclaimed', ''),
(5617, '327', '2936', 'Unclaimed', ''),
(5618, '327', '2937', 'Unclaimed', ''),
(5619, '327', '2938', 'Unclaimed', ''),
(5620, '327', '2939', 'Unclaimed', ''),
(5621, '328', '2940', 'Unclaimed', ''),
(5622, '328', '2941', 'Unclaimed', ''),
(5623, '328', '2942', 'Unclaimed', ''),
(5624, '328', '2943', 'Unclaimed', ''),
(5625, '328', '2944', 'Unclaimed', ''),
(5626, '328', '2945', 'Unclaimed', ''),
(5627, '328', '2946', 'Unclaimed', ''),
(5628, '328', '2947', 'Unclaimed', ''),
(5629, '328', '2948', 'Unclaimed', ''),
(5630, '329', '2949', 'Unclaimed', ''),
(5631, '329', '2950', 'Unclaimed', ''),
(5632, '329', '2951', 'Unclaimed', ''),
(5633, '329', '2952', 'Unclaimed', ''),
(5634, '329', '2953', 'Unclaimed', ''),
(5635, '329', '2954', 'Unclaimed', ''),
(5636, '329', '2955', 'Unclaimed', ''),
(5637, '329', '2956', 'Unclaimed', ''),
(5638, '329', '2957', 'Unclaimed', ''),
(5639, '330', '2958', 'Unclaimed', ''),
(5640, '330', '2959', 'Unclaimed', ''),
(5641, '330', '2960', 'Unclaimed', ''),
(5642, '330', '2961', 'Unclaimed', ''),
(5643, '330', '2962', 'Unclaimed', ''),
(5644, '330', '2963', 'Unclaimed', ''),
(5645, '330', '2964', 'Unclaimed', ''),
(5646, '330', '2965', 'Unclaimed', ''),
(5647, '330', '2966', 'Unclaimed', ''),
(5648, '331', '2967', 'Unclaimed', ''),
(5649, '331', '2968', 'Unclaimed', ''),
(5650, '331', '2969', 'Unclaimed', ''),
(5651, '331', '2970', 'Unclaimed', ''),
(5652, '331', '2971', 'Unclaimed', ''),
(5653, '331', '2972', 'Unclaimed', ''),
(5654, '331', '2973', 'Unclaimed', ''),
(5655, '331', '2974', 'Unclaimed', ''),
(5656, '331', '2975', 'Unclaimed', ''),
(5657, '331', '2976', 'Unclaimed', ''),
(5658, '331', '2977', 'Unclaimed', ''),
(5659, '332', '2978', 'Unclaimed', ''),
(5660, '332', '2979', 'Unclaimed', ''),
(5661, '332', '2980', 'Unclaimed', ''),
(5662, '332', '2981', 'Unclaimed', ''),
(5663, '332', '2982', 'Unclaimed', ''),
(5664, '332', '2983', 'Unclaimed', ''),
(5665, '332', '2984', 'Unclaimed', ''),
(5666, '332', '2985', 'Unclaimed', ''),
(5667, '332', '2986', 'Unclaimed', ''),
(5668, '332', '2987', 'Unclaimed', ''),
(5669, '333', '2988', 'Unclaimed', ''),
(5670, '333', '2989', 'Unclaimed', ''),
(5671, '333', '2990', 'Unclaimed', ''),
(5672, '333', '2991', 'Unclaimed', ''),
(5673, '333', '2992', 'Unclaimed', ''),
(5674, '333', '2993', 'Unclaimed', ''),
(5675, '333', '2994', 'Unclaimed', ''),
(5676, '333', '2995', 'Unclaimed', '');

-- --------------------------------------------------------

--
-- Table structure for table `coverage`
--

CREATE TABLE IF NOT EXISTS `coverage` (
  `id` int(10) unsigned NOT NULL AUTO_INCREMENT,
  `coverage_description` text NOT NULL,
  PRIMARY KEY (`id`)
) ENGINE=InnoDB  DEFAULT CHARSET=latin1 AUTO_INCREMENT=15 ;

--
-- Dumping data for table `coverage`
--

INSERT INTO `coverage` (`id`, `coverage_description`) VALUES
(1, 'Total System Operation and Orientation Course'),
(2, 'Metrostar Express Rules and Regulations Chapter 1 to 6 and 8'),
(3, 'Rolling Stock Operating Procedure Normal Mode'),
(4, 'Rolling Stock Operating Procedure Degraded Mode'),
(5, 'Car Familiarization Course'),
(6, 'Automatic Train Protection (ATP) System, Signaling and Subsystem'),
(7, 'Basic Radio Communications Training'),
(8, 'Basic Depot Operation and Service Schedule'),
(9, 'Actual Train Driving Training'),
(10, 'objective '),
(11, 'images'),
(12, 'automatic fare collection (afc) training'),
(13, 'this is a coverage'),
(14, 'sample');

-- --------------------------------------------------------

--
-- Table structure for table `diploma_release`
--

CREATE TABLE IF NOT EXISTS `diploma_release` (
  `release_id` int(10) unsigned NOT NULL AUTO_INCREMENT,
  `trainee_id` varchar(450) NOT NULL,
  `training_program_id` varchar(450) NOT NULL,
  `status` varchar(450) NOT NULL,
  `release_date` datetime DEFAULT NULL,
  `type` varchar(45) DEFAULT 'certification',
  PRIMARY KEY (`release_id`)
) ENGINE=InnoDB  DEFAULT CHARSET=latin1 AUTO_INCREMENT=229 ;

--
-- Dumping data for table `diploma_release`
--

INSERT INTO `diploma_release` (`release_id`, `trainee_id`, `training_program_id`, `status`, `release_date`, `type`) VALUES
(1, '', '', 'Re-Issuance', '2011-04-26 10:43:21', 'certification'),
(2, '', '', 'Re-Issuance', '2011-04-26 10:43:43', 'certification'),
(6, '421', '60', 'Issuance', '2013-08-05 16:23:12', 'diploma'),
(7, '422', '60', 'Issuance', '2013-08-05 16:25:12', 'diploma'),
(8, '424', '60', 'Issuance', '2013-08-05 16:25:48', 'certification'),
(9, '421', '60', 'Re-Issuance', '2013-08-05 16:26:20', 'certification'),
(10, '420', '60', 'Issuance', '2013-08-05 16:27:07', 'certification'),
(11, '93', '131', 'Issuance', '2013-08-05 16:27:55', 'diploma'),
(12, '93', '131', 'Re-Issuance', '2013-08-05 16:31:38', 'diploma'),
(13, '94', '131', 'Issuance', '2013-08-05 16:34:09', 'certification'),
(14, '867', '167', 'Issuance', '2013-08-30 00:00:00', 'diploma'),
(15, '867', '167', 'Re-Issuance', '2013-08-30 00:00:00', 'diploma'),
(16, '868', '167', 'Issuance', '2013-08-30 00:00:00', 'diploma'),
(17, '869', '167', 'Issuance', '2013-08-30 00:00:00', 'diploma'),
(18, '870', '167', 'Issuance', '2013-08-30 00:00:00', 'diploma'),
(19, '871', '167', 'Issuance', '2013-08-30 00:00:00', 'diploma'),
(20, '872', '167', 'Issuance', '2013-08-30 00:00:00', 'diploma'),
(21, '873', '167', 'Issuance', '2013-08-30 00:00:00', 'diploma'),
(22, '874', '167', 'Issuance', '2013-08-30 00:00:00', 'diploma'),
(23, '128', '123', 'Issuance', '2000-07-21 00:00:00', 'diploma'),
(24, '129', '123', 'Issuance', '2000-07-21 00:00:00', 'diploma'),
(25, '130', '123', 'Issuance', '2000-07-21 00:00:00', 'diploma'),
(26, '131', '123', 'Issuance', '2000-07-21 00:00:00', 'diploma'),
(27, '132', '123', 'Issuance', '2000-07-21 00:00:00', 'diploma'),
(28, '133', '123', 'Issuance', '2000-07-21 00:00:00', 'diploma'),
(29, '134', '123', 'Issuance', '2000-07-21 00:00:00', 'diploma'),
(30, '135', '123', 'Issuance', '2000-07-21 00:00:00', 'diploma'),
(31, '136', '123', 'Issuance', '2000-07-21 00:00:00', 'diploma'),
(32, '137', '123', 'Issuance', '2000-07-21 00:00:00', 'diploma'),
(33, '138', '123', 'Issuance', '2000-07-21 00:00:00', 'diploma'),
(34, '139', '123', 'Issuance', '2000-07-21 00:00:00', 'diploma'),
(35, '783', '123', 'Issuance', '2000-07-21 00:00:00', 'diploma'),
(36, '141', '123', 'Issuance', '2000-07-21 00:00:00', 'diploma'),
(37, '142', '123', 'Issuance', '2000-07-21 00:00:00', 'diploma'),
(38, '143', '123', 'Issuance', '2000-07-21 00:00:00', 'diploma'),
(39, '144', '123', 'Issuance', '2000-07-21 00:00:00', 'diploma'),
(40, '145', '123', 'Issuance', '2000-07-21 00:00:00', 'diploma'),
(41, '146', '123', 'Issuance', '2000-07-21 00:00:00', 'diploma'),
(42, '147', '123', 'Issuance', '2000-07-21 00:00:00', 'diploma'),
(43, '148', '123', 'Issuance', '2000-07-21 00:00:00', 'diploma'),
(44, '172', '123', 'Issuance', '2000-07-21 00:00:00', 'diploma'),
(45, '173', '123', 'Issuance', '2000-07-21 00:00:00', 'diploma'),
(46, '174', '123', 'Issuance', '2000-07-21 00:00:00', 'diploma'),
(47, '175', '123', 'Issuance', '2000-07-21 00:00:00', 'diploma'),
(48, '176', '123', 'Issuance', '2000-07-21 00:00:00', 'diploma'),
(49, '625', '123', 'Issuance', '2000-07-21 00:00:00', 'diploma'),
(50, '178', '123', 'Issuance', '2000-07-21 00:00:00', 'diploma'),
(51, '179', '123', 'Issuance', '2000-07-21 00:00:00', 'diploma'),
(52, '180', '123', 'Issuance', '2000-07-21 00:00:00', 'diploma'),
(53, '784', '123', 'Issuance', '2000-07-21 00:00:00', 'diploma'),
(54, '268', '52', 'Issuance', '2010-11-26 00:00:00', 'diploma'),
(55, '269', '52', 'Issuance', '2010-11-26 00:00:00', 'diploma'),
(56, '270', '52', 'Issuance', '2010-11-26 00:00:00', 'diploma'),
(57, '271', '52', 'Issuance', '2010-11-26 00:00:00', 'diploma'),
(58, '272', '52', 'Issuance', '2010-11-26 00:00:00', 'diploma'),
(59, '273', '52', 'Issuance', '2010-11-26 00:00:00', 'diploma'),
(60, '274', '52', 'Issuance', '2010-11-26 00:00:00', 'diploma'),
(61, '275', '52', 'Issuance', '2010-11-26 00:00:00', 'diploma'),
(62, '276', '52', 'Issuance', '2010-11-26 00:00:00', 'diploma'),
(63, '277', '52', 'Issuance', '2010-11-26 00:00:00', 'diploma'),
(64, '278', '52', 'Issuance', '2010-11-26 00:00:00', 'diploma'),
(65, '279', '52', 'Issuance', '2010-11-26 00:00:00', 'diploma'),
(66, '280', '52', 'Issuance', '2010-11-26 00:00:00', 'diploma'),
(67, '282', '52', 'Issuance', '2010-11-26 00:00:00', 'diploma'),
(68, '283', '52', 'Issuance', '2010-11-26 00:00:00', 'diploma'),
(69, '284', '52', 'Issuance', '2010-11-26 00:00:00', 'diploma'),
(70, '285', '52', 'Issuance', '2010-11-26 00:00:00', 'diploma'),
(71, '547', '67', 'Issuance', '2010-09-17 00:00:00', 'diploma'),
(72, '548', '67', 'Issuance', '2010-09-17 00:00:00', 'diploma'),
(73, '549', '67', 'Issuance', '2010-09-17 00:00:00', 'diploma'),
(74, '550', '67', 'Issuance', '2010-09-17 00:00:00', 'diploma'),
(75, '551', '67', 'Issuance', '2010-09-17 00:00:00', 'diploma'),
(76, '552', '67', 'Issuance', '2010-09-17 00:00:00', 'diploma'),
(77, '553', '67', 'Issuance', '2010-09-17 00:00:00', 'diploma'),
(78, '554', '67', 'Issuance', '2010-09-17 00:00:00', 'diploma'),
(79, '555', '67', 'Issuance', '2010-09-17 00:00:00', 'diploma'),
(80, '556', '67', 'Issuance', '2010-09-17 00:00:00', 'diploma'),
(81, '557', '67', 'Issuance', '2010-09-17 00:00:00', 'diploma'),
(82, '559', '67', 'Issuance', '2010-09-17 00:00:00', 'diploma'),
(83, '560', '67', 'Issuance', '2010-09-17 00:00:00', 'diploma'),
(84, '561', '67', 'Issuance', '2010-09-17 00:00:00', 'diploma'),
(85, '562', '67', 'Issuance', '2010-09-17 00:00:00', 'diploma'),
(86, '566', '67', 'Issuance', '2010-09-17 00:00:00', 'diploma'),
(87, '567', '67', 'Issuance', '2010-09-17 00:00:00', 'diploma'),
(88, '568', '67', 'Issuance', '2010-09-17 00:00:00', 'diploma'),
(89, '569', '67', 'Issuance', '2010-09-17 00:00:00', 'diploma'),
(90, '13', '68', 'Issuance', '2012-01-04 00:00:00', 'diploma'),
(91, '14', '68', 'Issuance', '2012-01-04 00:00:00', 'diploma'),
(92, '15', '68', 'Issuance', '2012-01-04 00:00:00', 'diploma'),
(93, '16', '68', 'Issuance', '2012-01-04 00:00:00', 'diploma'),
(94, '17', '68', 'Issuance', '2012-01-04 00:00:00', 'diploma'),
(95, '18', '68', 'Issuance', '2012-01-04 00:00:00', 'diploma'),
(96, '19', '68', 'Issuance', '2012-01-04 00:00:00', 'diploma'),
(97, '20', '68', 'Issuance', '2012-01-04 00:00:00', 'diploma'),
(98, '21', '68', 'Issuance', '2012-01-04 00:00:00', 'diploma'),
(99, '22', '68', 'Issuance', '2012-01-04 00:00:00', 'diploma'),
(100, '23', '68', 'Issuance', '2012-01-04 00:00:00', 'diploma'),
(101, '24', '68', 'Issuance', '2012-01-04 00:00:00', 'diploma'),
(102, '46', '68', 'Issuance', '2012-01-04 00:00:00', 'diploma'),
(103, '26', '68', 'Issuance', '2012-01-04 00:00:00', 'diploma'),
(104, '27', '68', 'Issuance', '2012-01-04 00:00:00', 'diploma'),
(105, '28', '68', 'Issuance', '2012-01-04 00:00:00', 'diploma'),
(106, '29', '68', 'Issuance', '2012-01-04 00:00:00', 'diploma'),
(107, '31', '68', 'Issuance', '2012-01-04 00:00:00', 'diploma'),
(108, '570', '68', 'Issuance', '2012-01-04 00:00:00', 'diploma'),
(109, '791', '131', 'Issuance', '2012-08-31 00:00:00', 'diploma'),
(110, '88', '131', 'Issuance', '2012-08-31 00:00:00', 'diploma'),
(111, '89', '131', 'Issuance', '2012-08-31 00:00:00', 'diploma'),
(112, '90', '131', 'Issuance', '2012-08-31 00:00:00', 'diploma'),
(113, '91', '131', 'Issuance', '2012-08-31 00:00:00', 'diploma'),
(114, '792', '131', 'Issuance', '2012-08-31 00:00:00', 'diploma'),
(115, '93', '131', 'Re-Issuance', '2012-08-31 00:00:00', 'diploma'),
(116, '94', '131', 'Issuance', '2012-08-31 00:00:00', 'diploma'),
(117, '95', '131', 'Issuance', '2012-08-31 00:00:00', 'diploma'),
(118, '96', '131', 'Issuance', '2012-08-31 00:00:00', 'diploma'),
(119, '97', '131', 'Issuance', '2012-08-31 00:00:00', 'diploma'),
(120, '98', '131', 'Issuance', '2012-08-31 00:00:00', 'diploma'),
(121, '99', '131', 'Issuance', '2012-08-31 00:00:00', 'diploma'),
(122, '100', '131', 'Issuance', '2012-08-31 00:00:00', 'diploma'),
(123, '101', '131', 'Issuance', '2012-08-31 00:00:00', 'diploma'),
(124, '794', '135', 'Issuance', '2010-03-22 00:00:00', 'diploma'),
(125, '577', '136', 'Issuance', '2007-03-14 00:00:00', 'diploma'),
(126, '578', '136', 'Issuance', '2007-03-14 00:00:00', 'diploma'),
(127, '579', '136', 'Issuance', '2007-03-14 00:00:00', 'diploma'),
(128, '117', '136', 'Issuance', '2007-03-14 00:00:00', 'diploma'),
(129, '795', '136', 'Issuance', '2007-03-14 00:00:00', 'diploma'),
(130, '255', '136', 'Issuance', '2007-03-14 00:00:00', 'diploma'),
(131, '176', '136', 'Issuance', '2007-03-14 00:00:00', 'diploma'),
(132, '285', '136', 'Issuance', '2007-03-14 00:00:00', 'diploma'),
(133, '208', '136', 'Issuance', '2007-03-14 00:00:00', 'diploma'),
(134, '586', '137', 'Issuance', '2008-07-22 00:00:00', 'diploma'),
(135, '587', '137', 'Issuance', '2008-07-22 00:00:00', 'diploma'),
(136, '588', '137', 'Issuance', '2008-07-22 00:00:00', 'diploma'),
(137, '590', '137', 'Issuance', '2008-07-22 00:00:00', 'diploma'),
(138, '171', '137', 'Issuance', '2008-07-22 00:00:00', 'diploma'),
(139, '796', '137', 'Issuance', '2008-07-22 00:00:00', 'diploma'),
(140, '793', '132', 'Issuance', '2009-09-30 00:00:00', 'diploma'),
(141, '573', '133', 'Issuance', '2009-09-02 00:00:00', 'diploma'),
(142, '876', '132', 'Issuance', '2009-09-30 00:00:00', 'diploma'),
(143, '877', '133', 'Issuance', '2009-09-02 00:00:00', 'diploma'),
(144, '878', '133', 'Issuance', '2009-09-02 00:00:00', 'diploma'),
(145, '593', '138', 'Issuance', '2009-10-13 00:00:00', 'diploma'),
(146, '594', '138', 'Issuance', '2009-10-13 00:00:00', 'diploma'),
(147, '595', '138', 'Issuance', '2009-10-13 00:00:00', 'diploma'),
(148, '347', '138', 'Issuance', '2009-10-13 00:00:00', 'diploma'),
(149, '597', '138', 'Issuance', '2009-10-13 00:00:00', 'diploma'),
(150, '282', '138', 'Issuance', '2009-10-13 00:00:00', 'diploma'),
(151, '599', '138', 'Issuance', '2009-10-13 00:00:00', 'diploma'),
(152, '270', '138', 'Issuance', '2009-10-13 00:00:00', 'diploma'),
(153, '601', '138', 'Issuance', '2009-10-13 00:00:00', 'diploma'),
(154, '602', '138', 'Issuance', '2009-10-13 00:00:00', 'diploma'),
(155, '603', '139', 'Issuance', '2010-04-22 00:00:00', 'diploma'),
(156, '334', '139', 'Issuance', '2010-04-22 00:00:00', 'diploma'),
(157, '797', '139', 'Issuance', '2010-04-22 00:00:00', 'diploma'),
(158, '606', '139', 'Issuance', '2010-04-22 00:00:00', 'diploma'),
(159, '346', '139', 'Issuance', '2010-04-22 00:00:00', 'diploma'),
(160, '608', '139', 'Issuance', '2010-04-22 00:00:00', 'diploma'),
(161, '617', '139', 'Issuance', '2010-04-22 00:00:00', 'diploma'),
(162, '609', '139', 'Issuance', '2010-04-22 00:00:00', 'diploma'),
(163, '610', '139', 'Issuance', '2010-04-22 00:00:00', 'diploma'),
(164, '611', '139', 'Issuance', '2010-04-22 00:00:00', 'diploma'),
(165, '798', '140', 'Issuance', '2010-05-28 00:00:00', 'diploma'),
(166, '620', '140', 'Issuance', '2010-05-28 00:00:00', 'diploma'),
(167, '621', '140', 'Issuance', '2010-05-28 00:00:00', 'diploma'),
(168, '345', '140', 'Issuance', '2010-05-28 00:00:00', 'diploma'),
(169, '623', '140', 'Issuance', '2010-05-28 00:00:00', 'diploma'),
(170, '624', '140', 'Issuance', '2010-05-28 00:00:00', 'diploma'),
(171, '625', '140', 'Issuance', '2010-05-28 00:00:00', 'diploma'),
(172, '626', '140', 'Issuance', '2010-05-28 00:00:00', 'diploma'),
(173, '627', '140', 'Issuance', '2010-05-28 00:00:00', 'diploma'),
(174, '628', '140', 'Issuance', '2010-05-28 00:00:00', 'diploma'),
(175, '629', '141', 'Issuance', '2011-07-15 00:00:00', 'diploma'),
(176, '630', '141', 'Issuance', '2011-07-15 00:00:00', 'diploma'),
(177, '631', '141', 'Issuance', '2011-07-15 00:00:00', 'diploma'),
(178, '799', '142', 'Issuance', '2012-05-16 00:00:00', 'diploma'),
(179, '800', '142', 'Issuance', '2012-05-16 00:00:00', 'diploma'),
(180, '801', '142', 'Issuance', '2012-05-16 00:00:00', 'diploma'),
(181, '802', '142', 'Issuance', '2012-05-16 00:00:00', 'diploma'),
(182, '803', '144', 'Issuance', '2011-03-31 00:00:00', 'diploma'),
(183, '804', '145', 'Issuance', '2011-04-29 00:00:00', 'diploma'),
(184, '805', '146', 'Issuance', '2011-05-04 00:00:00', 'diploma'),
(185, '32', '30', 'Issuance', '2012-01-25 00:00:00', 'diploma'),
(186, '812', '151', 'Issuance', '2010-03-05 00:00:00', 'diploma'),
(187, '813', '151', 'Issuance', '2010-03-05 00:00:00', 'diploma'),
(188, '814', '152', 'Issuance', '2010-10-22 00:00:00', 'diploma'),
(189, '815', '152', 'Issuance', '2010-10-22 00:00:00', 'diploma'),
(190, '50', '155', 'Issuance', '2012-01-30 00:00:00', 'diploma'),
(191, '2887', '321', 'Issuance', '2016-08-03 00:00:00', 'diploma'),
(192, '2887', '321', 'Re-Issuance', '2016-08-03 00:00:00', 'diploma'),
(193, '2907', '325', 'Issuance', '2016-09-01 00:00:00', 'diploma'),
(194, '1985', '292', 'Issuance', '2016-09-01 00:00:00', 'diploma'),
(195, '896', '181', 'Issuance', '2018-05-08 02:55:23', 'certification'),
(198, '896', '181', 'Issuance', '2018-05-08 03:01:54', 'certification'),
(199, '896', '181', 'Issuance', '2018-05-08 03:04:06', 'certification'),
(200, '896', '181', 'Issuance', '2018-05-08 03:04:06', 'diploma'),
(201, '896', '181', 'Issuance', '2018-05-08 03:32:05', 'certification'),
(202, '896', '181', 'Issuance', '2018-05-08 03:32:05', 'diploma'),
(203, '896', '181', 'Issuance', '2018-05-08 03:32:32', 'certification'),
(204, '896', '181', 'Issuance', '2018-05-08 03:32:32', 'diploma'),
(205, '287', '53', 'Issuance', '2018-05-09 03:08:00', 'certification'),
(206, '287', '53', 'Issuance', '2018-05-09 03:08:00', 'diploma'),
(207, '287', '53', 'Issuance', '2018-05-09 03:08:16', 'certification'),
(208, '287', '53', 'Issuance', '2018-05-09 03:08:16', 'diploma'),
(209, '65', '39', 'Issuance', '2018-05-11 03:50:07', 'certification'),
(210, '65', '39', 'Issuance', '2018-05-11 03:50:07', 'diploma'),
(211, '65', '39', 'Issuance', '2018-05-11 03:51:29', 'certification'),
(212, '65', '39', 'Issuance', '2018-05-11 03:51:29', 'diploma'),
(213, '65', '39', 'Issuance', '2018-05-11 03:52:19', 'certification'),
(214, '65', '39', 'Issuance', '2018-05-11 03:52:19', 'diploma'),
(215, '65', '39', 'Issuance', '2018-05-11 03:54:02', 'certification'),
(216, '65', '39', 'Issuance', '2018-05-11 03:54:02', 'diploma'),
(217, '578', '136', 'Issuance', '2018-05-11 03:59:02', 'certification'),
(218, '578', '136', 'Issuance', '2018-05-11 03:59:02', 'diploma'),
(219, '578', '136', 'Issuance', '2018-05-11 04:00:42', 'certification'),
(220, '578', '136', 'Issuance', '2018-05-11 04:00:42', 'diploma'),
(221, '65', '88', 'Issuance', '2018-05-11 04:32:53', 'certification'),
(222, '65', '88', 'Issuance', '2018-05-11 04:32:53', 'diploma'),
(223, '65', '241', 'Issuance', '2018-05-11 04:32:53', 'certification'),
(224, '65', '241', 'Issuance', '2018-05-11 04:32:53', 'diploma'),
(225, '65', '259', 'Issuance', '2018-05-11 04:32:53', 'certification'),
(226, '65', '259', 'Issuance', '2018-05-11 04:32:53', 'diploma'),
(227, '65', '290', 'Issuance', '2018-05-11 04:32:53', 'certification'),
(228, '65', '290', 'Issuance', '2018-05-11 04:32:53', 'diploma');

-- --------------------------------------------------------

--
-- Table structure for table `division`
--

CREATE TABLE IF NOT EXISTS `division` (
  `division_code` varchar(145) NOT NULL,
  `division_name` varchar(150) NOT NULL,
  `shortcut` varchar(45) NOT NULL,
  PRIMARY KEY (`division_code`)
) ENGINE=MyISAM DEFAULT CHARSET=latin1;

--
-- Dumping data for table `division`
--

INSERT INTO `division` (`division_code`, `division_name`, `shortcut`) VALUES
('ADM', 'Administrative Division', 'Admin'),
('AFC', 'Automatic Fare Collection Center', 'AFC'),
('FCD', 'Finance and Comptrollership Division', 'Finance'),
('MSD', 'Engineering Division', 'Engineering'),
('OD', 'Office of the Operations Director', 'Operations'),
('OGM', 'Office of the General Manager', 'OGM'),
('SSU', 'Safety and Security', 'Safety and Security'),
('STN', 'Station Division', 'Station'),
('SUP', 'Support Staff', 'Support'),
('TRA', 'Transport Division', 'Transport'),
('TREA', 'Treasury Division', 'Treasury'),
('ALL', 'ALL DEPARTMENTS', 'ALL'),
('SDU', 'Systems Development Unit', 'SDU'),
('IAU', 'Internal Audit Unit', 'IAU');

-- --------------------------------------------------------

--
-- Table structure for table `login`
--

CREATE TABLE IF NOT EXISTS `login` (
  `username` varchar(45) NOT NULL,
  `password` varchar(45) NOT NULL,
  `firstName` text NOT NULL,
  `lastName` text NOT NULL,
  `account` varchar(45) DEFAULT NULL,
  PRIMARY KEY (`username`)
) ENGINE=InnoDB DEFAULT CHARSET=latin1;

--
-- Dumping data for table `login`
--

INSERT INTO `login` (`username`, `password`, `firstName`, `lastName`, `account`) VALUES
('admin', '123456', 'Aida', 'Deveraturda', 'Administrator'),
('admin2', '123456', 'Wenie ', 'Del Mundo', 'Administrator'),
('admin3', 'icecream', 'Reinalou Antoinette', 'Pascua', 'Administrator'),
('trainer1', '123456', 'Patrick Simon', 'Silva', 'Hybrid'),
('trainer2', '123456', 'Luis Jr.', 'Saman', 'Trainer'),
('trainer3', '123456', 'Graziela', 'Santos', 'Trainer'),
('trainer4', '123456', 'Gary Kenneth ', 'Alpapara', 'Trainer'),
('trainer5', '123456', 'Claro Jr.', 'Martin', 'Hybrid');

-- --------------------------------------------------------

--
-- Table structure for table `log_history`
--

CREATE TABLE IF NOT EXISTS `log_history` (
  `id` int(10) unsigned NOT NULL AUTO_INCREMENT,
  `log_time` datetime NOT NULL,
  `username` varchar(45) NOT NULL,
  `type` varchar(45) NOT NULL,
  PRIMARY KEY (`id`)
) ENGINE=InnoDB  DEFAULT CHARSET=latin1 AUTO_INCREMENT=585 ;

--
-- Dumping data for table `log_history`
--

INSERT INTO `log_history` (`id`, `log_time`, `username`, `type`) VALUES
(3, '2011-05-11 07:12:04', 'admin', 'login'),
(4, '2011-05-11 07:45:32', '', 'logout'),
(5, '2011-05-11 07:45:36', 'admin', 'login'),
(6, '2011-05-11 09:45:10', '', 'logout'),
(7, '2011-05-11 09:49:08', 'admin', 'login'),
(8, '2011-05-11 09:49:12', '', 'logout'),
(9, '2011-05-11 09:49:35', 'admin', 'login'),
(10, '2011-05-12 01:06:39', 'admin', 'login'),
(11, '2011-05-12 02:49:39', '', 'logout'),
(12, '2011-05-12 03:08:08', 'admin', 'login'),
(13, '2011-05-12 03:08:11', '', 'logout'),
(14, '2011-05-12 03:08:46', 'admin', 'login'),
(15, '2011-05-12 03:46:13', 'admin', 'login'),
(16, '2011-05-12 04:47:59', '', 'logout'),
(17, '2011-05-13 01:26:34', 'admin', 'login'),
(18, '2011-05-13 03:04:14', 'admin', 'login'),
(19, '2011-05-17 00:52:50', 'admin', 'login'),
(20, '2011-05-17 03:06:16', 'admin', 'login'),
(21, '2011-05-17 03:25:43', 'admin', 'login'),
(22, '2011-05-17 05:04:04', 'admin', 'login'),
(23, '2011-05-17 05:26:57', 'admin', 'login'),
(24, '2011-05-18 04:54:59', 'admin', 'login'),
(25, '2011-05-18 04:58:07', '', 'logout'),
(26, '2011-05-18 04:58:11', 'admin', 'login'),
(27, '2011-05-18 05:00:24', '', 'logout'),
(28, '2011-05-18 05:00:27', 'admin', 'login'),
(29, '2011-05-18 05:05:33', 'admin', 'login'),
(30, '2011-05-18 05:43:37', '', 'logout'),
(31, '2011-05-18 05:43:41', 'admin', 'login'),
(32, '2011-05-18 08:56:06', 'admin', 'login'),
(33, '2011-05-19 00:25:11', 'admin', 'login'),
(34, '2011-05-19 07:04:28', 'admin', 'login'),
(35, '2011-05-20 00:09:58', 'admin', 'login'),
(36, '2011-05-20 03:41:42', '', 'logout'),
(37, '2011-05-20 03:42:01', 'admin', 'login'),
(38, '2011-05-20 09:00:48', 'admin', 'login'),
(39, '2011-05-20 09:01:39', '', 'logout'),
(40, '2011-05-20 09:01:49', 'admin', 'login'),
(41, '2011-05-20 09:33:09', 'admin', 'login'),
(42, '2011-05-20 09:35:39', '', 'logout'),
(43, '2011-05-23 00:53:48', 'admin', 'login'),
(44, '2011-05-23 09:32:48', '', 'logout'),
(45, '2011-05-24 00:42:33', 'admin', 'login'),
(46, '2011-05-24 02:53:44', '', 'logout'),
(47, '2011-05-24 03:15:42', 'admin', 'login'),
(48, '2011-05-24 03:44:09', '', 'logout'),
(49, '2011-05-24 04:20:45', 'admin', 'login'),
(50, '2011-06-06 03:18:10', 'admin', 'login'),
(51, '2011-06-06 03:20:28', 'admin', 'login'),
(52, '2011-07-27 03:25:06', '', 'logout'),
(53, '2011-07-27 03:25:10', 'admin', 'login'),
(54, '2011-07-28 08:09:22', '', 'logout'),
(55, '2011-07-28 08:09:31', 'admin', 'login'),
(56, '2011-07-28 08:21:17', '', 'logout'),
(57, '2011-07-28 08:21:23', 'admin', 'login'),
(58, '2011-07-28 10:54:06', '', 'logout'),
(59, '2011-08-01 10:59:58', '', 'logout'),
(60, '2011-08-03 11:01:22', '', 'logout'),
(61, '2011-08-12 09:19:22', '', 'logout'),
(62, '2011-08-12 09:19:26', 'admin', 'login'),
(63, '2011-08-12 09:19:31', '', 'logout'),
(64, '2011-08-12 09:19:39', 'trainer3', 'login'),
(65, '2011-08-12 09:20:01', '', 'logout'),
(66, '2011-08-12 09:21:02', '', 'logout'),
(67, '2011-08-12 09:21:44', 'admin', 'login'),
(68, '2011-08-12 09:21:48', '', 'logout'),
(69, '2011-08-12 09:21:54', 'trainer1', 'login'),
(70, '2011-08-12 09:21:58', '', 'logout'),
(71, '2011-08-12 09:22:42', 'admin', 'login'),
(72, '2011-08-12 09:22:58', '', 'logout'),
(73, '2011-08-12 09:27:17', 'admin', 'login'),
(74, '2011-08-12 09:27:21', '', 'logout'),
(75, '2011-08-12 09:31:30', 'admin2', 'login'),
(76, '2011-08-12 09:39:12', '', 'logout'),
(77, '2011-08-12 09:39:15', 'admin', 'login'),
(78, '2011-08-12 09:39:19', '', 'logout'),
(79, '2011-08-12 09:39:23', 'admin', 'login'),
(80, '2011-08-12 09:39:25', '', 'logout'),
(81, '2011-08-12 09:39:33', 'trainer4', 'login'),
(82, '2011-08-12 09:39:36', '', 'logout'),
(83, '2011-08-12 09:42:21', 'admin', 'login'),
(84, '2011-08-12 09:42:26', 'admin', 'logout'),
(85, '2011-08-12 09:42:33', 'trainer4', 'login'),
(86, '2011-08-12 09:42:39', 'trainer4', 'logout'),
(87, '2011-08-12 09:42:44', 'admin', 'login'),
(88, '2011-08-12 09:47:16', 'admin', 'logout'),
(89, '2011-08-12 09:47:23', 'trainer3', 'login'),
(90, '2011-08-12 09:47:27', 'trainer3', 'logout'),
(91, '2011-08-12 09:47:34', 'admin', 'login'),
(92, '2011-08-12 09:47:49', 'admin', 'logout'),
(93, '2011-08-17 10:33:44', 'admin', 'login'),
(94, '2011-08-17 10:33:53', 'admin', 'logout'),
(95, '2011-08-18 02:54:15', 'trainer3', 'login'),
(96, '2011-08-18 02:54:21', 'trainer3', 'logout'),
(97, '2011-08-18 02:54:24', 'admin', 'login'),
(98, '2011-08-18 02:54:54', 'admin', 'logout'),
(99, '2011-08-22 04:59:32', 'admin', 'login'),
(100, '2011-08-22 06:08:56', 'admin', 'logout'),
(101, '2011-08-22 07:48:53', 'admin', 'login'),
(102, '2011-08-22 08:11:19', 'admin', 'login'),
(103, '2011-08-22 08:37:13', 'admin', 'login'),
(104, '2011-08-22 10:36:02', 'admin', 'logout'),
(105, '2011-08-24 05:31:32', 'admin', 'login'),
(106, '2011-08-31 03:42:47', 'admin', 'login'),
(107, '2011-08-31 03:48:00', 'admin', 'logout'),
(108, '2011-08-31 03:48:07', 'trainer3', 'login'),
(109, '2011-08-31 04:00:30', 'trainer3', 'logout'),
(110, '2011-08-31 04:46:10', 'admin', 'login'),
(111, '2011-10-04 08:35:13', 'admin', 'login'),
(112, '2011-10-04 08:38:04', 'admin', 'login'),
(113, '2011-10-07 05:00:56', 'admin', 'login'),
(114, '2011-10-07 10:53:00', 'admin', 'logout'),
(115, '2011-10-12 09:48:47', 'admin', 'login'),
(116, '2011-10-12 09:55:34', 'admin', 'login'),
(117, '2011-10-14 03:54:37', 'admin', 'login'),
(118, '2011-10-14 04:46:34', 'admin', 'logout'),
(119, '2011-10-14 04:46:51', 'admin', 'login'),
(120, '2011-10-14 11:16:55', 'admin', 'logout'),
(121, '2011-10-26 05:32:00', 'admin', 'login'),
(122, '2011-10-27 10:03:02', 'admin', 'login'),
(123, '2011-10-27 10:03:11', 'admin', 'logout'),
(124, '2011-10-27 10:03:19', 'trainer3', 'login'),
(125, '2011-10-27 10:11:05', 'trainer3', 'logout'),
(126, '2011-10-27 10:11:13', 'admin', 'login'),
(127, '2011-10-27 10:15:59', 'admin', 'logout'),
(128, '2011-10-27 10:16:10', 'trainer3', 'login'),
(129, '2011-10-27 10:32:32', 'trainer3', 'logout'),
(130, '2011-12-07 02:26:17', 'admin', 'login'),
(131, '2011-12-07 03:51:19', 'admin', 'login'),
(132, '2011-12-07 04:36:16', 'trainer3', 'login'),
(133, '2011-12-07 04:36:19', 'trainer3', 'logout'),
(134, '2011-12-07 09:40:56', '', 'logout'),
(135, '2011-12-07 09:41:03', 'admin', 'login'),
(136, '2011-12-07 10:06:16', 'admin', 'logout'),
(137, '2011-12-07 10:07:13', 'admin', 'login'),
(138, '2011-12-07 10:07:16', 'admin', 'logout'),
(139, '2011-12-08 02:33:09', 'admin', 'login'),
(140, '2011-12-08 04:12:49', 'admin', 'login'),
(141, '2011-12-08 10:08:16', 'admin', 'logout'),
(142, '2011-12-09 02:56:13', 'admin', 'login'),
(143, '2011-12-09 02:57:43', 'admin', 'logout'),
(144, '2011-12-09 06:43:39', 'admin', 'login'),
(145, '2011-12-09 09:58:12', 'admin', 'logout'),
(146, '2012-01-03 03:43:38', 'admin', 'login'),
(147, '2012-01-03 03:43:55', 'admin', 'logout'),
(148, '2012-01-03 03:44:30', 'admin', 'login'),
(149, '2012-01-04 02:24:55', 'admin', 'login'),
(150, '2012-01-04 09:23:20', '', 'logout'),
(151, '2012-01-04 09:23:26', 'admin', 'login'),
(152, '2012-01-04 09:27:07', '', 'logout'),
(153, '2012-01-04 09:27:10', 'admin', 'login'),
(154, '2012-01-05 01:44:54', '', 'logout'),
(155, '2012-01-05 01:44:58', 'admin', 'login'),
(156, '2012-01-05 02:10:12', 'admin', 'logout'),
(157, '2012-01-05 02:57:24', 'admin', 'login'),
(158, '2012-01-05 03:03:41', 'admin', 'login'),
(159, '2012-01-05 03:36:49', 'admin', 'login'),
(160, '2012-01-05 03:42:32', 'admin', 'logout'),
(161, '2012-01-05 06:28:44', 'admin', 'login'),
(162, '2012-01-06 02:49:33', 'admin', 'login'),
(163, '2012-01-06 03:09:24', 'admin', 'login'),
(164, '2012-01-06 03:14:56', 'admin', 'logout'),
(165, '2012-01-06 03:15:25', 'admin', 'login'),
(166, '2012-01-06 03:15:50', 'admin', 'logout'),
(167, '2012-01-09 03:10:05', 'trainer2', 'login'),
(168, '2012-01-09 03:10:15', 'trainer2', 'logout'),
(169, '2012-01-09 03:10:19', 'admin', 'login'),
(170, '2012-01-09 03:12:13', 'admin', 'logout'),
(171, '2012-01-09 03:13:53', 'trainer2', 'login'),
(172, '2012-01-09 03:15:27', 'trainer2', 'logout'),
(173, '2012-01-12 02:03:26', 'admin', 'login'),
(174, '2012-01-12 02:08:03', 'admin', 'login'),
(175, '2012-01-12 03:32:52', 'admin', 'login'),
(176, '2012-01-12 03:33:10', 'admin', 'login'),
(177, '2012-01-12 03:33:24', 'admin', 'login'),
(178, '2012-01-12 07:28:10', 'admin', 'login'),
(179, '2012-01-12 09:59:05', 'admin', 'logout'),
(180, '2012-01-13 04:01:39', 'admin', 'login'),
(181, '2012-01-13 04:20:00', 'admin', 'login'),
(182, '2012-01-13 04:29:19', 'admin', 'login'),
(183, '2012-01-13 06:32:45', 'admin', 'logout'),
(184, '2012-01-13 07:07:31', 'admin', 'login'),
(185, '2012-01-13 07:08:35', 'admin', 'logout'),
(186, '2012-01-13 07:18:10', 'admin', 'login'),
(187, '2012-01-13 07:23:09', 'admin', 'logout'),
(188, '2012-01-17 09:00:33', 'admin', 'login'),
(189, '2012-01-17 09:01:06', 'admin', 'logout'),
(190, '2012-01-18 03:02:31', 'admin', 'login'),
(191, '2012-01-19 03:50:18', 'admin', 'login'),
(192, '2012-01-20 09:37:49', 'admin', 'login'),
(193, '2012-01-20 09:37:53', 'admin', 'logout'),
(194, '2012-01-25 02:05:58', 'admin', 'login'),
(195, '2012-01-25 03:05:03', 'admin', 'login'),
(196, '2012-01-25 03:06:52', 'admin', 'login'),
(197, '2012-01-25 03:19:34', 'admin', 'login'),
(198, '2012-01-25 06:28:06', 'admin', 'logout'),
(199, '2012-01-25 06:28:27', 'admin', 'login'),
(200, '2012-01-25 09:45:09', 'admin', 'logout'),
(201, '2012-01-26 01:56:16', 'admin', 'login'),
(202, '2012-01-26 05:06:04', 'admin', 'logout'),
(203, '2012-01-27 04:46:37', 'trainer3', 'login'),
(204, '2012-01-27 04:49:50', 'trainer3', 'logout'),
(205, '2012-01-27 04:49:58', 'admin', 'login'),
(206, '2012-01-27 04:50:34', 'admin', 'logout'),
(207, '2012-01-27 04:50:41', 'trainer3', 'login'),
(208, '2012-01-27 04:58:40', 'trainer3', 'logout'),
(209, '2012-01-27 05:00:15', '', 'logout'),
(210, '2012-01-27 05:00:19', 'admin', 'login'),
(211, '2012-01-27 05:00:24', 'admin', 'logout'),
(212, '2012-01-27 05:00:30', 'trainer3', 'login'),
(213, '2012-01-27 05:02:15', 'trainer3', 'logout'),
(214, '2012-01-27 05:03:32', 'trainer3', 'login'),
(215, '2012-01-27 05:04:48', 'trainer3', 'logout'),
(216, '2012-01-27 05:05:40', 'trainer3', 'login'),
(217, '2012-01-27 05:08:17', 'trainer3', 'logout'),
(218, '2012-01-27 06:57:04', 'trainer3', 'login'),
(219, '2012-01-27 06:59:12', 'trainer3', 'logout'),
(220, '2012-01-27 07:00:18', 'trainer3', 'login'),
(221, '2012-01-27 08:35:15', 'admin', 'login'),
(222, '2012-01-27 09:59:55', '', 'logout'),
(223, '2012-02-20 07:53:27', 'admin', 'login'),
(224, '2012-02-20 07:53:43', 'admin', 'logout'),
(225, '2012-02-20 07:54:09', 'trainer3', 'login'),
(226, '2012-02-21 04:18:01', 'trainer3', 'login'),
(227, '2012-02-21 04:35:37', '', 'logout'),
(228, '2012-02-21 04:35:44', 'trainer3', 'login'),
(229, '2012-02-21 04:35:54', 'trainer3', 'logout'),
(230, '2012-02-21 04:45:53', 'trainer3', 'logout'),
(231, '2012-02-21 04:46:24', 'trainer3', 'login'),
(232, '2012-02-21 07:49:46', 'trainer3', 'login'),
(233, '2012-02-21 08:00:28', 'trainer3', 'login'),
(234, '2012-02-23 08:25:12', '', 'logout'),
(235, '2012-02-23 08:25:16', 'admin', 'login'),
(236, '2012-02-23 09:38:04', 'admin', 'login'),
(237, '2012-02-23 09:40:15', 'admin', 'login'),
(238, '2012-02-23 09:57:21', 'admin', 'logout'),
(239, '2012-02-24 02:19:34', 'trainer3', 'login'),
(240, '2012-02-24 02:54:21', 'admin', 'login'),
(241, '2012-02-24 03:10:56', 'admin', 'logout'),
(242, '2012-02-24 03:11:03', 'trainer2', 'login'),
(243, '2012-02-24 03:13:50', 'trainer3', 'logout'),
(244, '2012-02-24 03:44:49', 'trainer3', 'login'),
(245, '2012-02-24 04:03:09', 'trainer3', 'logout'),
(246, '2012-02-24 10:16:29', 'trainer2', 'logout'),
(247, '2012-02-27 06:33:17', 'admin', 'login'),
(248, '2012-03-01 06:25:22', 'admin', 'login'),
(249, '2012-03-01 09:44:50', 'admin', 'logout'),
(250, '2012-03-05 03:50:43', 'admin', 'login'),
(251, '2012-03-05 04:19:58', 'admin', 'login'),
(252, '2012-03-05 04:21:53', 'admin', 'login'),
(253, '2012-03-05 04:25:56', 'admin', 'login'),
(254, '2012-03-06 09:20:16', 'admin', 'login'),
(255, '2012-03-06 09:31:19', 'admin', 'login'),
(256, '2012-03-06 09:33:53', 'admin', 'login'),
(257, '2012-03-06 10:17:22', 'admin', 'logout'),
(258, '2012-03-12 02:02:28', 'admin', 'login'),
(259, '2012-03-12 09:29:10', 'admin', 'logout'),
(260, '2012-03-14 04:02:33', '', 'logout'),
(261, '2012-03-14 04:02:37', 'admin', 'login'),
(262, '2012-03-14 04:05:40', 'admin', 'logout'),
(263, '2012-03-14 04:05:59', 'admin', 'login'),
(264, '2012-03-14 06:23:09', 'admin', 'logout'),
(265, '2012-03-14 06:27:07', 'admin', 'login'),
(266, '2012-03-14 08:52:47', 'admin', 'logout'),
(267, '2012-03-14 09:24:45', 'admin', 'login'),
(268, '2012-03-14 09:47:38', 'admin', 'logout'),
(269, '2012-03-16 08:45:23', 'admin', 'login'),
(270, '2012-03-16 10:08:57', 'admin', 'logout'),
(271, '2012-07-03 05:59:26', '', 'logout'),
(272, '2012-07-03 05:59:30', 'admin', 'login'),
(273, '2012-07-03 11:04:30', '', 'logout'),
(274, '2012-07-17 07:31:07', 'admin', 'login'),
(275, '2012-07-17 07:36:23', 'admin', 'logout'),
(276, '2012-07-17 07:41:39', 'admin', 'login'),
(277, '2012-07-17 07:56:03', 'admin', 'logout'),
(278, '2012-07-27 05:07:24', 'admin', 'login'),
(279, '2012-08-14 09:16:16', 'admin', 'login'),
(280, '2012-11-13 03:28:16', '', 'logout'),
(281, '2012-11-13 03:28:26', 'admin', 'login'),
(282, '2013-01-03 03:01:00', 'admin', 'login'),
(283, '2013-01-03 03:13:36', 'admin', 'login'),
(284, '2013-01-03 03:23:10', 'admin', 'login'),
(285, '2013-01-03 03:24:33', 'admin', 'logout'),
(286, '2013-01-03 05:01:05', 'admin', 'logout'),
(287, '2013-01-04 02:26:53', 'admin', 'login'),
(288, '2013-01-09 03:00:27', 'admin', 'login'),
(289, '2013-01-09 04:25:03', 'admin', 'logout'),
(290, '2013-01-09 04:25:31', 'admin', 'login'),
(291, '2013-05-02 03:36:49', 'admin', 'login'),
(292, '2013-05-02 11:04:47', 'admin', 'logout'),
(293, '2013-05-09 04:51:36', 'admin', 'login'),
(294, '2013-05-28 08:29:04', 'admin', 'login'),
(295, '2013-05-30 08:09:53', 'admin', 'login'),
(296, '2013-05-30 08:47:32', 'admin', 'logout'),
(297, '2013-05-30 10:38:40', 'admin', 'logout'),
(298, '2013-06-18 10:08:39', 'admin', 'login'),
(299, '2013-06-18 11:17:45', 'admin', 'logout'),
(300, '2013-06-19 01:50:45', 'admin', 'login'),
(301, '2013-06-19 04:08:47', 'admin', 'logout'),
(302, '2013-06-19 04:09:35', 'admin', 'login'),
(303, '2013-06-26 10:44:05', 'admin', 'login'),
(304, '2013-06-26 10:45:24', 'admin', 'logout'),
(305, '2013-06-26 10:47:08', 'admin', 'login'),
(306, '2013-06-26 10:51:55', 'admin', 'login'),
(307, '2013-06-26 10:52:27', 'admin', 'logout'),
(308, '2013-06-26 10:52:49', 'admin', 'login'),
(309, '2013-06-26 10:58:48', 'admin', 'logout'),
(310, '2013-06-26 11:07:44', 'admin', 'logout'),
(311, '2013-06-26 11:08:15', 'admin', 'login'),
(312, '2013-06-26 11:09:27', 'admin', 'logout'),
(313, '2013-06-27 04:17:59', 'admin', 'login'),
(314, '2013-07-03 05:33:04', 'admin', 'login'),
(315, '2013-07-03 05:35:30', 'admin', 'logout'),
(316, '2013-07-04 05:09:12', 'admin', 'login'),
(317, '2013-07-04 05:16:23', 'admin', 'logout'),
(318, '2013-07-04 09:15:14', 'admin', 'login'),
(319, '2013-07-04 10:10:07', 'admin', 'logout'),
(320, '2013-07-04 10:25:40', 'admin', 'login'),
(321, '2013-07-22 04:55:53', 'admin3', 'login'),
(322, '2013-07-22 04:56:47', 'admin3', 'logout'),
(323, '2013-07-22 05:05:07', 'admin3', 'login'),
(324, '2013-07-22 05:36:01', 'admin3', 'logout'),
(325, '2013-07-22 08:24:36', 'admin3', 'login'),
(326, '2013-07-22 08:43:24', 'admin3', 'login'),
(327, '2013-07-22 08:46:14', 'admin3', 'logout'),
(328, '2013-07-22 08:51:58', 'admin3', 'login'),
(329, '2013-07-22 10:12:56', 'admin3', 'login'),
(330, '2013-07-22 11:09:45', 'admin3', 'logout'),
(331, '2013-07-22 11:09:52', '', 'logout'),
(332, '2013-07-22 11:10:11', '', 'logout'),
(333, '2013-07-23 03:53:54', 'admin3', 'login'),
(334, '2013-07-24 03:51:42', 'admin3', 'login'),
(335, '2013-07-24 08:49:23', 'admin3', 'login'),
(336, '2013-07-24 08:56:14', 'admin3', 'logout'),
(337, '2013-07-24 11:06:58', 'admin3', 'logout'),
(338, '2013-07-26 04:09:56', 'admin3', 'login'),
(339, '2013-08-01 08:04:28', 'admin3', 'login'),
(340, '2013-08-01 10:53:42', 'admin3', 'logout'),
(341, '2013-08-05 04:37:16', 'admin3', 'login'),
(342, '2013-08-05 07:36:10', 'admin3', 'logout'),
(343, '2013-08-05 08:57:18', 'admin3', 'login'),
(344, '2013-08-05 09:43:40', 'admin3', 'login'),
(345, '2013-08-05 10:26:04', 'admin3', 'logout'),
(346, '2013-08-05 11:04:46', 'admin3', 'logout'),
(347, '2013-08-06 03:56:16', 'admin', 'login'),
(348, '2013-08-06 07:50:09', 'admin3', 'login'),
(349, '2013-08-06 10:28:12', 'admin3', 'logout'),
(350, '2013-08-06 10:44:44', '', 'logout'),
(351, '2013-08-06 10:45:14', 'admin3', 'login'),
(352, '2013-08-06 12:08:24', 'admin3', 'login'),
(353, '2013-08-06 12:13:20', 'admin3', 'logout'),
(354, '2013-08-07 04:14:16', 'admin3', 'login'),
(355, '2013-08-07 04:35:51', 'admin3', 'login'),
(356, '2013-08-08 03:45:53', 'admin3', 'login'),
(357, '2013-08-08 04:41:21', 'admin3', 'login'),
(358, '2013-09-03 04:50:36', 'admin3', 'login'),
(359, '2013-09-03 10:15:03', 'admin3', 'logout'),
(360, '2013-09-04 04:48:10', 'admin3', 'login'),
(361, '2013-09-04 05:56:01', 'admin3', 'login'),
(362, '2013-09-04 06:51:15', 'admin3', 'login'),
(363, '2013-09-04 06:57:32', 'admin3', 'logout'),
(364, '2013-09-04 07:40:31', '', 'logout'),
(365, '2013-09-04 07:40:48', 'admin3', 'login'),
(366, '2013-09-04 08:55:01', 'admin3', 'login'),
(367, '2013-09-04 10:27:47', 'admin3', 'logout'),
(368, '2013-09-04 11:22:07', 'admin3', 'logout'),
(369, '2013-09-04 11:23:01', 'admin3', 'login'),
(370, '2013-09-04 11:25:02', 'admin3', 'logout'),
(371, '2013-09-05 04:25:20', 'admin3', 'login'),
(372, '2013-09-05 04:48:27', 'trainer3', 'login'),
(373, '2013-09-05 04:51:00', 'trainer3', 'logout'),
(374, '2013-09-05 05:01:29', 'admin3', 'login'),
(375, '2013-09-05 05:38:15', 'admin3', 'login'),
(376, '2013-09-05 09:14:14', 'admin3', 'logout'),
(377, '2013-09-05 10:59:21', '', 'logout'),
(378, '2013-09-06 04:55:25', 'admin3', 'login'),
(379, '2013-09-06 05:08:48', 'admin3', 'login'),
(380, '2013-09-06 05:41:00', 'admin3', 'logout'),
(381, '2013-09-06 05:42:31', '', 'logout'),
(382, '2013-09-06 05:56:34', 'admin3', 'login'),
(383, '2013-09-06 06:07:48', 'admin3', 'logout'),
(384, '2013-09-06 07:32:37', 'admin3', 'login'),
(385, '2013-09-06 07:38:01', 'admin3', 'logout'),
(386, '2013-09-06 10:34:26', 'admin3', 'logout'),
(387, '2013-09-09 05:03:56', 'admin3', 'login'),
(388, '2013-09-09 05:40:44', 'admin', 'login'),
(389, '2013-09-09 06:05:21', 'admin', 'logout'),
(390, '2013-09-09 11:04:57', 'admin3', 'login'),
(391, '2013-09-09 11:17:21', 'admin3', 'logout'),
(392, '2013-09-10 03:49:49', 'admin3', 'login'),
(393, '2013-09-10 08:46:48', 'admin3', 'login'),
(394, '2013-09-10 08:52:52', 'admin3', 'login'),
(395, '2013-09-10 09:17:19', 'admin3', 'logout'),
(396, '2013-09-10 10:36:19', 'admin3', 'logout'),
(397, '2013-09-11 07:57:52', 'admin3', 'login'),
(398, '2013-09-11 10:35:11', 'admin3', 'login'),
(399, '2013-09-11 10:58:47', 'admin3', 'logout'),
(400, '2013-09-11 10:58:58', '', 'logout'),
(401, '2013-09-11 10:59:46', 'admin3', 'logout'),
(402, '2013-09-12 08:48:50', 'admin3', 'login'),
(403, '2013-09-12 10:27:51', 'admin3', 'logout'),
(404, '2013-09-12 10:27:57', '', 'logout'),
(405, '2013-09-13 05:14:44', 'admin3', 'login'),
(406, '2013-09-17 04:40:33', 'admin3', 'login'),
(407, '2013-09-17 10:06:49', 'admin3', 'logout'),
(408, '2013-09-17 10:06:55', '', 'logout'),
(409, '2013-10-02 03:47:55', 'admin3', 'login'),
(410, '2013-10-02 05:53:55', 'admin3', 'login'),
(411, '2013-10-02 06:00:11', 'admin3', 'logout'),
(412, '2013-10-03 04:15:04', 'admin3', 'login'),
(413, '2013-10-03 04:29:02', 'admin3', 'login'),
(414, '2013-10-03 04:36:35', 'admin3', 'login'),
(415, '2013-10-03 07:49:23', 'admin3', 'logout'),
(416, '2013-10-08 05:07:12', 'admin3', 'login'),
(417, '2013-10-08 07:38:17', 'admin3', 'logout'),
(418, '2013-10-09 03:40:42', 'admin', 'login'),
(419, '2013-10-09 03:40:45', 'admin', 'logout'),
(420, '2013-10-09 04:29:28', 'admin', 'login'),
(421, '2013-10-09 04:29:32', 'admin', 'logout'),
(422, '2013-10-09 08:05:54', 'admin3', 'login'),
(423, '2013-10-09 08:42:13', 'admin3', 'logout'),
(424, '2013-10-11 04:07:55', 'admin3', 'login'),
(425, '2013-10-11 10:11:25', 'admin3', 'logout'),
(426, '2013-10-14 04:07:53', 'admin3', 'login'),
(427, '2013-10-16 03:59:20', 'admin3', 'login'),
(428, '2013-10-16 04:05:15', 'admin3', 'login'),
(429, '2013-10-16 04:13:43', 'admin3', 'login'),
(430, '2013-10-16 10:00:32', 'admin3', 'logout'),
(431, '2013-10-21 05:06:40', 'admin3', 'login'),
(432, '2013-10-21 10:47:07', 'admin3', 'logout'),
(433, '2013-10-22 04:01:07', 'admin3', 'login'),
(434, '2013-10-22 10:32:20', 'admin3', 'logout'),
(435, '2014-01-09 03:52:02', 'admin3', 'login'),
(436, '2014-01-09 07:26:10', 'admin3', 'logout'),
(437, '2014-01-10 03:03:04', 'admin3', 'login'),
(438, '2014-01-10 03:11:27', 'admin3', 'login'),
(439, '2014-01-10 03:15:40', 'admin3', 'logout'),
(440, '2014-01-10 03:18:13', 'admin3', 'logout'),
(441, '2014-01-10 03:18:24', 'admin3', 'login'),
(442, '2014-01-10 03:21:09', 'admin3', 'login'),
(443, '2014-01-10 03:22:23', 'admin3', 'logout'),
(444, '2014-01-10 03:25:10', '', 'logout'),
(445, '2014-01-10 09:23:17', 'admin3', 'logout'),
(446, '2014-01-13 03:36:02', 'admin3', 'login'),
(447, '2014-01-13 09:59:44', 'admin3', 'logout'),
(448, '2014-01-14 02:35:15', 'admin3', 'login'),
(449, '2014-01-16 03:31:47', 'admin3', 'login'),
(450, '2014-01-16 09:53:47', 'admin3', 'logout'),
(451, '2014-01-17 04:26:18', 'admin3', 'login'),
(452, '2014-01-17 05:01:35', 'admin3', 'logout'),
(453, '2014-01-21 06:49:48', 'admin3', 'login'),
(454, '2014-01-21 09:15:40', 'admin3', 'logout'),
(455, '2014-01-22 02:34:24', 'admin3', 'login'),
(456, '2014-04-28 07:30:47', 'admin3', 'login'),
(457, '2014-04-28 08:35:29', 'admin3', 'logout'),
(458, '2014-05-08 04:07:43', 'admin3', 'login'),
(459, '2014-05-08 10:16:02', 'admin3', 'logout'),
(460, '2014-05-13 07:46:41', 'admin3', 'login'),
(461, '2014-05-13 10:19:26', 'admin3', 'logout'),
(462, '2014-05-14 03:38:20', 'admin3', 'login'),
(463, '2014-05-14 03:49:01', 'admin3', 'logout'),
(464, '2014-05-14 03:49:12', 'admin3', 'login'),
(465, '2014-05-14 04:04:06', 'admin3', 'login'),
(466, '2014-05-14 04:04:23', 'admin3', 'logout'),
(467, '2014-05-14 05:09:02', 'admin3', 'login'),
(468, '2014-05-14 08:12:08', 'admin3', 'logout'),
(469, '2014-05-20 10:04:22', 'admin3', 'login'),
(470, '2014-05-20 10:22:48', 'admin3', 'logout'),
(471, '2014-07-03 04:05:38', 'admin3', 'login'),
(472, '2014-07-03 07:11:34', 'admin3', 'login'),
(473, '2014-07-03 07:44:05', 'admin3', 'login'),
(474, '2014-07-03 08:02:32', 'admin3', 'logout'),
(475, '2014-07-03 08:06:53', 'admin3', 'login'),
(476, '2014-07-03 08:11:08', 'admin3', 'login'),
(477, '2014-07-03 08:12:16', 'admin3', 'login'),
(478, '2014-07-03 08:12:37', 'admin3', 'logout'),
(479, '2014-07-03 09:11:44', 'admin3', 'logout'),
(480, '2014-07-30 04:24:52', 'admin3', 'login'),
(481, '2014-07-30 05:05:46', 'admin3', 'logout'),
(482, '2014-08-14 03:55:37', 'admin3', 'login'),
(483, '2014-08-14 04:00:43', 'admin3', 'login'),
(484, '2014-08-14 04:06:51', 'admin3', 'logout'),
(485, '2014-08-14 09:52:56', 'admin3', 'login'),
(486, '2014-08-14 10:52:59', 'admin3', 'logout'),
(487, '2014-10-15 04:16:47', 'admin3', 'login'),
(488, '2014-10-15 09:37:17', 'admin3', 'logout'),
(489, '2014-11-18 06:24:00', 'admin3', 'login'),
(490, '2014-11-18 06:42:41', 'admin3', 'login'),
(491, '2014-11-18 07:33:06', 'admin3', 'logout'),
(492, '2014-11-18 07:49:20', 'admin3', 'login'),
(493, '2014-11-18 09:28:33', 'admin3', 'logout'),
(494, '2014-11-21 08:08:22', 'admin3', 'login'),
(495, '2014-11-26 09:32:48', 'admin3', 'login'),
(496, '2014-11-26 09:43:44', 'admin3', 'logout'),
(497, '2014-12-05 03:20:54', 'admin3', 'login'),
(498, '2014-12-05 03:28:14', 'admin3', 'logout'),
(499, '2016-01-20 06:29:32', 'admin3', 'login'),
(500, '2016-01-20 07:16:08', '', 'logout'),
(501, '2016-01-20 07:16:15', 'admin3', 'login'),
(502, '2016-01-20 09:47:09', '', 'logout'),
(503, '2016-01-22 08:11:08', 'admin3', 'login'),
(504, '2016-01-22 09:21:30', 'admin3', 'logout'),
(505, '2016-01-22 09:46:50', 'admin3', 'login'),
(506, '2016-01-22 10:01:09', 'admin3', 'logout'),
(507, '2016-01-25 04:20:20', 'admin3', 'login'),
(508, '2016-01-25 08:38:48', 'admin3', 'logout'),
(509, '2016-01-28 03:43:47', 'admin3', 'login'),
(510, '2016-01-28 08:35:56', 'admin3', 'logout'),
(511, '2016-02-04 06:50:45', 'admin3', 'login'),
(512, '2016-02-04 09:35:14', 'admin3', 'logout'),
(513, '2016-02-16 07:18:24', 'admin3', 'login'),
(514, '2016-02-22 03:03:45', 'admin3', 'login'),
(515, '2016-02-22 07:28:45', 'admin3', 'logout'),
(516, '2016-02-23 04:13:15', 'admin3', 'login'),
(517, '2016-02-23 08:56:14', 'admin3', 'logout'),
(518, '2016-02-24 03:39:20', 'admin3', 'login'),
(519, '2016-02-24 09:20:30', 'admin3', 'logout'),
(520, '2016-02-29 07:58:49', 'admin3', 'login'),
(521, '2016-02-29 10:03:27', 'admin3', 'logout'),
(522, '2016-03-07 07:05:16', 'admin3', 'login'),
(523, '2016-03-07 09:10:52', 'admin3', 'logout'),
(524, '2016-03-09 04:24:55', 'admin3', 'login'),
(525, '2016-03-09 08:07:24', 'admin3', 'logout'),
(526, '2016-03-10 07:08:21', 'admin3', 'login'),
(527, '2016-03-10 07:59:22', 'admin3', 'logout'),
(528, '2016-03-10 08:31:18', 'admin3', 'login'),
(529, '2016-03-10 10:23:30', 'admin3', 'logout'),
(530, '2016-03-11 03:25:09', 'admin3', 'login'),
(531, '2016-03-11 09:19:40', 'admin3', 'logout'),
(532, '2016-03-14 03:44:16', 'admin3', 'login'),
(533, '2016-03-14 10:21:31', 'admin3', 'logout'),
(534, '2016-03-15 02:50:31', 'admin3', 'login'),
(535, '2016-03-15 03:36:31', 'admin3', 'login'),
(536, '2016-03-16 03:57:52', 'admin3', 'login'),
(537, '2016-03-16 06:15:11', 'admin3', 'logout'),
(538, '2016-03-29 16:00:22', 'admin3', 'login'),
(539, '2016-03-29 22:46:19', 'admin3', 'logout'),
(540, '2016-03-30 20:27:05', 'admin3', 'login'),
(541, '2016-03-30 23:13:53', 'admin3', 'logout'),
(542, '2016-04-04 20:31:05', 'admin3', 'login'),
(543, '2016-04-04 22:12:29', 'admin3', 'logout'),
(544, '2016-05-17 05:48:00', 'admin3', 'login'),
(545, '2016-06-06 05:39:14', 'admin3', 'login'),
(546, '2016-06-06 05:56:35', 'admin3', 'logout'),
(547, '2016-06-20 09:54:53', 'admin3', 'login'),
(548, '2016-06-20 10:51:24', 'admin3', 'logout'),
(549, '2016-06-21 03:52:11', 'admin3', 'login'),
(550, '2016-06-22 10:16:35', 'admin3', 'login'),
(551, '2016-06-22 10:20:44', 'admin3', 'logout'),
(552, '2016-06-22 10:34:27', 'admin3', 'login'),
(553, '2016-06-22 10:36:15', 'admin3', 'logout'),
(554, '2016-08-03 07:37:58', 'trainer3', 'login'),
(555, '2016-08-03 07:38:25', 'trainer3', 'logout'),
(556, '2016-08-03 07:38:26', 'trainer3', 'logout'),
(557, '2016-08-03 07:38:28', '', 'logout'),
(558, '2016-08-03 07:38:29', '', 'logout'),
(559, '2016-08-03 07:38:38', 'admin3', 'login'),
(560, '2016-08-03 10:58:45', '', 'logout'),
(561, '2016-08-03 10:58:46', '', 'logout'),
(562, '2016-08-03 10:58:48', '', 'logout'),
(563, '2016-08-03 10:58:49', '', 'logout'),
(564, '2016-08-03 10:58:50', '', 'logout'),
(565, '2016-08-08 07:14:27', 'admin3', 'login'),
(566, '2016-09-01 05:27:17', 'trainer1', 'login'),
(567, '2017-02-09 02:47:42', 'admin3', 'login'),
(568, '2017-02-09 04:34:48', 'admin3', 'logout'),
(569, '2017-02-09 04:34:58', 'trainer3', 'login'),
(570, '2017-02-20 06:37:34', 'admin3', 'login'),
(571, '2017-02-28 07:00:06', 'admin3', 'login'),
(572, '2018-05-07 08:51:09', 'admin3', 'login'),
(573, '2018-05-07 09:06:21', 'admin3', 'login'),
(574, '2018-05-07 09:24:52', 'admin3', 'login'),
(575, '2018-05-07 10:38:01', 'admin3', 'login'),
(576, '2018-05-07 10:51:24', 'admin3', 'logout'),
(577, '2018-05-07 10:51:25', 'admin3', 'logout'),
(578, '2018-05-07 10:51:26', 'admin3', 'logout'),
(579, '2018-05-08 02:34:43', 'admin3', 'login'),
(580, '2018-05-08 08:46:15', 'admin3', 'login'),
(581, '2018-05-08 09:20:08', 'admin3', 'logout'),
(582, '2018-05-08 09:20:09', 'admin3', 'logout'),
(583, '2018-05-09 02:57:49', 'admin3', 'login'),
(584, '2018-05-11 03:48:33', 'admin3', 'login');

-- --------------------------------------------------------

--
-- Stand-in structure for view `schedule_instance`
--
CREATE TABLE IF NOT EXISTS `schedule_instance` (
`id` int(10) unsigned
,`event_id` varchar(450)
,`date` datetime
,`start_time` timestamp
,`end_time` timestamp
,`location` text
,`activity` text
);
-- --------------------------------------------------------

--
-- Table structure for table `template`
--

CREATE TABLE IF NOT EXISTS `template` (
  `id` int(10) unsigned NOT NULL AUTO_INCREMENT,
  `document_type` varchar(45) NOT NULL,
  `content_type` varchar(45) NOT NULL,
  `content` text,
  `content_path` text,
  `content_order` varchar(45) NOT NULL,
  PRIMARY KEY (`id`)
) ENGINE=InnoDB  DEFAULT CHARSET=latin1 AUTO_INCREMENT=2 ;

--
-- Dumping data for table `template`
--

INSERT INTO `template` (`id`, `document_type`, `content_type`, `content`, `content_path`, `content_order`) VALUES
(1, 'diploma', 'background-image', 'background', 'images/certificate_borders.jpg', '');

-- --------------------------------------------------------

--
-- Table structure for table `trainee_list`
--

CREATE TABLE IF NOT EXISTS `trainee_list` (
  `id` int(10) unsigned NOT NULL AUTO_INCREMENT,
  `firstName` varchar(150) NOT NULL,
  `lastName` varchar(145) NOT NULL,
  `designation` varchar(500) NOT NULL,
  `department` varchar(45) NOT NULL,
  `midInitial` varchar(45) DEFAULT NULL,
  PRIMARY KEY (`id`)
) ENGINE=InnoDB  DEFAULT CHARSET=latin1 ROW_FORMAT=DYNAMIC AUTO_INCREMENT=2997 ;

--
-- Dumping data for table `trainee_list`
--

INSERT INTO `trainee_list` (`id`, `firstName`, `lastName`, `designation`, `department`, `midInitial`) VALUES
(1, 'Jean', 'Casaa', 'Trainee ', '', 'C.'),
(2, 'Lea', 'Abiera', 'Trainee', '', 'C.'),
(3, 'Christian Errol', 'Almira', 'Trainee', '', 'G.'),
(4, 'John Benedict B.', 'Chico', 'Trainee', '', NULL),
(5, 'Jasmin M.', 'Arada', 'Ticket Seller II', 'STN', NULL),
(6, 'Victorio A.', 'Cruz, Jr.', 'Trainee', '', NULL),
(7, 'Judy ', 'Franco', 'CC', 'ADM', NULL),
(8, 'Kathy', 'kljkkj', 'jkjkj', '', 'jhkj'),
(9, 'Lyn', '', '', '', ''),
(10, 'Mary Ann', '', '', '', ''),
(11, '', '', '', '', ''),
(12, 'lourdes', '', '', '', ''),
(13, 'Jesil', 'Lobos', 'Trainee', '', 'E.'),
(14, 'Ma. Lourdes', 'Tauro', 'Trainee ', '', 'C.'),
(15, 'Christian Errol ', 'Almira', 'Trainee', '', 'G.'),
(16, 'Shayne', 'Magno', 'Trainee', '', 'F.'),
(17, 'Lea', 'Abiera', 'Trainee', '', 'C.'),
(18, 'Princess', 'Silva', 'Trainee', '', 'J.'),
(19, 'Alexa', 'Obico', 'Trainee', '', 'Q.'),
(20, 'Dayvee', 'Gadaza', 'Trainee', '', 'T.'),
(21, 'Karla Regina', 'Descallar', 'Trainee', '', 'C.'),
(22, 'Madonna ', 'Puda', 'Trainee', '', 'D.'),
(23, 'Kathyrene ', 'Perez', 'Trainee', '', 'A.'),
(24, 'Criselda', 'Saludar', 'Trainee', '', 'D.'),
(25, 'Merly', 'Anacleto', 'Trainee', '', 'A.'),
(26, 'Arvin', 'Doctore', 'Trainee', '', 'E.'),
(27, 'Junlie Ann', 'Bandojo', 'Trainee', '', 'P.'),
(28, 'Jameela Ali', 'Samonte', 'Trainee', '', 'SC.'),
(29, 'Jobelle ', 'Domingo', 'Trainee', '', 'S.'),
(30, 'Jean', 'Casaa', '', '', 'C.'),
(31, 'Madelaine ', 'Orias', 'Trainee', '', 'U.'),
(32, 'Ma. Cristina', 'Bautista', 'Trainee', 'SUP', ''),
(33, 'B', 'Santiago', '', 'SUP', ''),
(34, 'abc', '', '', '', ''),
(35, '123', '', '', '', ''),
(36, 'Ramon', 'Dela Cruz', 'Train Driver', 'TRA', ''),
(37, 'Hernand', 'Valenzuela', 'Train Driver', 'TRA', ''),
(38, 'Darwin', 'Discaya', 'Train Driver', 'TRA', ''),
(39, 'Jeffrey', 'Alcantara', 'Train Driver', 'TRA', ''),
(40, 'Bruce', 'Molina', 'Trainee ', '', 'Carlos'),
(41, 'Lea', '', '', '', ''),
(42, 'Shayne', '', '', '', ''),
(43, 'Leo', 'Concon', 'Ticket Seller III', 'STN', ''),
(44, 'Lea', 'Abiera', '', '', 'A.'),
(45, 'Anacleto', 'Merly', 'Trainee', '', 'A.'),
(46, 'Merly', 'Anacleto', 'Trainee', '', 'A.'),
(47, 'Jean', 'Casaa', 'Trainee ', '', 'C.'),
(48, 'Marlon', 'Bantique ', 'TD', 'TRA', 'A.'),
(49, '', '', '', '', ''),
(50, 'Enrico', 'Santiago', 'Trainee', 'AFC', 'A.'),
(51, 'Armando', 'Payad', 'Trainee', 'TRA', 'V'),
(52, 'Armando', 'Payad', 'Trainee', 'TRA', 'V'),
(53, 'Lorenzo', 'Gandia', 'Supervising TDO', 'TRA', 'M'),
(54, 'Christopher Noel', 'Dita', 'Train Driver', 'TRA', 'V'),
(55, 'Lauro', 'Cuada', 'Train Driver', 'TRA', 'V'),
(56, 'Wenceslao Jr.', 'Clarin', 'Train Driver', 'TRA', 'T'),
(57, 'Rodolfo Jr.', 'Caliboso', 'STDO', 'TRA', 'R'),
(58, 'Joelimbert ', 'Babao', 'Train Driver', 'TRA', 'M.'),
(59, 'Rodolfo Jr.', 'Libunao', 'Train Driver', 'TRA', 'C.'),
(60, 'Norly Jr.', 'Magana', 'Train Driver', 'TRA', 'A.'),
(61, 'Emerito', 'Milan', 'Train Driver ', 'TRA', 'R.'),
(62, 'Keith Bryan', 'Oraa', 'Train Driver', 'TRA', 'A.'),
(63, 'Ivan', 'Pocpoc', 'Train Driver', 'TRA', 'O.'),
(64, 'Ramon', 'Dela Cruz', 'Transport', 'TRA', 'S.'),
(65, 'Eumir', 'Gubatan', 'Train Driver', 'TRA', 'C.'),
(66, 'Richard ', 'Magno', 'Train Driver', 'TRA', 'O.'),
(67, 'Jacklord', 'Manalo', 'STDO', 'TRA', 'A.'),
(68, 'Ernesto Jr.', 'Monasterial ', 'STDO', 'TRA', 'G.'),
(69, 'Adel', 'Osio', 'Train Driver', 'TRA', 'C.'),
(70, 'Mark Anthony ', 'Rey', 'Train Driver', 'TRA', 'Z.'),
(71, 'Raymund ', 'Tarranco', 'Train Driver', 'TRA', 'D.'),
(72, 'Renato', 'Castor ', 'Train Driver', 'TRA', 'F.'),
(73, 'Alex', 'Del Rosario', 'Train Driver', 'TRA', 'S.'),
(74, 'Renato ', 'Castor', 'Train Driver', 'TRA', 'F.'),
(75, 'Julius', 'Manlapaz', 'Train Driver', 'TRA', 'T.'),
(76, 'Hernand', 'Valenzuela', 'Train Driver', 'TRA', 'S.'),
(77, 'Paul Zedrick', 'Morales', 'Train Driver', 'TRA', 'R.'),
(78, 'Julius Frits', 'Bote', 'Train Driver', 'TRA', 'S.'),
(79, 'Roque Jr.', 'Laddran', 'STDO', 'TRA', 'G.'),
(80, 'Edwin', 'Hilario', 'STDO', 'TRA', 'S.'),
(81, 'Raul', 'Seguerra', 'Train Driver', 'TRA', 'V.'),
(82, 'Jorge', 'Brigola', 'Train Driver', 'TRA', 'L.'),
(83, 'John ', 'Rapada', 'Train Driver', 'TRA', 'M.'),
(84, 'Rodel', 'Oruga', 'STDO', 'TRA', 'M.'),
(85, 'Norberto', 'Geronimo', 'STDO', 'TRA', 'S.'),
(86, 'Defina', 'Bautista', '', '', 'C'),
(87, 'Nelie', 'Cabog', 'Trainee', '', 'A.'),
(88, 'Jun Rafael', 'Castro', 'Trainee', '', 'B.'),
(89, 'Rowell', 'Corpuz', 'Trainee', '', 'N.'),
(90, 'Roneth', 'Dela Rosa', 'Trainee', '', 'T.'),
(91, 'Zandra', 'Delos Reyes', 'Trainee', '', 'O.'),
(92, 'Eminhel Ruth', 'Gurmiran', 'Trainee', '', 'B.'),
(93, 'Rogelyn ', 'Guradillo', 'Trainee', '', 'L.'),
(94, 'Marriane ', 'Labarosa', 'Trainee', '', 'B.'),
(95, 'Emafel', 'Nollora', 'Trainee', '', 'S.'),
(96, 'Romesee', 'Ramos', 'Trainee', '', 'M.'),
(97, 'Kemverly Ann', 'Rivero', 'Trainee', '', 'S.'),
(98, 'Lennard ', 'San Juan', 'Trainee', '', 'L.'),
(99, 'Marie France', 'Santos', 'Trainee', '', 'C.'),
(100, 'Mark Gregory', 'Tenorio', 'Trainee', '', 'A.'),
(101, 'Maria Gracia', 'Zuiga', 'Trainee', '', 'S.'),
(102, 'Jasmin', 'Arada', '', '', ''),
(103, 'Francis Lalaine', 'Cabia', '', '', 'G.'),
(104, 'Victorio', 'Cru', 'Trainee', '', ''),
(105, 'Victorio Jr.', 'Cruz', '', '', 'A.'),
(106, 'Arceli', 'Divina', '', '', 'S,'),
(107, 'Barnie', 'Elizalde', '', '', 'M.'),
(108, 'Junifer', 'Floren', '', '', 'D.'),
(109, 'Nyda', 'Floren', '', '', 'D.'),
(110, 'Robby', 'Fortes', '', '', 'Q.'),
(111, 'Kent', 'Gamuyao', '', '', 'S.'),
(112, 'Zernan Allan', 'Luna', '', '', 'V.'),
(113, 'Relito', 'Mabbayad', '', '', 'M.'),
(114, 'Dioselito', 'Manuales', '', '', 'J.'),
(115, 'Ariel', 'Matatquin', '', '', 'A.'),
(116, 'Lowell', 'Mendiola', '', '', 'S.'),
(117, 'Vivian', 'Paguio', '', '', 'A.'),
(118, 'Michael', 'Perey', '', '', 'T.'),
(119, 'Alvin', 'Requillo', '', '', 'D.'),
(120, 'Liberty', 'Santos', '', '', 'L.'),
(121, 'Lourdes', 'Senolos', '', '', 'P.'),
(122, 'Jeffrey', 'Silva', '', '', 'A.'),
(123, 'Arlene', 'Solis', '', '', 'G.'),
(124, 'Divina', 'Toballas', '', '', 'S.'),
(125, 'Maria Luisa', 'Tolentino', '', '', 'S.'),
(126, 'Francisco', 'Tuazon', '', '', 'H.'),
(127, 'Francisco', 'Tuazon', '', '', ''),
(128, 'Kristopher', 'Adaya', '', '', 'S.'),
(129, 'James Patrick', 'Agaser', '', '', 'D.'),
(130, 'Rio', 'Alegre', '', '', 'A.'),
(131, 'Sherwin', 'Biscocho', '', '', 'P.'),
(132, 'Jocelyn', 'De Leon', '', '', 'C.'),
(133, 'Darwin', 'Fernandez', '', '', 'E.'),
(134, 'Maria Soccoro', 'Ilagan', '', '', 'C.'),
(135, 'Lorna', 'Lopez', '', '', 'G.'),
(136, 'Meneleo', 'Manalaysay', '', '', 'T.'),
(137, 'Manuel', 'Marbella', '', '', 'D.'),
(138, 'Jose Jerome', 'Mendoza', '', '', 'D.'),
(139, 'Lito', 'Odon', '', '', 'E.'),
(140, 'Romel', 'Rosario', '', '', 'A.'),
(141, 'Don Eduardo', 'Santidad', '', '', 'C.'),
(142, 'Robelyn', 'Serrano', '', '', 'O.'),
(143, 'Ricardo', 'Tamayo', '', '', 'Z.'),
(144, 'Don Abelardo', 'Tijam', '', '', 'R.'),
(145, 'Susette', 'Tuazon', '', '', 'O.'),
(146, 'Jessica', 'Barasona', '', '', 'P.'),
(147, 'Robin', 'Barte', '', '', 'M.'),
(148, 'Arvin', 'Concepcion', '', '', 'G.'),
(149, 'Kristopher', 'Adata', '', '', ''),
(150, 'Kris', 'Adaya', '', '', ''),
(151, 'JA', 'Agaser', '', '', ''),
(152, '', '', '', '', ''),
(153, 'James Patrick', 'Agaser', '', '', 'D.'),
(154, 'Rio', 'Alegre', '', '', 'A.'),
(155, 'Sherwin', 'Biscocho', '', '', 'P.'),
(156, 'Jocelyn', 'De Leon', '', '', 'C.'),
(157, 'Darwin', 'Fernandez', '', '', 'E.'),
(158, 'Maria Soccoro', 'Ilagan', '', '', 'C.'),
(159, 'Lorna', 'Lopez', '', '', 'G.'),
(160, 'Meneleo', 'Manalaysay', '', '', 'T.'),
(161, 'Jose Jerome', 'Mendoza', '', '', 'D.'),
(162, 'Lito', 'Odon', '', '', 'E.'),
(163, 'Romel', 'Rosario', '', '', 'A.'),
(164, 'Don Eduardo', 'Santidad', '', '', 'C.'),
(165, 'Robelyn', 'Serrano', '', '', 'O.'),
(166, 'Ricardo', 'Tamayo', '', '', 'Z.'),
(167, 'Don Abelardo', 'Tijam', '', '', 'R.'),
(168, 'Susette', 'Tuazon', '', '', 'O.'),
(169, 'Jessica', 'Barasona', '', '', 'P.'),
(170, 'Robin', 'Barte', '', '', 'M.'),
(171, 'Arvin', 'Concepcion', '', '', 'G.'),
(172, 'Oliver', 'Cristobal', '', '', 'J.'),
(173, 'Marlonito', 'Cruz', '', '', 'S.'),
(174, 'Roberto', 'Cruz', '', '', 'S.'),
(175, 'Reamarie', 'Dela Cruz', '', '', 'F.'),
(176, 'Rico', 'Hermogenes', '', '', 'D.R.'),
(177, 'Vicente', 'Ilagan', '', '', 'M.'),
(178, 'Maria Michelle', 'Manalo', '', '', 'L.'),
(179, 'Allan Frederick ', 'Mendoza', '', '', 'V.'),
(180, 'Maria Garcia', 'Sison', '', '', 'A.'),
(181, 'Maria Gracia', 'Sison', '', '', 'A.'),
(182, 'Marriam May', 'Untalan', '', '', 'B.'),
(183, 'Henry', 'Arias', '', '', 'A.'),
(184, 'Henry', 'Arias', '', '', 'A.'),
(185, 'Henry', 'Arias', '', '', 'A.'),
(186, 'Henry', 'Arias', '', '', 'A.'),
(187, 'Henry', 'Arias', '', '', 'A.'),
(188, 'Hubert', 'Banaga', '', '', 'R.'),
(189, 'John Rey', 'Francisco', '', '', 'T.'),
(190, 'Christian Nino', 'Galang', '', '', 'S.'),
(191, '', '', '', '', ''),
(192, 'H', 'Arias', '', '', ''),
(193, 'Henry', 'Arias', '', '', 'A.'),
(194, 'Hubert', 'Banaga', '', '', 'R.'),
(195, 'Joeffrey', 'Isidro', '', '', 'F.'),
(196, 'Glen', 'Manuel', '', '', 'A.'),
(197, 'Michael', 'Marasigan', '', '', 'P.'),
(198, 'Malvin', 'Matinez', '', '', 'E.'),
(199, 'Christopher', 'Molina', '', '', ''),
(200, 'Lawrence', 'Molina', '', '', 'M.'),
(201, 'Reynaldo Jr.', 'Morales', '', '', 'C.'),
(202, 'Jaime', 'Portillano', '', '', 'R.'),
(203, 'Ferdinand', 'Raymundo', '', '', 'B.'),
(204, 'Ferdinand', 'Raymundo', '', '', 'B.'),
(205, 'Ferdinand', 'Raymundo', '', '', 'B.'),
(206, 'Michael', 'Robles', '', '', 'G.'),
(207, 'Jesus Ariel', 'Sta. Ana', '', '', 'S.'),
(208, 'Graziela', 'Agote', '', '', 'S.'),
(209, 'Lucilyn', 'Aguado', '', '', 'V.'),
(210, 'Marinela', 'Almadin', '', '', 'C.'),
(211, 'Marites', 'Ambrocio', '', '', 'B.'),
(212, 'Anali', 'Argosino', '', '', 'O.'),
(213, 'Florence', 'Barcena', '', '', 'C.'),
(214, 'Rosemarie', 'Bernal', '', '', 'P.'),
(215, 'Clarisse', 'Bilowan', '', '', 'M.'),
(216, 'Maria Rosalie', 'Bundalian', '', '', 'D.'),
(217, 'Rosemarie', 'De Guia', '', '', 'P.'),
(218, 'Ma. Julieta', 'De Guzman', '', '', 'Q.'),
(219, 'Millete', 'Dela Cruz', '', '', 'A.'),
(220, 'Alicia ', 'Dimaano', '', '', 'C.'),
(221, 'Maria Aurora', 'Barrete', '', '', 'L.'),
(222, 'Marianne', 'Geronimo', '', '', 'L.'),
(223, 'Jennifer', 'Gonzales', '', '', 'L.'),
(224, 'Jennifer', 'Ibong', '', '', 'L.'),
(225, 'Josephine', 'Juntura', '', '', 'P.'),
(226, 'Daisy', 'Lora', '', '', 'M.'),
(227, 'Geraldine', 'Mangalili', '', '', 'J.'),
(228, 'Natividad', 'Ortega', '', '', 'S.'),
(229, 'Ma. Theresa ', 'Pagulayan', '', '', 'P.'),
(230, 'Ann Christine', 'Pedarse', '', '', 'E.'),
(231, 'Rowena', 'Pedrera', '', '', 'L.'),
(232, 'Jocebel', 'Plucena', '', '', 'A.'),
(233, 'Sheena', 'Sagragao', '', '', 'P.'),
(234, 'Erlinda', 'Soliveres', '', '', 'L.'),
(235, 'Ella', 'Tibus', '', '', 'A.'),
(236, 'Vera', 'Vergara', '', '', 'D.'),
(237, 'Rosalinda', 'Villena', '', '', 'D.'),
(238, 'Michelle', 'Sy', '', '', ''),
(239, 'Ruel', 'Alog', '', '', 'M.'),
(240, 'Ricardo Jr.', 'Data', '', '', 'K.'),
(241, 'Jonilo', 'De Juan', '', '', 'L.'),
(242, 'Percival Jr.', 'Fano', '', '', 'P.'),
(243, 'Alfredo III', 'Aves', '', '', ''),
(244, 'Edward', 'Canlas', '', '', 'S.'),
(245, 'Percival Jr.', 'Fano', '', '', 'F.'),
(246, 'Alfredo', 'Herez', '', '', ''),
(247, 'King Reynaldo', 'Laconilo', '', '', ''),
(248, 'Jeremy', 'Macalalag', '', '', 'R.'),
(249, 'Cresencio', 'Maglines', '', '', 'P.'),
(250, 'Isagani', 'Magtaan', '', '', 'G.'),
(251, 'Ricardo', 'Angeles', '', '', 'C.'),
(252, 'Expedito', 'Martin', '', '', 'M.'),
(253, 'Ramil', 'Monte De Ramos', '', '', ''),
(254, 'Lawrence', 'Panes', '', '', 'S.'),
(255, 'Peter John ', 'Sabsalon', '', '', 'O.'),
(256, 'Sherwin', 'Santos', '', '', 'C.'),
(257, 'Chrismar', 'Unabia', '', '', 'B.'),
(258, 'Ceilito Lindo', 'Villejo', '', '', 'O.'),
(259, 'Encarnacion', 'Aniano', '', '', 'R.'),
(260, 'Sheryl', 'Calisaan', '', '', 'D.'),
(261, 'Richard', 'Flores', '', '', 'D.'),
(262, 'Marcelito', 'Gonzales', '', '', 'D.'),
(263, 'Richard', 'Jebulan', '', '', 'L.'),
(264, 'Limbo', 'Amelia', '', '', 'P.'),
(265, 'Rosalie', 'Pertible', '', '', 'D.'),
(266, 'Roland', 'Razon', '', '', 'L.'),
(267, 'Cheryl', 'Samson', '', '', 'R.'),
(268, 'Rogelio Jr.', 'Arsua', '', '', 'C.'),
(269, 'Ma. Aurora', 'Barrete', '', '', 'L.'),
(270, 'Alfonso Jr.', 'Boquiren', '', '', 'B.'),
(271, 'Gary Grace', 'De Guzman', '', '', 'C.'),
(272, 'Maria Antoinette', 'De Jesus', '', '', 'P.'),
(273, 'Ligaya', 'Esparcia', '', '', 'S.'),
(274, 'Patrick', 'Espedilla', '', '', 'R.'),
(275, 'Eloisa', 'Espejo', '', '', 'D.'),
(276, 'Gloria ', 'Garves', '', '', 'D.'),
(277, 'Edric', 'Joson', '', '', 'G.'),
(278, 'Ma. Cynthia', 'Mendoza', '', '', 'D.'),
(279, 'Catherin', 'Peter', '', '', 'G.'),
(280, 'Crisanta', 'Ramos', '', '', 'D.'),
(281, 'Alfonso', 'Saligue', '', '', 'M.'),
(282, 'Alfonsa', 'Saligue', '', '', 'M.'),
(283, 'Marites', 'Tanglao', '', '', 'M.'),
(284, 'Limuel', 'Tordecilla', '', '', 'C.'),
(285, 'Colin', 'Tupaz', '', '', 'D.'),
(286, 'Cheraquel', 'Abanto', '', '', ''),
(287, 'Manuel', 'Abrenica', '', '', ''),
(288, 'James', 'Acosta', '', '', ''),
(289, 'Elisa', 'Afable ', '', '', ''),
(290, 'Jennifer', 'Bacud', '', '', ''),
(291, 'Pedro', 'Balinsoy', '', '', ''),
(292, 'Leo', 'Baro', '', '', ''),
(293, 'Jason', 'Bolasoc', '', '', ''),
(294, 'Marion', 'Castro', '', '', ''),
(295, 'Leo', 'Concon', 'Ticket Seller III', 'STN', ''),
(296, 'Amalia', 'Dela Cruz', '', '', ''),
(297, 'Arlene ', 'Dimarucut', '', '', ''),
(298, 'Cecilio', 'Enriquez', '', '', ''),
(299, 'Jericho', 'Flores', '', '', ''),
(300, 'Reynita', 'Francisco', '', '', ''),
(301, 'Barbara', 'Gotengco', '', '', ''),
(302, 'Gina', 'Hagonoy', '', '', ''),
(303, 'Joselito', 'Javate', '', '', ''),
(304, 'Rico', 'Lusung', '', '', ''),
(305, 'Florenda', 'Legaspi', '', '', ''),
(306, 'Christina', 'Madriaga', '', '', ''),
(307, 'Edgardo', 'Magboo', '', '', ''),
(308, 'Florenda', 'Legaspi', '', '', ''),
(309, 'Rico', 'Lusung', '', '', ''),
(310, 'Christina', 'Madriaga', '', '', ''),
(311, 'Edgardo', 'Magboo', '', '', ''),
(312, 'rAvin', 'Mallari', '', '', ''),
(313, 'Arvin', 'Mallari', '', '', ''),
(314, 'Angel Jr.', 'Manalo', '', '', ''),
(315, 'Bienvenido', 'Medel', '', '', ''),
(316, 'Julieta', 'Mercene', '', '', ''),
(317, 'Rowena', 'Nogra', '', '', ''),
(318, 'Perry', 'Oserin', '', '', ''),
(319, 'Cyril', 'Pastor', '', '', ''),
(320, 'Ernesto', 'Pineda', '', '', ''),
(321, 'Rennie', 'Redulla', '', '', ''),
(322, 'Rennie', 'Redulla', '', '', ''),
(323, 'Rico', 'Lusung', '', '', ''),
(324, 'Rafael', 'Santos', '', '', ''),
(325, 'Wanda Lu Walein', 'Santos', '', '', ''),
(326, 'Dante', 'Senora', '', '', ''),
(327, 'Rolando', 'Siman', '', '', ''),
(328, 'Cherry', 'Sotto', '', '', ''),
(329, 'Edison', 'Suarez', '', '', ''),
(330, 'Feliciana Marissa', 'Vallejos', '', '', ''),
(331, 'Mark', 'Zamar', '', '', ''),
(332, 'Bernadette', 'Alfonso', '', '', 'E.'),
(333, 'Ma. Lorena', 'Banawa', '', '', 'R.'),
(334, 'Leah', 'Bayona', '', '', 'S.'),
(335, 'Sandy', 'Cruz', '', '', 'A.'),
(336, 'Micheryl', 'Cuisa', '', '', 'M.'),
(337, 'Santiago', 'Dela Cruz', '', '', 'L.'),
(338, 'Ma. Emelita', 'Dela Merced', '', '', 'A.'),
(339, 'Grace', 'Diomampo', '', '', 'E.'),
(340, 'Jaime', 'Domdom', '', '', 'N.'),
(341, 'Jaime', 'Domdom', '', '', 'N.'),
(342, 'Diognes', 'Florencio', '', '', 'D.'),
(343, 'Gerardo Jr.', 'Lagman ', '', '', ''),
(344, 'Janna', 'Lim', '', '', 'P.'),
(345, 'Rowena', 'Medina', '', '', 'V.'),
(346, 'Rehganne', 'Padilla', '', '', 'S.'),
(347, 'Fe', 'Sala', '', '', 'A.'),
(348, 'Asuncion', 'Salang', '', '', 'L.'),
(349, 'Gary', 'Saldi', '', '', 'C.'),
(350, 'Paul  Anthony ', 'Selpa', '', '', 'C.'),
(351, 'Rhamel', 'Serdoncillo', '', '', ''),
(352, 'Shiela Rose', 'Sison', '', '', 'H.'),
(353, 'Marilou', 'Tanglao', '', '', 'M.'),
(354, 'Danilo Jr. ', 'Tuazon', '', '', ''),
(355, 'Danilo Jr. ', 'Tuazon', '', '', 'V.'),
(356, 'Lenny May ', 'Villasenor', '', '', 'P.'),
(357, 'Christopher', 'Balsamo', '', '', 'M.'),
(358, 'Mary Ann', 'Cua', '', '', ''),
(359, 'Rowena', 'Devela', '', '', 'G.'),
(360, 'Ofelia', 'Ednaco', '', '', 'B.'),
(361, 'Elizabeth', 'Fajardo', '', '', 'T.'),
(362, 'Jae Paolo', 'Jimenez', '', '', 'D.'),
(363, 'Horacio', 'Lacsina', '', '', 'S.'),
(364, 'Levy', 'Lastimoso', '', '', ''),
(365, 'Carosel', 'Lacagan', '', '', 'T.'),
(366, 'Lusung', 'Rona', '', '', 'I.'),
(367, 'Jesper', 'Magat', '', '', 'M.'),
(368, 'Christopher Samuel', 'Pineda', '', '', 'P.'),
(369, 'Ronan', 'Prudencio', '', '', ''),
(370, 'Marciel ', 'Rivera', '', '', 'R.'),
(371, 'Maria Renita', 'Rosales', '', '', 'M.'),
(372, 'Luis Jr.', 'Rubia', '', '', ''),
(373, 'Reggienald', 'Santos', '', '', 'N.'),
(374, 'Jack Janiero', 'Tiongson', '', '', 'M.'),
(375, 'Donald', 'Zoleta', '', '', 'B.'),
(376, 'Maria Amalia', 'Cachueta', '', '', ''),
(377, 'Helen', 'Lanzar', '', '', 'F.'),
(378, 'Rosemarie', 'Roldan', '', '', 'M.'),
(379, 'Anstrell ', 'Tobias', '', '', 'L.'),
(380, 'Rodolfo', 'Orante', '', '', 'E.'),
(381, 'Richelda', 'Ababa', '', '', 'E.'),
(382, 'Christian', 'Baquiran', '', '', 'B.'),
(383, 'Arthur', 'Beltran', '', '', ''),
(384, 'Cynthia', 'Briton', '', '', 'L.'),
(385, 'Portia Joy', 'Cuinanan', '', '', 'Q.'),
(386, 'Ma. Elena', 'De Castro ', '', '', 'A.'),
(387, 'Jill Anne ', 'De Guzman', '', '', 'R.'),
(388, 'Efren Jr.', 'Dela Cruz', '', '', 'A.'),
(389, 'Janine', 'Dela Cruz', '', '', 'V.'),
(390, 'Edmund', 'Del Mundo', '', '', ''),
(391, 'Elizabeth', 'Elauria', '', '', 'E.'),
(392, 'Analyn', 'Feria', '', '', 'A.'),
(393, 'Limbo', 'Geronimo', '', '', 'T.'),
(394, 'Mark Robert', 'Gonzales', '', '', 'C.'),
(395, 'Ricardo Oliver', 'Gonzales', '', '', 'M.'),
(396, 'Marlon', 'Lim', '', '', 'M.'),
(397, 'Carlos Angelito', 'Linao', '', '', ''),
(398, 'Rosalinda', 'Manuel', '', '', 'B.'),
(399, 'Jorge Jr.', 'Mercado', '', '', ''),
(400, 'Yolanda', 'Montemar', '', '', 'J.'),
(401, 'Carlos', 'Reyes', '', '', 'S.'),
(402, 'Cristita', 'Reyes', '', '', 'C.'),
(403, 'Mario', 'Rivera', '', '', 'P.'),
(404, 'Immanuel', 'Roberto', '', '', ''),
(405, 'Edwinda', 'Rojas', '', '', 'A.'),
(406, 'Rosanna', 'Saman', '', '', 'S.'),
(407, 'Amparo', 'Telles', '', '', 'P.'),
(408, 'Gilbert', 'Vecina', '', '', 'S.'),
(409, 'Francis', 'Villagera', '', '', 'C.'),
(410, 'Eralyn', 'Afable', '', '', 'R.'),
(411, 'Jasmin', 'Avila', '', '', 'B.'),
(412, 'Clyde', 'Belamino', '', '', 'A.'),
(413, 'Jemil', 'Bernal', '', '', 'R.'),
(414, 'Jogen', 'Chavez', '', '', 'A.'),
(415, 'Ma. Zenaida', 'Dayapan', '', '', 'A.'),
(416, 'Paul Lad', 'Derie', '', '', ''),
(417, 'Jennifer', 'Gratuito', '', '', 'E.'),
(418, 'Wilfredo', 'Lacatan', '', '', 'S.'),
(419, 'Henrich', 'Lopena', '', '', 'A.'),
(420, 'Julio Jr.', 'Mabasa', '', '', 'J.'),
(421, 'Cheyenne Aprille', 'Maceda', '', '', 'D.'),
(422, 'Margaret', 'Ner', '', '', 'D.'),
(423, 'Benjamin Jr. ', 'Nito', '', '', 'P. '),
(424, 'Riza', 'Radan', '', '', 'B.'),
(425, 'Franklin Jr.', 'Rambayon', '', '', 'P.'),
(426, 'Rodolfo Jr.', 'Ramirez', '', '', 'V.'),
(427, 'Elsofron', 'Refugio', '', '', 'B.'),
(428, 'Rhia', 'Revano', '', '', 'O.'),
(429, 'Jackielyn', 'Acuzar-Rodriguez', '', '', ''),
(430, '', '', '', '', ''),
(431, 'Rexwald', 'Sablay', '', '', 'V.'),
(432, 'Rica', 'San Buenaventura', '', '', 'B.'),
(433, 'Ser Emil', 'Talento', '', '', 'A.'),
(434, '', '', '', '', ''),
(435, 'Eralyn', 'Afable', '', '', 'R.'),
(436, 'Maricel', 'Alquiros', '', '', 'B.'),
(437, 'Leonid', 'Andrade', '', '', 'B.'),
(438, 'Harold ', 'Cunada', '', '', 'V.'),
(439, 'Joward', 'Dela Cruz', '', '', 'A.'),
(440, 'Noel', 'Elemos', '', '', 'M.'),
(441, 'Lea', 'Federico', '', '', 'A.'),
(442, 'Vivian', 'Gumabon', '', '', 'E.'),
(443, 'Haydee', 'Hernandez', '', '', 'M.'),
(444, 'Mary Rose', 'Martin', '', '', 'C.'),
(445, 'Alvin', 'Matic', '', '', 'G.'),
(446, 'Winniefer', 'Mencieas', '', '', 'P.'),
(447, 'Richard', 'Nieves', '', '', 'P.'),
(448, 'Vanessa Faye', 'Oreste', '', '', ''),
(449, 'Jay', 'Quiamco', '', '', 'P.'),
(450, 'Nestor Jr.', 'Radan ', '', '', 'R.'),
(451, 'Evelyn', 'Aseo', '', '', 'B.'),
(452, 'Michael', 'Bautista', '', '', 'N.'),
(453, 'Noemi', 'Corporal', '', '', 'O.'),
(454, 'Eduardo Jr.', 'Dalunos', '', '', 'L.'),
(455, 'Joseph Carmelo', 'Del Rosario', '', '', 'G.'),
(456, 'Liezel', 'Evangelista', '', '', 'P.'),
(457, 'Racquel', 'Geronimo', '', '', 'S.'),
(458, 'Kris Ian', 'Guerrero', '', '', 'B.'),
(459, 'Jean', 'Gura', '', '', 'G.'),
(460, 'Racquel', 'Ibarra', '', '', 'V.'),
(461, 'Josephine', 'Julio', '', '', 'C.'),
(462, 'Joseph', 'Labastida', '', '', 'S.'),
(463, 'Zoila', 'Magsipoc', '', '', 'M.'),
(464, 'Sally', 'Mangalindan', '', '', 'S.'),
(465, 'Jovie', 'Munoz', '', '', 'R.'),
(466, 'Candelaria', 'Romulo', '', '', 'S.'),
(467, 'Buenafe', 'Garces', '', '', 'R.'),
(468, 'Consolacion', 'Jaminal', '', '', 'P.'),
(469, 'Ernesto', 'Magadan', '', '', 'A.'),
(470, 'Erwin', 'Valenzona', '', '', 'A.'),
(471, 'Norilyn', 'Santidad', '', '', 'G.'),
(472, 'Jakie', 'Alvarez', '', '', 'P.'),
(473, 'Eloisa', 'Azupardo', '', '', 'G.'),
(474, 'Irvin', 'Bernal', '', '', 'P.'),
(475, 'Rona', 'Consejero', '', '', 'Q.'),
(476, 'Raquel', 'Dacillo', '', '', 'L.'),
(477, 'Marvin', 'Erosa', '', '', 'C.'),
(478, 'Joy', 'Gallegos', '', '', 'A.'),
(479, 'Arnel', 'Gravador', '', '', 'E.'),
(480, 'Virginia', 'Lapulapu', '', '', 'S.'),
(481, 'Rodolfo Jr.', 'Lim', '', '', 'V.'),
(482, 'Royan', 'Mabborang', '', '', 'B.'),
(483, 'Raymond', 'Nival', '', '', 'P.'),
(484, 'Maria Fatima', 'Paredes', '', '', 'P.'),
(485, 'Rachel Ann', 'Perez', '', '', 'D.'),
(486, 'Patty Rose', 'Platon', '', '', 'B.'),
(487, 'Ryan', 'Quindoza', '', '', 'M.'),
(488, 'Resty', 'Sotayco', '', '', 'DC.'),
(489, 'Marcial Jr.', 'Torallo', '', '', 'R.'),
(490, 'Jennifer', 'Tuliao', '', '', 'S.'),
(491, 'Mae', 'Agustin', '', '', 'D.'),
(492, 'Martin Alec', 'Alsisto', '', '', 'M.'),
(493, '', '', '', '', ''),
(494, 'Ronelyn', 'Barbacena', '', '', 'B.'),
(495, 'Erickson', 'Bautista', '', '', 'D.'),
(496, 'Maria Rosario', 'Bernardo', '', '', 'V.'),
(497, 'Sherwin', 'Boltron', '', '', 'D.'),
(498, 'Brenda', 'Borja', '', '', 'B.'),
(499, 'Teresita', 'Campomanes', '', '', 'A.'),
(500, 'Jennifer Aubrey', 'Capio', '', '', 'L.'),
(501, 'Racquel', 'Cruz', '', '', 'Y.'),
(502, 'Precy', 'Domingo', '', '', 'B.'),
(503, 'Jhonalyn', 'Evangelista', '', '', 'J.'),
(504, 'Mohamira', 'Gandamra', '', '', 'P.'),
(505, 'Arline', 'Gliocam', '', '', 'N.'),
(506, 'Catherine', 'Legaspi', '', '', 'C.'),
(507, 'Mary June', 'Macatigbac', '', '', 'I.'),
(508, 'Jeanette', 'Maglines', '', '', 'P.'),
(509, 'Christine Joy', 'Obispo', '', '', 'D.'),
(510, 'Beverly Hazel', 'Pacis', '', '', 'O.'),
(511, 'Joy Ann', 'Panganiban', '', '', 'R.'),
(512, 'Manilyn', 'Ramos', '', '', 'V.'),
(513, 'Novi', 'Sabalo', '', '', 'A.'),
(514, 'Roudolf', 'Sison', '', '', 'F.'),
(515, 'Mary', 'Terec', '', '', 'O.'),
(516, 'Jocelyn', 'Velasco', '', '', 'O.'),
(517, 'Donna Leic', 'Adajar', '', '', 'C.'),
(518, 'Sherry Ann', 'Aguilor', '', '', 'R.'),
(519, 'Joden', 'Asturias', '', '', 'F.'),
(520, 'Cirilo', 'Baterna', '', '', 'S.'),
(521, 'Reynaldo', 'Beliganio', '', '', 'D.'),
(522, 'Jhoana', 'Cabal', '', '', 'D.'),
(523, 'Mary Ann ', 'Calompong', '', '', 'D.'),
(524, 'Ryan', 'Carandang', '', '', 'R.'),
(525, 'Cheryll ', 'Damian', '', '', 'P.'),
(526, 'Jennilyn', 'Diwa', '', '', 'SJ.'),
(527, 'Maria Theresa Janice ', 'Dizon', '', '', 'M.'),
(528, 'Rosemarie', 'Dizon', '', '', 'G.'),
(529, '', '', '', '', ''),
(530, 'Cristina', 'Doria', '', '', 'R.'),
(531, 'Maydilyn', 'Enrique', '', '', 'A.'),
(532, 'Bryan', 'Factuar', '', '', 'C.'),
(533, 'Sherry Marie', 'Gerachico', '', '', 'P.'),
(534, 'Sharmaine Michelle', 'Hilarie', '', '', 'S.'),
(535, 'Jonathan', 'Isles', '', '', 'R.'),
(536, 'Maria Tita', 'Madrigal', '', '', 'J.'),
(537, 'Ma. Nimfa', 'Magbanua', '', '', 'R.'),
(538, 'Shieman', 'Mecua', '', '', 'R.'),
(539, 'Janet', 'Nedamo', '', '', 'C.'),
(540, 'Ricardo Jr.', 'Obispo', '', '', 'A.'),
(541, 'Janrei', 'Palacio', '', '', 'M.'),
(542, 'Michelle', 'Rodriguez', '', '', 'E.'),
(543, 'Jennifer', 'Rondina', '', '', 'G.'),
(544, 'Mary Jane', 'Rubia', '', '', 'S.'),
(545, 'Arsenio Jr.', 'Tayo', '', '', 'E.'),
(546, 'Resei', 'Yalong', '', '', 'D.'),
(547, 'Grezille', 'Alivio', '', '', 'L.'),
(548, 'Maria Wendy', 'Alpapara', '', '', 'H.'),
(549, 'Junar', 'Balatbat', '', '', 'L.'),
(550, 'Mabel', 'Ballicud', '', '', 'P.'),
(551, 'Raymond', 'Baltonado', '', '', 'A.'),
(552, 'Allan', 'Bas', '', '', 'V.'),
(553, 'Cristopher', 'De Lara', '', '', 'A.'),
(554, 'Daisy Lynn ', 'Domingo', '', '', 'T.'),
(555, 'Girlie', 'Gumia', '', '', 'S.'),
(556, 'Catherine', 'Hernandez', '', '', 'F.'),
(557, 'Josephine', 'Mesina', '', '', 'P.'),
(558, 'Marie Imee Rose', 'Privado', '', '', 'G.'),
(559, 'Jane Maurice', 'Ramos', '', '', 'P.'),
(560, 'Monaliza', 'Salcedo', '', '', 'A.'),
(561, 'Eloisa', 'Sarmiento', '', '', 'E.'),
(562, 'Joanne ', 'Valencia', '', '', 'W.'),
(563, '', '', '', '', ''),
(564, '', '', '', '', ''),
(565, 'Cristopher', 'De Lara', '', '', 'A.'),
(566, 'Sherlyn', 'Paguia', '', '', 'DC.'),
(567, 'Janet', 'Pabilan', '', '', 'B.'),
(568, 'Marie Imee Rose', 'Milan', '', '', 'G.'),
(569, 'Marie Imee Rose', 'Privado', '', '', 'G.'),
(570, 'Jean', 'Casana', 'Trainee ', '', 'C.'),
(571, 'Danilo', 'Benitez', '', '', ''),
(572, 'Danilo', 'Benitez', '', '', 'B.'),
(573, 'Jhoan', 'Obog', '', '', 'H.'),
(574, 'Renato', 'Garcia', '', '', ''),
(575, 'Mabelle', 'Pelobello', '', '', 'P.'),
(576, 'Lieunessa', 'Redulla', '', '', 'O.'),
(577, 'Ann Cristine', 'Pedarse', '', '', ''),
(578, 'Gloria', 'Garvez', '', '', ''),
(579, 'Julieta', 'Mercene', '', '', ''),
(580, 'Vivian', 'Paguio', '', '', ''),
(581, 'Michelle', 'Manalo', '', '', ''),
(582, 'Peter', 'Sabsalon', '', '', ''),
(583, 'Rico', 'Hermogenes', '', '', ''),
(584, 'Colin', 'Tupaz', '', '', ''),
(585, 'Graziela', 'Agote', '', '', ''),
(586, 'Mary jane', 'Baricanosa', '', '', ''),
(587, 'Milette', 'Detera', '', '', ''),
(588, 'Ma. Gracia', 'Sison', '', '', ''),
(589, '', '', '', '', ''),
(590, 'Crismar', 'Unabia', '', '', ''),
(591, 'Arvin', 'Concepcion', '', '', ''),
(592, 'Rowena', 'Devela', '', '', ''),
(593, 'Judith', 'Santos', '', '', 'C.'),
(594, 'Lorna', 'Antonio', '', '', 'L.'),
(595, 'Maria Amalia', 'Cachuela', '', '', 'P.'),
(596, 'Fe', 'Sala', '', '', 'A.'),
(597, 'Santy', 'Dela Cruz', '', '', 'L.'),
(598, 'Alfonsa', 'Saligue', '', '', 'M.'),
(599, 'Ricardo', 'Angeles', '', '', 'C.'),
(600, 'Alfonso jr.', 'Boquiren', '', '', 'B.'),
(601, 'Edgardo', 'Magboo', '', '', 'C.'),
(602, 'Cyril', 'Pastor', '', '', 'A.'),
(603, 'Ruel', 'Alog', '', '', 'M.'),
(604, 'Leah', 'Boyona', '', '', 'S.'),
(605, 'Ma. Cynthia', 'Mendoza', '', '', 'D.J.'),
(606, 'Christopher', 'Molina', '', '', 'G.'),
(607, 'Rehganne', 'Padilla', '', '', 'S.'),
(608, 'Rowena', 'Pedrera', '', '', 'L.'),
(609, 'Maricel', 'Rivera', '', '', 'R.'),
(610, 'Paul Anthony ', 'Selpa', '', '', 'C.'),
(611, 'Sheina', 'Torres', '', '', 'S.'),
(612, '', '', '', '', ''),
(613, '', '', '', '', ''),
(614, '', '', '', '', ''),
(615, '', '', '', '', ''),
(616, 'Ma. Cynthia', 'Mendoza', '', '', 'D.J.'),
(617, 'Ariel', 'Peronilla', '', '', 'D.'),
(618, 'Dimaya', 'Natividad', '', '', 'O.'),
(619, 'Dimaya', 'Natividad', '', '', 'O.'),
(620, 'Rica', 'San Buenaventura', '', '', 'B.'),
(621, 'Jessica', 'Pen', '', '', 'B.'),
(622, 'Rowena', 'Medina', '', '', 'V'),
(623, 'Florenda', 'Legaspi', '', '', 'O.'),
(624, 'Ella', 'Jatulan', '', '', 'T.'),
(625, 'Vicente', 'Ilagan', '', '', 'M.'),
(626, 'Gina', 'Hagonoy', '', '', 'E.'),
(627, 'Jonilo', 'De Juan', '', '', 'L.'),
(628, 'Lailanie', 'Aganon', '', '', 'A.'),
(629, 'Norilyn', 'Santidad', '', '', 'G.'),
(630, 'Jocebel', 'Plucena', '', '', 'A.'),
(631, 'Rhomelex', 'Gonzales', '', '', 'L.'),
(632, 'Rodolfo Jr.', 'Libunao', 'Train Driver', 'TRA', 'F.'),
(633, 'Ramon', 'Dela Cruz', 'Train Driver', 'TRA', 'S,'),
(634, 'Eumir', 'Gubatan', 'Train Driver', 'TRA', 'C.'),
(635, 'Richard ', 'Magno', 'Train Driver', 'TRA', 'O.'),
(636, 'Jacklord', 'Manalo', 'STDO', 'TRA', 'A.'),
(637, 'Ernesto Jr.', 'Monasterial ', 'STDO', 'TRA', 'G.'),
(638, 'Adel', 'Osio', 'Train Driver', 'TRA', 'C.'),
(639, 'Mark Anthony ', 'Rey', 'Train Driver', 'TRA', 'Z.'),
(640, 'Raymund ', 'Tarranco', 'Train Driver', 'TRA', 'D.'),
(641, 'Hernand', 'Valenzuela', 'Train Driver', 'TRA', 'S.'),
(642, 'Reynaldo', 'Glean', '', '', 'L.'),
(643, 'Joemarie', 'Sandio', '', '', 'C.'),
(644, 'Raymond', 'Mendoza', '', '', 'M.'),
(645, 'Norly Jr.', 'Magana', 'Train Driver', 'TRA', 'A.'),
(646, 'Roy', 'Romulo', '', '', 'F.'),
(647, 'Mariano', 'Cruz', '', '', 'C.'),
(648, 'Orlando Jr.', 'Cacdac', '', '', 'N.'),
(649, 'Edgar', 'Tongson', '', '', 'M.'),
(650, 'Leo Arge', 'Luares', '', '', 'B.'),
(651, 'Gian Carlo', 'Esteban', '', '', 'M.'),
(652, 'Rodrigo', 'Medina', '', '', 'R.'),
(653, 'Oliver', 'Estrada', '', '', 'L.'),
(654, 'Robert', 'Correa', '', '', 'G.'),
(655, 'Wilfredo Jr.', 'Solo', '', '', 'G.'),
(656, 'Darwin', 'Cabradilla', '', '', 'E.'),
(657, 'Serafin Jr.', 'Fernandez', '', '', 'M.'),
(658, 'Reynaldo', 'Dumdum', '', '', 'N.'),
(659, 'Joseph Ryan ', 'Mendoza', '', '', 'B.'),
(660, 'Aristeo', 'Madla', '', '', 'J.'),
(661, 'Raymund ', 'Tarranco', 'Train Driver', 'TRA', 'D.'),
(662, 'Alex', 'Basobas', '', '', 'C.'),
(663, 'Jay', 'Tongco', '', '', 'S,'),
(664, 'Gil', 'Palileo', '', '', 'G.'),
(665, 'humprey', 'Ofilan', '', '', 'M.'),
(666, 'Christian', 'Villegas', '', '', 'N.'),
(667, 'Adel', 'Osio', 'Train Driver', 'TRA', 'C.'),
(668, 'Darwin', 'Discaya', 'Train Driver', 'TRA', 'E.'),
(669, 'Jay', 'Zulueta', '', '', 'M.'),
(670, 'Alcantara', 'Jeffrey', '', '', 'Q.'),
(671, 'Edgardo', 'Marquez', '', '', 'M.'),
(672, 'Paulo', 'Dela Cruz', '', '', 'S.'),
(673, 'Napoleon', 'Caraig', '', '', 'L.'),
(674, 'Aljay', 'Dailisan', '', '', 'L.'),
(675, '', '', '', '', ''),
(676, 'Eumir', 'Gubatan', 'Train Driver', 'TRA', 'C.'),
(677, 'Raymond', 'Mendoza', '', '', 'M.'),
(678, 'Roy', 'Romulo', '', '', 'F.'),
(679, 'Joemarie', 'Sandio', '', '', 'P.'),
(680, 'Elmer', 'Arbis', '', '', 'T.'),
(681, 'Roque Jr.', 'Laddran', 'STDO', 'TRA', 'G.'),
(682, 'Alex', 'Basobas', '', '', 'C.'),
(683, 'Lorenzo', 'Gandia', 'Supervising TDO', 'TRA', 'M'),
(684, 'Christopher', 'De Vicente', '', '', 'C.'),
(685, 'Jacklord', 'Manalo', 'STDO', 'TRA', 'A.'),
(686, 'Rodel', 'Oruga', 'STDO', 'TRA', 'M.'),
(687, 'Edgar', 'Tongson', '', '', 'M.'),
(688, 'Cary', 'Javan', '', '', 'L.'),
(689, 'Vermel', 'Arenella', '', '', 'S.'),
(690, 'Rodolfo Jr.', 'Caliboso', '', '', 'R.'),
(691, 'Rodolfo Jr.', 'Caliboso', '', '', 'R.'),
(692, 'Gil', 'Palileo', '', '', 'G.'),
(693, 'Ricky', 'Doroteo', '', '', 'L.'),
(694, 'Richard', 'Lo', '', '', 'S.'),
(695, 'Milla', 'Domingo Jr.', '', '', 'B.'),
(696, 'Ricky', 'Doroteo', '', '', 'L.'),
(697, '', '', '', '', ''),
(698, 'Carlo', 'Aquino', '', '', 'C.'),
(699, 'Rodolfo II', 'Corpuz', '', '', 'M.'),
(700, 'Pedro', 'Arinzana', '', '', 'P.'),
(701, 'Jacklord', 'Manalo', 'STDO', 'TRA', 'A.'),
(702, 'Wilfredo Jonjon III', 'Ulibarri', '', '', 'R.'),
(703, 'Raymundo', 'Puzon', '', '', 'S.'),
(704, 'Dan', 'Carranceja', '', '', 'T.'),
(705, 'Romeo Jr.', 'Aycardo', '', '', 'R.'),
(706, 'Mark Anthony', 'Galvez', '', '', 'P.'),
(707, 'Michael', 'Tuazon', '', '', 'C,'),
(708, 'Jose', 'Diokno', '', '', 'V.'),
(709, 'Vermel', 'Arendela', '', '', 'S.'),
(710, 'Rossel', 'Baricanosa', '', '', 'F.'),
(711, 'Domingo', 'Milla', '', '', 'B.'),
(712, 'Abel', 'Trinidad', '', '', 'C.'),
(713, 'Andrew', 'Llamas', '', '', 'F.'),
(714, 'Reynaldo', 'Ano', '', '', 'B.'),
(715, 'Ronie', 'Austero', '', '', 'C.'),
(716, 'Edwin', 'Cayanan', '', '', 'P.'),
(717, 'Joelimbert ', 'Babao', 'Train Driver', 'TRA', 'M.'),
(718, 'Joelimbert', 'Dabao', '', '', 'M.'),
(719, 'Renato Jr.', 'Dionisio', '', '', 'P.'),
(720, 'Val', 'Jayno', '', '', 'R.'),
(721, 'Julius', 'Manlapaz', 'Train Driver', 'TRA', 'T.'),
(722, 'Humprey', 'Ofilan', '', '', 'M.'),
(723, 'Ariel', 'Nalica', '', '', 'C.'),
(724, 'Mario Jr.', 'Pamintuan', '', '', 'A.'),
(725, 'Mario Jr.', 'Pamintuan', '', '', 'A.'),
(726, '', '', '', '', ''),
(727, 'Norberto', 'Geronimo', 'STDO', 'TRA', 'S.'),
(728, 'Monchito', 'De Ocares', '', '', 'M.'),
(729, 'Arnulfo Jr.', 'Domingo', '', '', 'S.'),
(730, 'Jhunas Marcelo Jomar', 'Lomeda', '', '', 'C.'),
(731, 'Heigen', 'Villacarlos', '', '', 'G.'),
(732, 'Christopher', 'Dita', 'Train Driver', 'TRA', 'V'),
(733, 'Tirso', 'Guiquing', '', '', 'M.'),
(734, 'Paul Jr.', 'Andia', '', '', 'A.'),
(735, 'Marlon', 'Bunite', '', '', 'C.'),
(736, 'Rolando Jr.', 'Dinoy', '', '', 'E.'),
(737, 'Albert', 'Guhit', '', '', 'B.'),
(738, 'Raul Zedrick', 'Morales', '', '', 'R.'),
(739, 'Akim', 'Rapiz', '', '', 'O.'),
(740, 'Ronaldo', 'Rico', '', '', 'B.'),
(741, 'Aaron', 'Pantaleon', '', '', 'S.'),
(742, 'Delfina', 'Bautista', '', '', 'C'),
(743, 'Elena', 'Condino', '', '', 'C.'),
(744, 'Renalie', 'Cruz', '', '', 'DV.'),
(745, 'Rafael', 'Cura', '', '', 'R.'),
(746, 'Rosalyn', 'Fuentes', '', '', 'R.'),
(747, 'Alberto', 'Hatosa', '', '', 'A.'),
(748, 'Artemio', 'Mercene', '', '', 'E.'),
(749, 'Archibald', 'Nieva', '', '', 'A.'),
(750, 'James', 'Peralta', '', '', 'N.'),
(751, 'Florante', 'Punzalan', '', '', 'J.'),
(752, 'Arvin', 'Requillo', '', '', 'D.'),
(753, 'Johna', 'Sudario', '', '', 'R.'),
(754, 'Ricardo III', 'Arceo', '', '', 'M.'),
(755, 'Ricardo III', 'Arceo', '', '', 'M.'),
(756, 'Oliver', 'Casili', '', '', 'S.'),
(757, 'Rodolfo II', 'Corpuz', '', '', 'M.'),
(758, 'Arturo Jr.', 'Du', '', '', 'Q.'),
(759, 'Merle', 'Geronimo ', '', '', 'P.'),
(760, 'Ferdinand', 'Guevarra', '', '', ''),
(761, 'John-John', 'Lim', '', '', 'D.'),
(762, 'Guenever', 'Manaog', '', '', ''),
(763, 'Manuel Raymundo', 'Molina', '', '', ''),
(764, 'Melvyn', 'Nino', '', '', ''),
(765, 'Regino', 'Raguirag', '', '', 'C.'),
(766, 'Rafael', 'Robles', '', '', ''),
(767, 'Alfredo Jr.', 'Santiago', '', '', 'Z.'),
(768, 'Melinda', 'Toledo', '', '', ''),
(769, 'sadsa', 'dasads', 'dassda', 'AFC', 'asda'),
(770, 'Ramon', 'Dela Cruz', 'TRAIN DRIVER', 'TRA', 'S.'),
(771, 'Patrick Simon', 'Silva', '', '', ''),
(772, 'asd', 'asd', 'asd', '', 'asd'),
(773, 'Albert ', 'Guhit', '', '', ''),
(774, 'michael', 'aguado', '', '', ''),
(775, 'Raymond', 'Picar', 'Ticket Seller II', 'STN', 'C.'),
(776, 'Beinvenido', 'Medel', '', '', ''),
(777, 'Emmanuel', 'Roberto', 'Ticket Seller II', 'STN', ''),
(778, 'Mrianne ', 'Geronimo', '', '', 'L.'),
(779, 'Ricardo Jr.', 'Data ', '', '', 'K.'),
(780, 'John Benedict', 'Chico', '', '', 'B.'),
(781, 'Arceli', 'Divina', '', '', 'S.'),
(782, 'Elena', 'Ignao', '', '', 'M.'),
(783, 'Rommel', 'Rosario', '', '', 'A.'),
(784, 'Mirriam May', 'Untalan', '', '', 'B.'),
(785, 'Amelia', 'Limbo', '', '', 'P.'),
(786, 'Levy', 'Lastimosa', '', '', ''),
(787, 'Rona', 'Lusung', '', '', 'I.'),
(788, 'Donna Leil', 'Adajar', '', '', 'C.'),
(789, 'Mary Ann', 'Calampong', '', '', 'D.'),
(790, 'Sherry Marie', 'Garachico', '', '', 'P.'),
(791, 'Nellie', 'Cabog', '', '', 'A.'),
(792, 'Eminhel Ruth', 'Gumiran', '', '', 'B.'),
(793, 'Danilo ', 'Benitez', '', '', 'B.'),
(794, 'Lienessa', 'Redulla', '', '', 'O.'),
(795, 'Michelle ', 'Manalo', '', '', ''),
(796, 'Rowena ', 'Devela', '', '', ''),
(797, 'Ma. Cynthia', 'Mendoza', '', '', 'DJ.'),
(798, 'Natividad', 'Dimaya', '', '', 'O.'),
(799, 'Marinela', 'Derie', '', '', 'A.'),
(800, 'Vivian', 'Noblezada', '', '', 'G.'),
(801, 'Consolacion', 'Lapeciros', '', '', 'J.'),
(802, 'Franklin', 'Rambayon Jr.', '', '', 'P.'),
(803, 'Renaido', 'Araa Jr.', '', '', 'E.'),
(804, 'Maricel', 'Idos', '', '', 'O.'),
(805, 'Marjorie', 'Pe Benito', '', '', 'T.'),
(806, 'Elizabeth', 'Pablo-Metiam', '', '', ''),
(807, 'Ricardo', 'Astrologo', '', '', 'R.'),
(808, 'Mary Joy', 'Lana', '', '', ''),
(809, 'Edgardo', 'Satoquia', '', '', ''),
(810, 'Michaela', 'Abaloyan', '', '', 'M.'),
(811, 'Joan', 'Bolano', '', '', 'J.'),
(812, 'Aline', 'Caliboso', '', '', 'M.'),
(813, 'Ma. Teresita', 'Quillo', '', '', 'C.'),
(814, 'Jane', 'Osio', '', '', 'C.'),
(815, 'Armida', 'Arambulo ', '', '', 'L.'),
(816, 'Wilma', 'Gabitan', '', '', 'S.'),
(817, 'Cecile', 'Cabida', '', '', 'D.'),
(818, 'Christopher', 'Rocha', '', '', ''),
(819, 'Asuncion', 'Hernandez', '', '', 'S.'),
(820, 'Godfrey', 'Ayson', '', '', 'A.'),
(821, 'Rolando', 'Rico', '', '', 'B.'),
(822, 'Darwin ', 'Cabradilla', '', '', 'E.'),
(823, 'Casiano', 'Sergio III', '', '', 'O.'),
(824, 'Arnold', 'Escalera', '', '', 'V.'),
(825, 'Rossel', 'Baricanosa ', '', '', 'F.'),
(826, 'Romeo', 'Aycardo Jr.', '', '', 'R.'),
(827, 'Balbaro', 'Banda', '', '', 'M.'),
(828, 'Jobel', 'Bonza', '', '', 'D.'),
(829, 'Rolando', 'Dinoy Jr.', '', '', 'E.'),
(830, 'Aristeo', 'Madla Jr.', '', '', ''),
(831, 'Rodolfo', 'Caliboso Jr.', '', '', 'R.'),
(832, 'Vermel ', 'Arendela', '', '', 'S.'),
(833, 'Roderic', 'Abad', '', '', 'C.'),
(834, 'Serafin', 'Fernandez Jr.', '', '', 'M.'),
(835, 'Ricahrd', 'De Villa Jr.', '', '', 'J.'),
(836, 'Ricardo', 'Arceo III', '', '', 'M.'),
(837, 'John Denver', 'Rapada', '', '', 'B.'),
(838, 'Artemio', 'Torres Jr.', '', '', 'P.'),
(839, 'Noel', 'Dungo', '', '', 'R.'),
(840, 'Daniel', 'Arollado', '', '', 'S.'),
(841, 'Jose', 'Reluya', '', '', 'N.'),
(842, 'Erdie', 'Rodriguez', '', '', 'M.'),
(843, 'Palaris', 'Vicencio', '', '', 'J.'),
(844, 'Robert', 'Villar', '', '', 'L.'),
(845, 'Orlando', 'Cacdac Jr.', '', '', 'N.'),
(846, 'Orlando', 'Agcaoli', '', '', 'V.'),
(847, 'Angelo Caesar', 'Alcantara', '', '', 'A.'),
(848, 'Wenceslao', 'Clarin Jr. ', '', '', 'T.'),
(849, 'Lauro', 'Cuada', '', '', 'V.'),
(850, 'James Fiel', 'Duque', '', '', 'C.'),
(851, 'Armando', 'Payad', '', '', 'V.'),
(852, 'Jonathan', 'Tuazon', '', '', 'S.'),
(853, 'Egdardo', 'Marquez', '', '', 'M.'),
(854, 'Jay', 'Tongco', '', '', 'S.'),
(855, 'Jurgene', 'Forton', '', '', 'S.'),
(856, 'Adelaido', 'Saman Jr.', '', '', 'C.'),
(857, 'Emerito', 'Milan', '', '', ' R.'),
(858, 'Christopher', 'Dita', '', '', 'V.'),
(859, 'Romeo', 'Dagle', '', '', 'B.'),
(860, 'Mark', 'Lopez', '', '', 'B.'),
(861, 'Rowell', 'Afable', '', '', 'C.'),
(862, 'Rodolfo', 'Corpuz II', '', '', 'M.'),
(863, 'Rodolfo', 'Libunao Jr.', '', '', 'F.'),
(864, 'Reynaldo', 'Ao', '', '', 'B.'),
(865, 'Renato', 'Dionisio Jr.', '', '', 'P.'),
(866, 'Wilfredo', 'Solo Jr.', '', '', 'G.'),
(867, 'James Paul', 'Co', '', '', 'N.'),
(868, 'Don', 'Desiderio', '', '', 'M.'),
(869, 'Mannielene', 'Jose', '', '', 'D.'),
(870, 'Anwil', 'Labindao', '', '', 'G.'),
(871, 'Roberto', 'Lacanilao Jr.', '', '', 'M.'),
(872, 'Maria Virgina', 'Manuel', '', '', 'R.'),
(873, 'Marc Joseph', 'Murriel', '', '', 'S.'),
(874, 'Douglas isagani', 'Solis', '', '', 'M.'),
(875, 'CACHUELA', 'Maria Amalia', '', '', ''),
(876, 'Benitez', 'Danilo', '', '', 'B.'),
(877, 'Obog', 'Jhoan', '', '', 'H.'),
(878, 'Jhoan', 'Obog', '', '', 'H.'),
(879, 'Edwin', 'Cayanan', '', '', 'P.'),
(880, 'Norly', 'Magana Jr.', '', '', 'A.'),
(881, 'Mario', 'Pamintuan Jr.', '', '', 'A.'),
(882, 'Nestor', 'Delos Santos Jr.', '', '', 'V.'),
(883, 'Arnulfo', 'Domingo Jr.', '', '', 'S.'),
(884, 'Lyndon', 'Posadas', '', '', 'G.'),
(885, 'Andrew', 'Pengol', '', '', 'A.'),
(886, 'Rolando', 'Zamora', '', '', 'O.'),
(887, 'Paolo', 'Dela Cruz', '', '', 'S.'),
(888, 'JAY ', 'ZULUETA', '', '', 'M.'),
(889, 'GLADWIN', 'BALAGUER', '', '', 'G.'),
(890, 'Celso', 'Jaminal', '', '', ''),
(891, 'Humphrey', 'Ofilan', '', '', 'M.'),
(892, 'Alijay', 'Dailisan', '', '', 'L.'),
(893, 'Romeo', 'Lomocso Jr.', '', '', 'M.'),
(894, 'Norman', 'Mateo', '', '', 'B.'),
(895, 'Charlito', 'Borja', '', '', 'F.'),
(896, 'Sonny', 'Abril', '', '', 'E.'),
(897, 'Alvin', 'Panela', '', '', 'B.'),
(898, 'Alfonso Cesar', 'Infante', '', '', 'G.'),
(899, 'Diosdado', 'Fontanilla Jr.', '', '', 'S.'),
(900, 'Fernando', 'Matic', '', '', 'S.'),
(901, 'Renato', 'Aquino', '', '', 'U.'),
(902, 'Adam', 'Pastorfide', '', '', 'R.'),
(903, 'Angelo', 'Constantino', '', '', 'R.'),
(904, 'Geronimo', 'Porto', '', '', 'V.'),
(905, 'Jewel', 'Uson', '', '', 'V.'),
(906, 'Erwin', 'Esrael', '', '', 'G.'),
(907, 'Federico', 'Bercasio', '', '', 'B.'),
(908, 'Christopher', 'Rocha', '', '', 'T.'),
(909, 'Judy', 'Franco', '', '', 'T.'),
(910, 'Rinabelle April', 'Fuentes', '', '', 'Q.'),
(911, 'Rea', 'San Pedro', '', '', 'C.'),
(912, 'Ma. Lourdes', 'Salentes', '', '', 'B.'),
(913, 'Merivie', 'Bangadan', '', '', 'P.'),
(914, 'Jocelyn', 'Pedaria', '', '', 'L.'),
(915, 'Andres', 'Meriam', '', '', 'C.'),
(916, 'Mabelle ', 'Pelobello', '', '', 'M.'),
(917, 'Maribel', 'Dela Cruz', '', '', 'L.'),
(918, 'Lorna ', 'Antonio', '', '', 'A.'),
(919, 'Fe', 'Bandong', '', '', 'S.'),
(920, 'Rachel', 'Macas', '', '', 'G.'),
(921, 'Joan', 'Obog', '', '', 'H.'),
(922, 'Cyrill', 'Pastor', '', '', 'A.'),
(923, 'Ma. Gracia', 'Sision', '', '', 'A.'),
(924, 'Robert', 'David', '', '', 'C.'),
(925, 'Armando', 'Lagmay', '', '', ''),
(926, 'Rolando', 'Ramos', '', '', 'C.'),
(927, 'Graziela', 'Santos', '', '', 'A.'),
(928, 'Delano', 'Baylosis', '', '', 'R.'),
(929, 'Annaliza', 'Agtuca', '', '', 'S.'),
(930, 'Ryan', 'Abenion', '', '', 'B.'),
(931, 'Nickson', 'Duldulao', '', '', 'T.'),
(932, 'Reinalou Antoinette', 'Pascua', '', '', 'T.'),
(933, 'Ma. Kristine', 'Lopez', '', '', 'R.'),
(934, 'Sonny', 'Almia', '', '', 'M.'),
(935, 'Lucilyn ', 'Aguado', '', '', ''),
(936, 'Nestor', 'Baer', '', '', ''),
(937, 'Rolando', 'Cariaga', '', '', ''),
(938, 'Dorielyn', 'Lazaraga', '', '', ''),
(939, 'Francisco', 'Legazpi Jr.', '', '', ''),
(940, 'Alexis', 'Talan', '', '', ''),
(941, 'Clarissa', 'Delos Reyes', '', '', ''),
(942, 'Gilnore', 'Manabo', '', '', ''),
(943, 'Daisy', 'Sabanate', '', '', ''),
(944, 'Resie', 'Lagoc', '', '', ''),
(945, 'Cynthia', 'Lucidos', '', '', ''),
(946, 'Rosalina', 'Manuel', '', '', ''),
(947, 'Elvin', 'Alampay', '', '', 'G.'),
(948, 'Delifina', 'Bautista', '', '', 'C.'),
(949, 'Leo', 'Concon', '', '', 'G.'),
(950, 'Carmelito Jose', 'Delas Alas', '', '', ''),
(951, 'Rommel', 'Gadaza', '', '', 'T.'),
(952, 'Rico', 'Hermogenes DR', '', '', ''),
(953, 'Irene', 'Luna', '', '', 'T.'),
(954, 'Lylaine', 'Majano', '', '', 'DL'),
(955, 'Marjorie', 'Mijares', '', '', 'G.'),
(956, 'Charito', 'Nino', '', '', 'B.'),
(957, 'Rennie', 'Redulla', '', '', 'D.'),
(958, 'Jocelyn', 'Sanchez', '', '', 'A.'),
(959, 'Ireneo', 'Sangil', '', '', 'J.'),
(960, 'Aurea', 'Santidad', '', '', 'S.'),
(961, 'Santiago', 'Dela Cruz', '', '', 'DL'),
(962, 'Ma. Linda Jennifer', 'Juan', '', '', 'S.'),
(963, 'Robert', 'Murphy Jr.', '', '', 'M.'),
(964, 'Francisco Joel', 'Puhawan', '', '', 'R.'),
(965, 'Christopher', 'Rodillas', '', '', 'DL'),
(966, 'Maryann', 'Calompong', '', '', 'D.'),
(967, 'Reynita', 'Dorego', '', '', 'F.'),
(968, 'Geraldine', 'Mangalili', '', '', 'DJ'),
(969, 'Margaret', 'Palacio', '', '', 'N.'),
(970, 'Dante', 'Senora', '', '', 'B.'),
(971, 'Mario', 'Caringal Jr.', '', '', 'M.'),
(972, 'Melinda', 'Toledo', '', '', 'C.'),
(973, 'Meriam', 'Andres', '', '', 'L.'),
(974, 'Mary Vi', 'Bangalan', '', '', 'P.'),
(975, 'Maribel', 'Dela Cruz', '', '', 'DL.'),
(976, 'Johnel', 'Rosales', '', '', 'L.'),
(977, 'Jocelyn', 'Sancha', '', '', 'B.'),
(978, 'Ma. Rosario', 'Bernardo', '', '', 'V.'),
(979, 'Racquel', 'Dacillo', '', '', 'LB.'),
(980, 'Ma. Antoinette', 'De Jesus', '', '', 'P.'),
(981, 'Amalia', 'Dela Cruz', '', '', 'B.'),
(982, 'Barbara', 'Gotengco', '', '', 'O.'),
(983, 'Gerlie', 'Gumia', '', '', 'S.'),
(984, 'Elibeth', 'Lopena', '', '', 'E.'),
(985, 'Ma. Fatima', 'Paredes', '', '', 'P.'),
(986, 'Cecile', 'Soriaga', '', '', 'P.'),
(987, 'Marife', 'Balasbas', '', '', 'S.'),
(988, 'Guenever', 'Manaog', '', '', 'G.'),
(989, 'Clarissa', 'Mancenido', '', '', 'M.'),
(990, 'Rafael', 'Ortiz-Luis', '', '', 'L.'),
(991, 'Perpetua', 'Pielago', '', '', 'T.'),
(992, 'Fe', 'Vicencio', '', '', 'C.'),
(993, 'Rogelio', 'Bascug Jr.', '', '', 'M.'),
(994, 'Allan', 'Bautista', '', '', 'L.'),
(995, 'Alfonso', 'Boquiren Jr.', '', '', 'B.'),
(996, 'Edwin', 'Carandang', '', '', 'T.'),
(997, 'Ariel', 'Napoles', '', '', 'M.'),
(998, 'Aristotle', 'Sumaria', '', '', 'S.'),
(999, 'Alec Martin', 'Alsisto', '', '', 'M.'),
(1000, 'Rechelda', 'Ababa', '', '', 'E.'),
(1001, 'Eralyn', 'Atibagos', '', '', 'A.'),
(1002, 'Eloisa', 'Bunite', '', '', 'A.'),
(1003, 'Joseph Camelo', 'Del Rosario', '', '', 'G.'),
(1004, 'Efren', 'Dela Cruz Jr.', '', '', 'A.'),
(1005, 'Ma. Antoinette', 'Gonzales', '', '', 'T.'),
(1006, 'Janet', 'Lebig', '', '', 'N.'),
(1007, 'Carlos Angelito', 'Liano', '', '', 'G.'),
(1008, 'Lea', 'Medina', '', '', 'F.'),
(1009, 'Joy-Ann', 'Panganiban', '', '', 'R.'),
(1010, 'Anstrel', 'Tobias', '', '', 'DL..'),
(1011, 'Ramil', 'Salvador', '', '', 'E.'),
(1012, 'Richard', 'Alquina', '', '', 'A.'),
(1013, 'Paul', 'Andia Jr.', '', '', 'A.'),
(1014, 'Wondrous', 'Tan', '', '', 'J.'),
(1015, 'Elvin', 'Ramirez', '', '', 'E.'),
(1016, 'Ermon Dennis', 'Tamba', '', '', 'M.'),
(1017, 'Norilyn ', 'Santidad', '', '', 'G.'),
(1018, 'Franklin', 'Rambayon Jt.', '', '', 'P.'),
(1019, 'Jocebel', 'Cinco', '', '', 'P.'),
(1020, 'Arturo', 'Du Jr.', '', '', 'Q.'),
(1021, 'Melvyn', 'Nino', '', '', 'V.'),
(1022, 'Renato', 'Alejandro', '', '', 'P.'),
(1023, 'Ella ', 'Jatulan', '', '', 'T.'),
(1024, 'King', 'Laconilo', '', '', 'R.'),
(1025, 'Rowelito', 'Lumbres', '', '', 'M.'),
(1026, 'Jayson', 'Bolasoc', '', '', 'M.'),
(1027, 'Ryan', 'Carandang', '', '', 'DR.'),
(1028, 'Raquel', 'Cruz', '', '', 'Y.'),
(1029, 'Portia Joy', 'Cunanan', '', '', 'Q.'),
(1030, 'Mary June', 'Davin', '', '', 'M.'),
(1031, 'Arline', 'Gilocam', '', '', 'N.'),
(1032, 'Daisy Lynn', 'Holampong', '', '', 'D.'),
(1033, 'Viginia', 'Lapulapu', '', '', 'S.'),
(1034, 'Ma. Tita', 'Madrigal', '', '', 'J.'),
(1035, 'Winniefer', 'Mencias', '', '', 'P.'),
(1036, 'Ofelia', 'Mutya', '', '', 'E.'),
(1037, 'Ernesto', 'Pineda Jr.', '', '', 'O.'),
(1038, 'Ma. Renita', 'Rosales', '', '', 'M.'),
(1039, 'Charito', 'Tatoy', '', '', 'S.'),
(1040, 'Marcial', 'Torallo Jr.', '', '', 'R.'),
(1041, 'Jane', 'Abiera', '', '', 'A.'),
(1042, 'Maita', 'Alejandro', '', '', 'G.'),
(1043, 'John Jay', 'Aoyang', '', '', 'U.'),
(1044, 'Noel', 'Flores', '', '', 'R.'),
(1045, 'Richard', 'Gatchalian', '', '', 'G.'),
(1046, 'Ines', 'Patricio', '', '', 'DC.'),
(1047, 'John Philip', 'Santos', '', '', 'J.'),
(1048, 'James John', 'Acosta', '', '', 'N.'),
(1049, 'Jean', 'Apacible', '', '', 'G.'),
(1050, 'Percival', 'Fano Jr.', '', '', 'F.'),
(1051, 'Rodolfo', 'Ramirez Jr.', '', '', 'V.'),
(1052, 'Sherry Marie', 'Rangel', '', '', 'G.'),
(1053, 'Jesus Ariel', 'Sta. Ana', '', '', 'SJ.'),
(1054, 'Rolita', 'Balasa', '', '', 'E.'),
(1055, 'Ma. Amalia', 'Cachuela', '', '', 'P.'),
(1056, 'Ma. Bylin', 'De Ramos', '', '', 'DL.'),
(1057, 'Carmel', 'Noveda', '', '', 'B.'),
(1058, 'Emelita', 'Sampayo', '', '', 'G.'),
(1059, 'Ann Christine', 'Torallo', '', '', 'P.'),
(1060, 'Cirilio', 'Baterna Jr.', '', '', 'S.'),
(1061, 'Leonid', 'Deza', '', '', 'A.'),
(1062, 'Sheila Rose', 'Perez', '', '', 'S.'),
(1063, 'Ricardo ', 'Apacible Jr.', '', '', 'O.'),
(1064, 'Rolando', 'Panahon IV', '', '', 'B.'),
(1065, 'Virginia', 'Alagon', '', '', 'P.'),
(1066, 'Mary Jane', 'Baricanosa', '', '', 'S.'),
(1067, 'Rowena', 'Bernardino', '', '', 'A.'),
(1068, 'Randy', 'Cascayan', '', '', 'F.'),
(1069, 'Renato', 'Garcia', '', '', 'S.'),
(1070, 'Gloria', 'Garvez', '', '', 'D.'),
(1071, 'Pauline', 'Hernandez', '', '', 'M.'),
(1072, 'Mary Ann', 'Magtaan', '', '', 'C.'),
(1073, 'Juliet', 'Miguel', '', '', 'C.'),
(1074, 'John Frederick', 'Navarro', '', '', 'A.'),
(1075, 'Jackie Lou', 'Aparece', '', '', 'A.'),
(1076, 'Clyde', 'Belarmino', '', '', 'A.'),
(1077, 'Christopher', 'De Lara', '', '', 'A.'),
(1078, 'Marie Lynn', 'Milan', '', '', 'C.'),
(1079, 'Mario', 'Rivera Jr.', '', '', 'P.'),
(1080, 'Lylaine', 'Majano', 'Station Supervisor', 'STN', 'DR.'),
(1081, 'Charito ', 'Nio', 'Station Supervisor', 'STN', 'B.'),
(1082, 'Donna Leil', 'Celiz', 'Ticket Seller II', 'STN', 'A.'),
(1083, 'Josephine ', 'Julio', 'Ticket Seller II', 'STN', 'C.'),
(1084, 'Santiago', 'Dela Cruz', 'Ticket Seller III', 'STN', 'DL.'),
(1085, 'Maria Linda Jennifer', 'Juan', 'Ticket Seller III', 'STN', 'S.'),
(1086, 'Christopher', 'Rodillas', 'Ticket Seller III', 'STN', 'DC.'),
(1087, 'John Phillip', 'Santos', 'Station Supervisor', 'STN', 'J.'),
(1088, 'Edwin ', 'Carandang', 'Ticket Seller III', 'STN', 'T.'),
(1089, 'Luis Rafael', 'Ortiz', 'Station Supervisor', 'STN', 'L.'),
(1090, 'Rogelio', 'Bascug Jr.', 'Ticket Seller III', 'STN', 'B.'),
(1091, 'Alfonso ', 'Boquiren Jr.', 'Ticket Seller III', 'STN', 'B.'),
(1092, 'Rolita ', 'Balasa', 'Ticket Seller III', 'STN', 'E.'),
(1093, 'Norberta', 'Panganiban', 'Ticket Seller III', 'STN', 'C.'),
(1094, 'King ', 'Laconico', 'Ticket Seller III', 'STN', 'R.'),
(1095, 'Michelle', 'Manalo', 'Ticket Seller III', 'STN', 'L.'),
(1096, 'Chrismar ', 'Unabia', 'Ticket Seller III', 'STN', 'B.'),
(1097, 'Evelyn', 'Aseo', 'Ticket Seller III', 'STN', 'B.'),
(1098, 'Clarissa', 'Delos Reyes', 'Ticket Seller III', 'STN', 'A.'),
(1099, 'Gilnore', 'Manabo', 'Ticfket Seller III', 'STN', 'M.'),
(1100, 'Julieta', 'Mercene', 'Ticket Seller III', 'STN', 'M.'),
(1101, 'Daisy', 'Sabanate', 'Ticket Seller III', 'STN', 'L.'),
(1102, 'Delfina', 'Bautista', 'Station Supervisor', 'STN', 'C.'),
(1103, 'Carmelito Jose', 'Delas Alas', 'Station Supervisor', 'STN', 'M.'),
(1104, 'Rico', 'Hermogenes', 'Station Supervisor', 'STN', 'DR.'),
(1105, 'Rhona', 'Alejandro', 'Station Supervisor', 'STN', 'F.'),
(1106, 'Jupiter ', 'Fuentes', 'Station Supervisor', 'STN', 'C.'),
(1107, 'Ferdinand', 'Guevara', 'Station Supervisor', 'STN', 'A.'),
(1108, 'John John', 'Lim', 'Staton Supervisor', 'STN', 'D.'),
(1109, 'Alberto', 'Maglines', 'Station Supervisor', 'STN', 'P.'),
(1110, 'Manuel Raymundo', 'Molina', 'Station Supervisor', 'STN', 'J.'),
(1111, 'Alfredo', 'Santiago Jr.', 'Station Supervisor', 'STN', 'Z.'),
(1112, 'Elinore', 'Adobas', 'Ticket Seller II', 'STN', 'V.'),
(1113, 'Juvie', 'Munoz', 'Ticket Seller II', 'STN', 'R.'),
(1114, 'Crisanta', 'Saavedra', 'Ticket Seller II', 'STN', 'R.'),
(1115, 'Johan', 'Caronongan', 'Station Supervisor', 'STN', 'L.'),
(1116, 'Nestor', 'Real', 'Station Supervisor', 'STN', 'C.'),
(1117, 'Rafael', 'Robles', 'Station Supervisor', 'STN', 'B.'),
(1118, 'Haydee', 'Abela', 'Ticket Seller II', 'STN', 'H.'),
(1119, 'Ramil', 'Monte De Ramos', 'Ticket Seller II', 'STN', 'R.'),
(1120, 'Rolita', 'Balasa ', 'Ticket Seller III', 'STN', 'E.'),
(1121, 'Rowel Lito', 'Lumbres', 'Ticket Seller III', 'STN', 'M.'),
(1122, 'Ariel Jesus', 'Sta. Ana', 'Ticket Seller II', 'STN', 'SJ.'),
(1123, 'Raquel', 'Cruz', 'Ticket Seller II', 'STN', 'L.'),
(1124, 'Marie Antoinette', 'De Jesus', 'Ticket Seller II', 'STN', 'P.'),
(1125, 'Marianne', 'Labarosa', 'Ticket Seller II', 'STN', ''),
(1126, 'Ma. Michelle ', 'Manalo ', 'Ticket Seller III', 'STN', 'L.'),
(1127, 'Marites ', 'Ambrocio', 'Ticket Seller II', 'STN', 'B.'),
(1128, 'Rowell ', 'Corpuz', 'Ticket Seller II', 'STN', 'N.'),
(1129, 'Raquel', 'Dacillo', 'Ticket Seller II', 'STN', 'LB.'),
(1130, 'Ma. Gracia', 'Sison', 'Ticket Seller III', 'STN', 'A.'),
(1131, 'Cheraquel', 'Abanto', 'Ticket Seller II', 'STN', 'P.'),
(1132, 'Jakie Lou', 'Aparece', 'Ticket Seller II', 'STN', 'A.'),
(1133, 'Eduardo', 'Dalunos Jr.', 'Ticket Seller II', 'STN', 'L.'),
(1134, 'Resie', 'Lagoc', 'Ticket Seller II', 'STN', 'Y.'),
(1135, 'Julieta', 'Mercena', 'Ticket Seller III', 'STN', 'M.'),
(1136, 'Merly', 'Astronomo', 'Ticket Seller II', 'STN', ''),
(1137, 'Marion', 'Castro', 'Ticket Seller II', 'STN', 'R.'),
(1138, 'Liezel', 'Benitez', 'Ticket Seller III', 'STN', 'E.'),
(1139, 'Sherwin', 'Boltron', 'Ticket Seller III', 'STN', 'DR.'),
(1140, 'Carlos Angelito', 'Linao', 'Ticket Seller III', 'STN', 'G.'),
(1141, 'Margarete', 'Palacio', 'Ticket Seller III', 'STN', 'N.'),
(1142, 'Ma. Fatima', 'Paredes', 'Ticket Seller II', 'STN', 'R.'),
(1143, 'Leah Jessica', 'Rosales', 'Ticket Seller II', 'STN', 'T.'),
(1144, 'Anstrell', 'Tobias', 'Ticket Seller II', 'STN', 'DL.'),
(1145, 'Jennylyn', 'Diwa', 'Ticket Seller II', 'STN', ''),
(1146, 'Rachel', 'Pagsanjan', 'Ticket Seller II', 'STN', ''),
(1147, 'Shiela Rose', 'Perez', 'Ticket Seller II', 'STN', ''),
(1148, 'Michael ', 'Robles', 'Ticket Seller II', 'STN', ''),
(1149, 'Wifredo', 'Lacatan', 'Ticket Seller II', 'STN', ''),
(1150, 'Jeanette', 'Maglinis', 'Ticket Seller II', 'STN', ''),
(1151, 'Romesse', 'Ramos', 'Ticket Seller II', 'STN', '');
INSERT INTO `trainee_list` (`id`, `firstName`, `lastName`, `designation`, `department`, `midInitial`) VALUES
(1152, 'Jasmin', 'Rosario', 'Ticket Seller II', 'STN', ''),
(1153, 'Sherry Ann', 'Aquilor', 'Ticket Seller III', 'STN', ''),
(1154, 'Princess', 'Laurel', 'Ticket Seller III', 'STN', ''),
(1155, 'Gerardine', 'Mangalili', 'Ticket Seller III', 'STN', ''),
(1156, 'Jasper', 'Magat', 'Ticket Seller II', 'STN', ''),
(1157, 'Shayne', 'Magat', 'Ticket Seller II', 'STN', ''),
(1158, 'Janrie', 'Palacio', 'Ticket Seller II', 'STN', ''),
(1159, 'Jennifer ', 'Peronilla', 'Ticket Seller', 'STN', ''),
(1160, 'Emmanuel', 'Salinas', 'STDO', 'STN', ''),
(1161, 'Kristine Diane', 'Agnas', 'Ticket Seller II', 'STN', 'T.'),
(1162, 'Christine', 'Amper', 'Ticket Seller II', 'STN', 'M.'),
(1163, 'Galilee', 'Antonio', 'Ticket Seller II', 'STN', 'B.'),
(1164, 'Rona Christine', 'Araiz', 'Ticket Seller II', 'STN', 'M.'),
(1165, 'Baby Lyn', 'Ardalez', 'Ticket Seller II', 'STN', 'H.'),
(1166, 'Merriam', 'Avila', 'Ticket Seller II', 'STN', 'B.'),
(1167, 'Isaac stanley', 'Cabaltica', 'Ticket Seller II', 'STN', 'A.'),
(1168, 'Rowena', 'Casidsid', 'Ticket Seller II', 'STN', 'G.'),
(1169, 'Roy', 'Dimapawi', 'Ticket Seller II', 'STN', 'R.'),
(1170, 'Mark Gil', 'Garon', 'Ticket Seller II', 'STN', 'A.'),
(1171, 'Juan Paulo ', 'Mariano', 'Ticket Seller II', 'STN', 'S.'),
(1172, 'Jona', 'Pagrad', 'Ticket Seller II', 'STN', 'P.'),
(1173, 'Mark Gregor', 'Yabut', 'Ticket Seller II', 'STN', 'T.'),
(1174, 'Ana Kristine', 'Constantino', 'Ticket Seller II', 'STN', 'A.'),
(1175, 'Carlota', 'Dagdag', 'Ticket Seller II', 'STN', 'V.'),
(1176, 'Marisa', 'Feliciano', 'Ticket Seller II', 'STN', 'F.'),
(1177, 'Queenie Lois', 'Hicarte', 'Ticket Seller II', 'STN', 'F.'),
(1178, 'Nerissa', 'Ilarde', 'Ticket Seller II', 'STN', 'A.'),
(1179, 'Anthony', 'Laud', 'Ticket Seller II', 'STN', 'B.'),
(1180, 'Jonalyn', 'Linatoc', 'Ticket Seller II', 'STN', 'S.'),
(1181, 'Herelyn', 'Rey', 'Ticket Seller II', 'STN', 'M.'),
(1182, 'Aaron Lester', 'Umandap', 'Ticket Seller II', 'STN', 'C.'),
(1183, 'Caitlyn Ivonn Marie', 'Umpar', 'Ticket Seller II', 'STN', 'O.'),
(1184, 'Lemuel Japhet', 'Velarde', 'Ticket Seller II', 'STN', 'G.'),
(1185, 'Rea ', 'San Pedro', 'Ticket Seller II', 'STN', 'C.'),
(1186, 'Joanna Mae', 'Cruz', 'Ticket Seller II', 'STN', 'Q.'),
(1187, 'Joanna Mae', 'Cruz', 'Commuter Welfare Assistance', 'STN', 'Q.'),
(1188, 'Robert', 'David', 'Commuter Welfare Assistance', 'STN', 'C.'),
(1189, 'Micheryl', 'De Juan', 'Commuter Welfare Assistance', 'STN', 'C.'),
(1190, 'Nickson', 'Duldulao', 'Commuter Welfare Assistance', 'STN', 'T.'),
(1191, 'Rea ', 'San Pedro', 'Commuter Welfare Assistance', 'STN', 'C.'),
(1192, 'Patrick', 'Conaco', 'Train Driver', 'TRA', 'G.'),
(1193, 'Erickson', 'Dela Cruz', 'Train Driver', 'TRA', 'D.'),
(1194, 'Joey', 'Delea', 'Train Driver', 'TRA', 'A.'),
(1195, 'Nathaniel Franz', 'Reyes', 'Train Driver', 'TRA', 'C.'),
(1196, 'Zachary', 'Nabong', 'Train Driver', 'TRA', 'S.'),
(1197, 'Jeffrey ', 'Alcantara', 'Train Driver', 'TRA', 'Q.'),
(1198, 'Reynaldo', 'Ao', 'Train Driver', 'TRA', 'B.'),
(1199, 'Ronie', 'Austero', 'Train Driver', 'TRA', 'C.'),
(1200, 'Edwin', 'Cayanan', 'Train Driver', 'TRA', 'P.'),
(1201, 'Joelimbert', 'Davao', 'Train Driver', 'TRA', 'M.'),
(1202, 'Renato', 'Dionisio Jr.', 'Train Driver', 'TRA', 'P.'),
(1203, 'Val', 'Jayno', 'Train Driver', 'TRA', 'R.'),
(1204, 'Julius', 'Manlapaz', 'Train Driver', 'TRA', 'T.'),
(1205, 'Emerito', 'Milan', 'Train Driver', 'TRA', 'R.'),
(1206, 'Paul Zedrick', 'Morales', 'Train Driver', 'TRA', 'R.'),
(1207, 'Humphrey', 'Ofilan', 'Train Driver', 'TRA', 'M.'),
(1208, 'Vermel', 'Arendela', 'STDO', 'TRA', 'S.'),
(1209, 'Alex', 'Basobas', 'STDO', 'TRA', 'C.'),
(1210, 'Mariano', 'Cruz', 'STDO', 'TRA', 'C.'),
(1211, 'Norly', 'Magana Jr.', 'Train Driver', 'TRA', 'A.'),
(1212, 'Ariel', 'Nalica', 'Train Driver', 'TRA', 'C.'),
(1213, 'Mario', 'Pamintuan Jr.', 'Train Driver', 'TRA', 'A.'),
(1214, 'Norberto', 'Geronimo', 'Train Driver', 'TRA', 'S.'),
(1215, 'Abel', 'Trinidad', 'STDO', 'TRA', 'C.'),
(1216, 'Elmer T.', 'Arbis', 'STDO', 'TRA', 'G.'),
(1217, 'Roque', 'Laddran Jr.', 'STDO', 'TRA', 'G.'),
(1218, 'Monchito ', 'De Ocares', 'Train Driver', 'TRA', 'M.'),
(1219, 'Ramon', 'Dela Cruz', 'Train Driver', 'TRA', 'S.'),
(1220, 'Arnulfo ', 'Domingo Jr.', 'Train Driver', 'TRA', 'S.'),
(1221, 'Jhunas Marcelo Jomar', 'Lomeda', 'Train Driver', 'TRA', 'C.'),
(1222, 'Richard ', 'Magno', 'Train Driver', 'TRA', 'O.'),
(1223, 'Mark Anthony', 'Rey', 'Train Driver', 'TRA', 'Z.'),
(1224, 'Joemarie', 'Sandio', 'Train Driver', 'TRA', 'P.'),
(1225, 'Raymund', 'Tarranco', 'Train Driver', 'TRA', 'D.'),
(1226, 'Heigen', 'Villacarlos', 'Train Driver', 'TRA', 'G.'),
(1227, 'Edwin ', 'Hilario', 'STDO', 'TRA', 'S.'),
(1228, 'Andrew', 'Llamas', 'STDO', 'TRA', 'F.'),
(1229, 'Orlando', 'Cacdac Jr.', 'STDO', 'TRA', 'N.'),
(1230, 'Rodel', 'Oruga', 'STDO', 'TRA', 'M.'),
(1231, 'Napoleon', 'Caraig', 'Train Driver', 'TRA', 'L.'),
(1232, 'Aristeo', 'Madla', 'Train Driver', 'TRA', 'J.'),
(1233, 'Joseph Ryan', 'Mendoza', 'Train Driver', 'TRA', 'B.'),
(1234, 'Ricardo ', 'Arceo III', 'STDO', 'TRA', 'M.'),
(1235, 'Edgar', 'Tongson', 'STDO', 'TRA', 'M.'),
(1236, 'Domingo', 'Milla', 'STDO', 'TRA', 'B.'),
(1237, 'Dan', 'Carranceja', 'STDO', 'TRA', 'T.'),
(1238, 'Christopher', 'Dita', 'Train Driver', 'TRA', 'V.'),
(1239, 'Tirso', 'Guiquing', 'Train Driver', 'TRA', 'M.'),
(1240, 'Raymond', 'Mendoza', 'Train Driver', 'TRA', 'M.'),
(1241, 'Osio', 'Adel', 'Train Driver', 'TRA', 'C.'),
(1242, 'Roy', 'Romulo', 'Train Driver', 'TRA', 'F.'),
(1243, 'Reynaldo', 'Glean', 'Train Driver', 'TRA', 'L.'),
(1244, 'Eumir', 'Gubatan', 'Train Driver', 'TRA', 'C.'),
(1245, 'Jacklord', 'Manalo', 'STDO', 'TRA', 'A.'),
(1246, 'Carlo', 'Aquino', 'STDO', 'TRA', 'C.'),
(1247, 'Paul ', 'Andia Jr.', 'Train Driver', 'TRA', 'A.'),
(1248, 'Marlon', 'Bunite', 'Train Driver', 'TRA', 'C.'),
(1249, 'Rolando', 'Dinoy Jr.', 'Train Driver', 'TRA', 'E.'),
(1250, 'Albert', 'Guhit', 'Train Driver', 'TRA', 'B.'),
(1251, 'Paul Zedrick', 'Morales', 'Train Driver', 'TRA', 'R.'),
(1252, 'Akim', 'Rapiz', 'Train Driver', 'TRA', 'O.'),
(1253, 'Rolando', 'Rico', 'Train Driver', 'TRA', 'B.'),
(1254, 'Christopher', 'De Vicente', 'Train Driver', 'TRA', 'C.'),
(1255, 'Aaron', 'Pantaleon', 'Train Driver', 'TRA', 'S.'),
(1256, 'Reynaldo', 'Dumdum', 'Train Driver', 'TRA', 'N.'),
(1257, 'Rodolfo', 'Libunao Jr.', 'STDO', 'TRA', 'F.'),
(1258, 'Sarah', 'Algara', 'Cash Assistant II', 'TREA', 'C.'),
(1259, 'Rewel', 'Balatbat', 'Cash Assistant II', 'TREA', 'P.'),
(1260, 'Erwin', 'Malabanan', 'Cash Assistant II', 'TREA', 'S.'),
(1261, 'Michael', 'Pagsanjan', 'Cash Assistant II', 'TREA', 'C.'),
(1262, 'Ma. Teresita', 'Quillo', 'Cash Assistant II', 'TREA', 'C.'),
(1263, 'Lourdes', 'Rosalin', 'Cash Assistant II', 'TREA', 'A.'),
(1264, 'Viena Rissa', 'Sotelo', 'Cash Assistant II', 'TREA', 'M.'),
(1265, 'Maria Carmela', 'Toca', 'Cash Assistant II', 'TREA', 'L.'),
(1266, 'Ofelia', 'Benedicto', 'Cash Assistant III', 'TREA', 'D.'),
(1267, 'Emmanuel ', 'Sta. Ana', 'Cash Assistant IV', 'TREA', 'G.'),
(1268, 'Arline', 'Caliboso', 'Cash Assistant II', 'TREA', 'M.'),
(1269, 'Marissa', 'Pascua', 'Cash Assistant II', 'TREA', 'P.'),
(1270, 'Marelyn', 'Serrano', 'Cash Assistant II', 'TREA', 'B.'),
(1271, 'Milagros', 'De Leon', 'Cash Assistant II', 'TREA', 'P.'),
(1272, 'Lolita', 'Barrameda', 'Cash Assistant II', 'TREA', 'U.'),
(1273, 'Welmer', 'Pornasdoro', 'Cash Assistant II', 'TREA', 'S.'),
(1274, 'Maribel', 'Unabia', 'Cash Assistant II', 'TREA', 'R.'),
(1275, 'Rick Jayson', 'Mercado', 'Cash Assistant III', 'TREA', 'I.'),
(1276, 'Carolina', 'Magadan', 'Cash Assistant II', 'TREA', 'P.'),
(1277, 'Jennifer', 'Dita', 'Cash Assistant II', 'TREA', 'R.'),
(1278, 'Rolando', 'Gravador', 'Cash Assistant II', 'TREA', 'O.'),
(1279, 'Maila', 'Logronio', 'Cash Assistant II', 'TREA', 'R.'),
(1280, 'Nelson', 'Fernando', 'Cash Assistant II', 'TREA', 'C.'),
(1281, 'Armida', 'Arambulo', 'Cash Assistant II', 'TREA', 'L.'),
(1282, 'Jeanilyn', 'Cabrales', 'Cash Assistant II', 'TREA', 'P.'),
(1283, 'Elizabeth', 'Metiam', 'Cash Assistant II', 'TREA', 'P.'),
(1284, 'Ceres', 'Diaz', 'Cash Assistant II', 'TREA', 'S.'),
(1285, 'Jane', 'Mendoza', 'Cash Assistant II', 'TREA', 'O.'),
(1286, 'Regina', 'Limbo', 'Cash Assistant II', 'TREA', 'P.'),
(1287, 'Emmanuel ', 'Paguio', 'Cash Assistant II', 'TREA', 'S.'),
(1288, 'Lucita', 'Villaruel', 'Cash Assistant II', 'TREA', 'E.'),
(1289, 'Ramil', 'Hernandez', 'Cash Assistant II', 'TREA', 'R.'),
(1290, 'Rodelyn', 'Garcia', 'Cash Assistant II', 'TREA', 'L.'),
(1291, 'Hernando', 'Catindig Jr.', 'Cash Assistant II', 'TREA', 'B.'),
(1292, 'Maria Lourdes', 'Colinares', 'Cash Assistant III', 'TREA', 'C.'),
(1293, 'Jenny', 'Ocampo', 'Cash Assistant III', 'TREA', 'O.'),
(1294, 'Ricardo ', 'Astrogolo', 'Cash Assistant II', 'TREA', 'R.'),
(1295, 'Emelita', 'Galolo', 'Cash Assistant II', 'TREA', 'L.'),
(1296, 'Joan', 'Pornasdoro', 'Cash Assistant II', 'TREA', 'B.'),
(1297, 'Rommel', 'Caparos', 'Cash Assistant II', 'TREA', 'B.'),
(1298, 'Marlon', 'Raquion', 'Cash Assistant II', 'TREA', 'S.'),
(1299, 'Maritess', 'Ronquillo', 'Cash Assistant II', 'TREA', 'J.'),
(1300, 'Lilia', 'Fabro', 'Cash Assistant II', 'TREA', 'V.'),
(1301, 'Fortunato', 'Idea', 'Cash Assistant III', 'TREA', 'R.'),
(1302, 'Joseph ', 'Cuerdo', 'Cash Assistant II', 'TREA', 'D.'),
(1303, 'Mary Joy', 'Lana', 'Cash Assistant II', 'TREA', 'E.'),
(1304, 'Estela', 'Galbizo', 'Cash Assistant II', 'TREA', 'G.'),
(1305, 'Alena', 'Cortado', 'Cash Assistant II', 'TREA', 'S.'),
(1306, 'Felix', 'Tamayo', 'Cash Assistant II', 'TREA', 'R.'),
(1307, 'Marilyn', 'Lacsinto', 'Cash Assistant II', 'TREA', 'D.'),
(1308, 'Mikaela', 'Abaloyan', 'Cash Assistant II', 'TREA', 'M.'),
(1309, 'Alicia', 'Dela Cruz', 'Cash Assistant III', 'TREA', 'V.'),
(1310, 'Edgardo', 'Satoquia', 'Cash Assistant II', 'TREA', 'T.'),
(1311, 'Danilo', 'Tumaneng', 'Cash Assistant II', 'TREA', 'C.'),
(1312, 'Cheryln Ann', 'Caringal', 'Cash Assistant II', 'TREA', 'C.'),
(1313, 'Ma. Luisa', 'Pastorin', 'Cash Assistant II', 'TREA', 'A.'),
(1314, 'Maria Aurora', 'Barrete', 'Cash Assistant II', 'TREA', 'L.'),
(1315, 'Noel', 'Abaloyan', 'Cash Assistant II', 'TREA', 'M.'),
(1316, 'Jason', 'Dela Cruz', 'Cash Assistant II', 'TREA', 'G.'),
(1317, 'Arnel', 'Astete', 'Cash Assistant III', 'TREA', 'B.'),
(1318, 'Sharon', 'Bonza', 'Cash Assistant II', 'TREA', 'E.'),
(1319, 'Brian', 'Luciano', 'Cash Assistant II', 'TREA', 'F.'),
(1320, 'Rey', 'Remorosa', 'Cash Assistant II', 'TREA', 'B.'),
(1321, 'Jane', 'Osio', 'Cash Assistant II', 'TREA', 'C.'),
(1322, 'Armida', 'Arambulo', 'Cash Assistant II', 'TREA', 'L.'),
(1323, 'Ryan', 'Abenion', 'Cash Assistant II', 'TREA', 'B.'),
(1324, 'Danilo', 'Dizon', 'Cash Assistant III', 'TREA', 'J.'),
(1325, 'Rustico', 'Carreon', 'Cash Assistant III', 'TREA', 'R.'),
(1326, 'Christian', 'Villegas', 'STDO', 'TRA', 'N.'),
(1327, 'German', 'Rapal', '', '', ''),
(1328, 'Henry', 'Bautista', '', '', ''),
(1329, 'Sammy', 'Dandanon', '', '', ''),
(1330, 'Edgardo', 'Garcia', '', '', ''),
(1331, 'Ramil', 'Paycana', '', '', ''),
(1332, 'Roberto', 'Grimaldo', '', '', ''),
(1333, 'Jonathan', 'Villarico', '', '', ''),
(1334, 'Eric', 'Cecilio', '', 'SSU', 'R.'),
(1335, 'Jonathan', 'Mamado', '', 'SSU', 'M.'),
(1336, 'Dennis', 'Paredes', '', 'SSU', 'O.'),
(1337, 'Gil', 'Bunite', '', 'SSU', 'C.'),
(1338, 'Arturo', 'Alday', '', 'SSU', 'M.'),
(1339, 'Ferdinand', 'Ocampo', '', 'SSU', 'A.'),
(1340, 'Ernesto', 'Odulio', '', 'SSU', 'M.'),
(1341, 'Joseph Vincent', 'Esta', '', 'SSU', 'A.'),
(1342, 'Dominador', 'Bringino', '', 'SSU', 'B.'),
(1343, 'Andrew', 'Badilla', '', 'SSU', 'C.'),
(1344, 'Carlos', 'Tinsay', '', 'SSU', 'A.'),
(1345, 'Anthony', 'Alde', '', 'SSU', 'T.'),
(1346, 'Paul Dennis', 'Sawit', '', 'SSU', 'G.'),
(1347, 'Adam', 'Vicencio', '', 'SSU', 'S.'),
(1348, 'Bernardo Antonio', 'Alejandro III', '', 'SSU', 'R.'),
(1349, 'Carmelito Jose', 'De Las Alas', 'STDO', 'STN', ''),
(1350, 'Randy ', 'Cascayan', 'TS III', 'STN', ''),
(1351, 'Joel', 'Puhawan', 'TS III', 'STN', ''),
(1352, 'Lorenzo', 'M.', 'Duty Manager', 'TRA', 'Gandia'),
(1353, 'Angelo Ceasar', 'Alcantara', 'Train Driver', 'TRA', 'A.'),
(1354, 'Reynaldo', 'Ao', 'Train Driver', 'TRA', 'B.'),
(1355, 'Cary', 'L.', 'Duty Manager', 'TRA', 'Javan'),
(1356, 'Daniel', 'Arollado', 'Train Driver', 'TRA', 'S.'),
(1357, 'Renato', 'Castor', 'Train Driver', 'TRA', 'F.'),
(1358, 'Patrick', 'Conaco', 'Train Driver', 'TRA', ''),
(1359, 'Joelimbert', 'Dabao', 'Train Driver', 'TRA', 'M.'),
(1360, 'Jose', 'Diokno', 'STDO', 'TRA', 'V.'),
(1361, 'Renato', 'Dionisio Jr.', 'Train Driver', 'TRA', 'P.'),
(1362, 'Darwin', 'Discaya', 'Train Driver', 'TRA', 'E.'),
(1363, 'Mark', 'Lopez', 'Train Driver', 'TRA', 'B.'),
(1364, 'Leo Arge', 'Luares', 'Train Driver', 'TRA', 'B.'),
(1365, 'Richard', 'Magno', 'Train Driver', 'TRA', 'O.'),
(1366, 'Julius', 'Manlapaz', 'Train Driver', 'TRA', 'T.'),
(1367, 'Marc Joseph', 'Murriel', 'Train Driver', 'TRA', 'S.'),
(1368, 'Humphrey', 'Ofilan', 'Train Driver', 'TRA', 'M.'),
(1369, 'Adel', 'Osio', 'Train Driver', 'TRA', 'C.'),
(1370, 'Andrew', 'Pengol', 'Train Driver', 'TRA', 'A.'),
(1371, 'Elvin', 'Ramirez', 'Train Driver', 'TRA', 'E.'),
(1372, 'Akim', 'Rapiz', 'Train Driver', 'TRA', 'A.'),
(1373, 'Adelaido', 'Saman Jr.', 'Train Driver', 'TRA', 'C.'),
(1374, 'Wondrous', 'Tan', 'Train Driver', 'TRA', 'J.'),
(1375, 'Jonathan', 'Tuazon', 'Train Driver', 'TRA', 'S.'),
(1376, 'Jay', 'Zulueta', 'Train Driver', 'TRA', 'M.'),
(1377, 'Vermel', 'S.', 'STDO', 'TRA', 'Arendela'),
(1378, 'Vermel', 'S.', 'STDO', 'TRA', 'Arendela'),
(1379, 'Vermel', 'S.', 'STDO', 'TRA', 'Arendela'),
(1380, 'Vermel', 'S.', 'STDO', 'TRA', 'Arendela'),
(1381, 'Vermel', 'S.', 'STDO', 'TRA', 'Arendela'),
(1382, 'Vermel', 'S.', 'STDO', 'TRA', 'Arendela'),
(1383, 'Vermel', 'S.', 'STDO', 'TRA', 'Arendela'),
(1384, 'Lorenzo', 'Gandia', 'Duty Manager', 'TRA', 'M.'),
(1385, 'Cary', 'Javan', 'Duty Manager', 'TRA', 'L.'),
(1386, 'Lyndon', 'Posadas', 'Duty Manager', 'TRA', 'De Guzman'),
(1387, 'Vermel', 'Arendela', 'STDO', 'TRA', 'S.'),
(1388, 'Romeo', 'Aycardo Jr.', 'STDO', 'TRA', 'R.'),
(1389, 'Jobel', 'Bonza', 'STDO', 'TRA', 'Del Rosario'),
(1390, 'Roque', 'Laddran Jr.', 'STDO', 'TRA', 'G.'),
(1391, 'Domingo', 'Milla Jr.', 'STDO', 'TRA', 'B.'),
(1392, 'Abel', 'Trinidad', 'STDO', 'TRA', 'C.'),
(1393, 'Roderic', 'Abad', 'Train Driver', 'TRA', 'C.'),
(1394, 'Orlando', 'Agcaoili Jr.', 'Train Driver', 'TRA', 'V.'),
(1395, 'Oliver', 'Casili', '', '', 'S.'),
(1396, 'Nestor', 'Delos Santos Jr.', '', '', 'D.'),
(1397, 'Ricardo', 'Arceo III', '', '', 'M.'),
(1398, 'Orlando ', 'Cacdac Jr.', '', '', 'N.'),
(1399, 'Ricky', 'Doroteo', '', '', 'L.'),
(1400, 'Christian', 'Villegas', '', '', 'N.'),
(1401, 'Jay', 'Tongco', '', '', 'S.'),
(1402, 'Serafin', 'Fernandez Jr.', '', '', 'M.'),
(1403, 'Alex', 'Basobas', '', '', 'C.'),
(1404, 'Gil', 'Palileo', '', '', 'G.'),
(1405, 'Gian Carlo', 'Esteban', '', '', 'M.'),
(1406, 'Albert', 'Guhit', '', '', 'B.'),
(1407, 'Aristeo', 'Madla', '', '', 'J.'),
(1408, 'Eumir', 'Gubatan', '', '', 'C.'),
(1409, 'Monchito', 'De Ocares', '', '', 'M.'),
(1410, 'Reynaldo', 'Glean', '', '', 'L.'),
(1411, 'Palaris', 'Vicencio', '', '', 'J.'),
(1412, 'Mario', 'Pamintuan Jr.', '', '', 'A.'),
(1413, 'Richard', 'Aloquina', '', '', 'A.'),
(1414, 'Marlon', 'Bantigue', '', '', 'A.'),
(1415, 'Erickson', 'Dela Cruz', '', '', 'D.'),
(1416, 'Noel', 'Dungo', '', '', 'R.'),
(1417, 'Aaron', 'Pantaleon', '', '', 'S.'),
(1418, 'Artemio', 'Torres Jr.', '', '', 'P.'),
(1419, 'Roberto', 'Lacanilao', '', '', 'M.'),
(1420, 'Norly', 'Magana Jr.', '', '', 'A.'),
(1421, 'Ariel', 'Nalica', '', '', 'C.'),
(1422, 'Keith Bryan', 'Oraa', '', '', 'A.'),
(1423, 'Rolando', 'Zamora', '', '', 'O.'),
(1424, 'Carlos', 'Aquino', '', '', 'C.'),
(1425, 'Dan ', 'Carranceja', '', '', 'T.'),
(1426, 'Mariano', 'Cruz', '', '', 'C.'),
(1427, 'Mark Anthony', 'Galvez', '', '', 'P.'),
(1428, 'Norberto', 'Geronimo', '', '', 'S.'),
(1429, 'Edwin', 'Hilario', '', '', 'S.'),
(1430, 'Jorge', 'Brigola', '', '', 'L.'),
(1431, 'Jorge', 'Brigola', '', '', 'L.'),
(1432, 'Edwin', 'Cayanan', '', '', 'P.'),
(1433, 'Lauro', 'Cuada', '', '', 'V.'),
(1434, 'Romeo ', 'Dagle', '', '', 'D.'),
(1435, 'Christopher', 'De Vicente', '', '', 'C.'),
(1436, 'Joey', 'Delea', '', '', 'A.'),
(1437, 'Don', 'Desiderio', '', '', 'M.'),
(1438, 'James Fiel', 'Duque', '', '', 'C.'),
(1439, 'Ernesto', 'Eugenio Jr.', '', '', 'G.'),
(1440, 'Jurgenne', 'Forton', '', '', 'S.'),
(1441, 'Val', 'Jayno', '', '', 'R.'),
(1442, 'Mannielene', 'Jose', '', '', 'D.'),
(1443, 'Anwil', 'Labindao', '', '', 'G.'),
(1444, 'Rodolfo', 'Llapitan Jr.', '', '', 'P.'),
(1445, 'Raymond', 'Mendoza', '', '', 'M.'),
(1446, 'John Denver', 'Rapada', '', '', 'B.'),
(1447, 'Nathaniel Franz', 'Reyes', '', '', 'C.'),
(1448, 'Marl Edcel', 'Sabordo', '', '', 'N.'),
(1449, 'Raul', 'Seguerra', '', '', 'V.'),
(1450, 'Casiano', 'Sergio III', '', '', 'O.'),
(1451, 'Erdie', 'Rodriguez', '', '', 'M.'),
(1452, 'Jose', 'Reluya Jr.', '', '', 'N.'),
(1453, 'Rowell', 'Afable', '', '', 'C.'),
(1454, 'G. Elmer', 'Arbis', '', '', 'T.'),
(1455, 'Darwin', 'Cabradilla', '', '', 'E.'),
(1456, 'Rodolfo', 'Libunao Jr', '', '', 'F.'),
(1457, 'Rodolfo ', 'Caliboso Jr.', '', '', 'R.'),
(1458, 'Paulo', 'Dela Cruz', '', '', 'S.'),
(1459, 'Andrew', 'Llamas', '', '', 'F.'),
(1460, 'Rodel', 'Oruga', '', '', 'M.'),
(1461, 'Edgar', 'Tongson', '', '', 'M.'),
(1462, 'Ricardo', 'Apacible Jr.', '', '', 'O.'),
(1463, 'Sonny', 'Almia', '', '', 'M.'),
(1464, 'Wenceslao', 'Clarin Jr.', '', '', 'T.'),
(1465, 'James Paul', 'Co', '', '', 'N.'),
(1466, 'Aljay', 'Dailisan', '', '', 'L.'),
(1467, 'Richard', 'De Villa', '', '', 'J.'),
(1468, 'Ramon', 'Dela Cruz', '', '', 'S.'),
(1469, 'Christopher', 'Dita', '', '', 'V.'),
(1470, 'Arnulfo', 'Domingo Jr.', '', '', 'S.'),
(1471, 'Maria Virginia', 'Manuel', '', '', 'R.'),
(1472, 'Rodrigo', 'Medina', '', '', 'R.'),
(1473, 'Joseph Ryan', 'Mendoza', '', '', 'B.'),
(1474, 'Zachary', 'Nabong', '', '', 'S.'),
(1475, 'Balbaro', 'Banda', '', '', 'M.'),
(1476, 'Rolando', 'Panahon IV', '', '', 'B.'),
(1477, 'Armando', 'Payad', '', '', 'V.'),
(1478, 'Ramil', 'Salvador', '', '', 'E.'),
(1479, 'Joemarie', 'Sandio', '', '', 'P.'),
(1480, 'Benjie', 'Sarmiento', '', '', 'Q.'),
(1481, 'Raymund', 'Tarranco', '', '', 'D.'),
(1482, 'Heigen', 'Villacarlos', '', '', 'G.'),
(1483, 'Marlon ', 'Bunite', '', '', 'C.'),
(1484, 'Richard', 'Lo', '', '', 'S.'),
(1485, 'Arnold', 'Escalera', '', '', 'V.'),
(1486, 'Edgardo', 'Marquez', '', '', 'M.'),
(1487, 'Reynaldo', 'Dumdum', '', '', 'N.'),
(1488, 'Mark Anthony', 'Rey', '', '', 'Z.'),
(1489, 'Zachary', 'Nabong', 'Train Driver', 'TRA', 'S.'),
(1490, 'Ericson', 'Dela Cruz', '', '', 'D.'),
(1491, 'James fiel', 'Duque', '', '', 'C.'),
(1492, 'Heigen', 'Villacarlos', '', '', 'G.'),
(1493, 'Bernardo Antonio', 'Alejandro III', '', '', 'R.'),
(1494, 'Joseph Vincent', 'Esta', '', '', 'A.'),
(1495, 'Dennis', 'Paredes', '', '', 'O.'),
(1496, 'Arturo', 'Alday', '', '', 'M.'),
(1497, 'Ernesto', 'Odulio', '', '', 'M.'),
(1498, 'Paul Dennis', 'Sawit', '', '', 'G.'),
(1499, 'Eric', 'Cecilio', '', '', 'R.'),
(1500, 'Carlos', 'Tinsay', '', '', 'A.'),
(1501, 'Adam', 'Vicencio', '', '', 'S.'),
(1502, 'Ferdinand', 'Ocampo', '', '', 'A.'),
(1503, 'Dominador', 'Bringino', '', '', 'B.'),
(1504, 'Gil', 'Bunite', '', '', 'C.'),
(1505, 'Anthony', 'Alde', '', '', 'T.'),
(1506, 'Daniel', 'Barrera', '', '', 'R.'),
(1507, 'Alberto', 'Dela Cruz', '', '', 'B.'),
(1508, 'Arturo', 'Din Jr.', '', '', 'L.'),
(1509, 'Jose Rodante', 'Sabayle', '', '', 'P.'),
(1510, 'Jowelito', 'Barco', '', '', 'M.'),
(1511, 'Percival', 'Pacites', '', '', 'M.'),
(1512, 'Iigo', 'Ababa', '', '', 'B.'),
(1513, 'Jose', 'Diokno', '', '', 'V.'),
(1514, 'Marlon', 'Bunite', '', '', 'C.'),
(1515, 'Rey', 'Remorosa', '', '', 'B.'),
(1516, 'Ryan', 'Abenion', '', '', 'B.'),
(1517, 'Jean', 'Apacible', '', '', 'G.'),
(1518, 'Rowena', 'Devela', '', '', 'G.'),
(1519, 'Torres', 'Sheina', '', '', 'S.'),
(1520, 'Noel', 'Abaloyan', '', '', ''),
(1521, 'Sarah', 'Algara', '', '', ''),
(1522, 'Emelita', 'Galolo', '', '', ''),
(1523, 'Regina', 'Gaspar', '', '', ''),
(1524, 'Rolando', 'Gravador', '', '', ''),
(1525, 'Maila', 'Logronio', '', '', ''),
(1526, 'Elizabeth', 'Metiam', '', '', ''),
(1527, 'Marissa', 'Pascua', '', '', ''),
(1528, 'Welmer', 'Pornasdoro', '', '', ''),
(1529, 'Elvira', 'Villar', '', '', ''),
(1530, 'Richard', 'Astrologo', '', '', ''),
(1531, 'Lolita', 'Barrameda', '', '', ''),
(1532, 'Aline', 'Caliboso', '', '', ''),
(1533, 'Joan', 'Pornasdoro', '', '', ''),
(1534, 'Viena-Rissa', 'Sotelo', '', '', ''),
(1535, 'Ryan', 'Abenion', '', '', ''),
(1536, 'Armida', 'Arambulo', '', '', ''),
(1537, 'Ma. Aurora', 'Barrete', '', '', ''),
(1538, 'Rommel', 'Caparos', '', '', ''),
(1539, 'Emmanuel', 'Paguio', '', '', ''),
(1540, 'Rey', 'Remorosa', '', '', ''),
(1541, 'Maritess', 'Ronquillo', '', '', ''),
(1542, 'Edgardo', 'Satoquia', '', '', ''),
(1543, 'Sheryl Ann', 'Aguilor', '', '', ''),
(1544, 'Mae', 'Agustin', '', '', ''),
(1545, 'Bernadette', 'Alfonso', '', '', ''),
(1546, 'Lorna', 'Antonio', '', '', ''),
(1547, 'Maria Rosario', 'Bernardo', '', '', ''),
(1548, 'Jhoan', 'Cabal', '', '', ''),
(1549, 'Ryan', 'Carandang', '', '', ''),
(1550, 'Jean', 'Casana', '', '', ''),
(1551, 'Ma. Antoinette', 'De Jesus', '', '', ''),
(1552, 'Arvin', 'Doctore', '', '', ''),
(1553, 'Noel', 'Elemos', '', '', ''),
(1554, 'Bryan', 'Factuar', '', '', ''),
(1555, 'Nelson', 'Fernando', '', '', ''),
(1556, 'Barbara', 'Gotengco', '', '', ''),
(1557, 'Gerlie', 'Gumia', '', '', ''),
(1558, 'Gina', 'Hagonoy', '', '', ''),
(1559, 'Catherine', 'Hernandez', '', '', ''),
(1560, 'Ramil', 'Hernandez', '', '', ''),
(1561, 'Virginia', 'Lapu Lapu', '', '', ''),
(1562, 'Anthony', 'Laud', '', '', ''),
(1563, 'Jesil', 'Lobos', '', '', ''),
(1564, 'Rowelito', 'Lumbres', '', '', ''),
(1565, 'Rachel', 'Macas', '', '', ''),
(1566, 'Michelle', 'Manalo', '', '', ''),
(1567, 'Josephine', 'Mesina', '', '', ''),
(1568, 'Elizabeth', 'Metiam', '', '', ''),
(1569, 'Marie', 'Milan', '', '', ''),
(1570, 'Vivian', 'Paguio', '', '', ''),
(1571, 'Cyril', 'Pastor', '', '', ''),
(1572, 'Katherine', 'Perez', '', '', ''),
(1573, 'Christopher', 'Pineda', '', '', ''),
(1574, 'Ryan', 'Quindoza', '', '', ''),
(1575, 'Maricel', 'Rivera', '', '', ''),
(1576, 'Mario', 'Rivera', '', '', ''),
(1577, 'Christopher', 'Rodillas', '', '', ''),
(1578, 'Maria Renita', 'Rosales', '', '', ''),
(1579, 'Ma. Gracia', 'Sison', '', '', ''),
(1580, 'Ma. Carmela', 'Toca', '', '', ''),
(1581, 'Marcial', 'Torallo', '', '', ''),
(1582, 'Chrismar', 'Unabia', '', '', ''),
(1583, 'Maribel', 'Unabia', '', '', ''),
(1584, 'Lea', 'Abiera', '', '', ''),
(1585, 'James', 'Acosta', '', '', ''),
(1586, 'Rhona', 'Alejandro', '', '', ''),
(1587, 'Christine', 'Amper', '', '', ''),
(1588, 'Evelyn', 'Aseo', '', '', ''),
(1589, 'Ofelia', 'Benedicto', '', '', ''),
(1590, 'Danilo', 'Benitez', '', '', ''),
(1591, 'Sherwin', 'Boltron', '', '', ''),
(1592, 'Nellie', 'Cabog', '', '', ''),
(1593, 'Randy', 'Cascayan', '', '', ''),
(1594, 'Donna', 'Celiz', '', '', ''),
(1595, 'Santiago', 'Dela Cruz', '', '', ''),
(1596, 'Leonid', 'Deza', '', '', ''),
(1597, 'Roy', 'Dimapawi', '', '', ''),
(1598, 'Reynita', 'Dorego', '', '', ''),
(1599, 'Reynita', 'Dorego', '', '', ''),
(1600, 'Cristita', 'Doria', '', '', ''),
(1601, 'Jupiter', 'Fuentes', '', '', ''),
(1602, 'Rhomelex', 'Gonzales', '', '', ''),
(1603, 'Ferdinand', 'Guevara', '', '', ''),
(1604, 'Ma. Linda Jennifer', 'Juan', '', '', ''),
(1605, 'Mary Joy', 'Lara', '', '', ''),
(1606, 'Francisco', 'Legaspi Jr.', '', '', ''),
(1607, 'Roy', 'Mabborang', '', '', ''),
(1608, 'Albert', 'Maglines', '', '', ''),
(1609, 'Raymundo', 'Molino', '', '', ''),
(1610, 'Robert', 'Murphy Jr.', '', '', ''),
(1611, 'Ofelia', 'Mutya', '', '', ''),
(1612, 'Rodolfo', 'Orante', '', '', ''),
(1613, 'Jane', 'Osio', '', '', ''),
(1614, 'Jaime', 'Portillano', '', '', ''),
(1615, 'Joel', 'Puhawan', '', '', ''),
(1616, 'Jane Maurice', 'Ramos', '', '', ''),
(1617, 'Nestor', 'Real', '', '', ''),
(1618, 'Nestor', 'Real', '', '', ''),
(1619, 'Michael', 'Robles', '', '', ''),
(1620, 'Jhonel', 'Rosales', '', '', ''),
(1621, 'Leah', 'Rosales', '', '', ''),
(1622, 'Mary Jane', 'Rubia', '', '', ''),
(1623, 'Alfonsa', 'Saligue', '', '', ''),
(1624, 'Karla Regina', 'Samson', '', '', ''),
(1625, 'Aristotle', 'Sumaria', '', '', ''),
(1626, 'Elvira', 'Villar', '', '', ''),
(1627, 'Virginia', 'Alagon', '', '', ''),
(1628, 'Maita', 'Alejandro', '', '', ''),
(1629, 'John Jay', 'Aoyang', '', '', ''),
(1630, 'Merly', 'Astronomo', '', '', ''),
(1631, 'Rewel', 'Balatbat', '', '', ''),
(1632, 'Mary Jane', 'Baricanosa', '', '', ''),
(1633, 'Robin', 'Barte', '', '', ''),
(1634, 'Leah', 'Bayona', '', '', ''),
(1635, 'Rosemarie', 'Bernal', '', '', ''),
(1636, 'Rowena', 'Bernardino', '', '', ''),
(1637, 'Clyde', 'Bernardino', '', '', ''),
(1638, 'Cheryl', 'Damian', '', '', ''),
(1639, 'Ricardo', 'Data Jr.', '', '', ''),
(1640, 'Christopher', 'De Lara', '', '', ''),
(1641, 'Janine', 'Dela Cruz', '', '', ''),
(1642, 'Jason', 'Dela Cruz', '', '', ''),
(1643, 'Maydeline', 'Enrique', '', '', ''),
(1644, 'Percival', 'Fano Jr.', '', '', ''),
(1645, 'Nyda', 'Floren', '', '', ''),
(1646, 'Renato', 'Garcia', '', '', ''),
(1647, 'Gloria', 'Garvez', '', '', ''),
(1648, 'Richard', 'Gatchalian', '', '', ''),
(1649, 'Albert', 'Hatosa', '', '', ''),
(1650, 'Quenie Lois', 'Hicarte', '', '', ''),
(1651, 'Resie', 'Lagoc', '', '', ''),
(1652, 'Rodolfo', 'Lim Jr.', '', '', ''),
(1653, 'Carlos', 'Linao', '', '', ''),
(1654, 'Cynthia', 'Lucidos', '', '', ''),
(1655, 'Ma. Nimfa', 'Mabanua', '', '', ''),
(1656, 'Jeanette', 'Maglines', '', '', ''),
(1657, 'Mary Ann', 'Magtaan', '', '', ''),
(1658, 'Geraldine', 'Mangalili', '', '', ''),
(1659, 'Mary Rose', 'Martin', '', '', ''),
(1660, 'Alvin', 'Matic', '', '', ''),
(1661, 'Juliet', 'Miguel', '', '', ''),
(1662, 'John Frederick', 'Navarro', '', '', ''),
(1663, 'Ines', 'Patricio', '', '', ''),
(1664, 'Perpetua', 'Pielago', '', '', ''),
(1665, 'Ferdinand', 'Raymundo', '', '', ''),
(1666, 'Carlos', 'Reyes', '', '', ''),
(1667, 'Candelaria', 'Romulo', '', '', ''),
(1668, 'John Philip', 'Santos', '', '', ''),
(1669, 'Judith', 'Santos', '', '', ''),
(1670, 'Rudolf', 'Sison', '', '', ''),
(1671, 'Jocelyn', 'Velasco', '', '', ''),
(1672, 'Donald', 'Zoleta', '', '', ''),
(1673, 'Maritess', 'Ambrocio', '', '', ''),
(1674, 'Meriam', 'Andres', '', '', ''),
(1675, 'Meriam', 'Avila', '', '', ''),
(1676, 'Marivi', 'Bangalan', '', '', ''),
(1677, 'Allan', 'Bas', '', '', ''),
(1678, 'Eloisa', 'Bunite', '', '', ''),
(1679, 'Jennifer Aubrey', 'Capio', '', '', ''),
(1680, 'Johan', 'Caronongan', '', '', ''),
(1681, 'Rowena', 'Casidsid', '', '', ''),
(1682, 'Roberto', 'Cruz', '', '', ''),
(1683, 'Harold', 'Cunada', '', '', ''),
(1684, 'Raquel', 'Dacillo', '', '', ''),
(1685, 'Maribel', 'Dela Cruz', '', '', ''),
(1686, 'Alicia', 'Dimaano', '', '', ''),
(1687, 'Arlene', 'Dimarucut', '', '', ''),
(1688, 'Natividad', 'Dimaya', '', '', ''),
(1689, 'Mark', 'Garon', '', '', ''),
(1690, 'Merle', 'Geronimo', '', '', ''),
(1691, 'Arnel', 'Gravador', '', '', ''),
(1692, 'Daisy', 'Holampong', '', '', ''),
(1693, 'Nerrisa', 'Ilarde', '', '', ''),
(1694, 'Chavez', 'Jogen', '', '', ''),
(1695, 'Consolacion', 'Lapeciros', '', '', ''),
(1696, 'Janet', 'Lebig', '', '', ''),
(1697, 'Jonalyn', 'Linatoc', '', '', ''),
(1698, 'Elibeth', 'Lopena', '', '', ''),
(1699, 'Henrich', 'Lopena', '', '', ''),
(1700, 'Michael', 'Marasigan', '', '', ''),
(1701, 'Winnefer', 'Mencias', '', '', ''),
(1702, 'Alexa', 'Obico', '', '', ''),
(1703, 'Sherlyn', 'Paguia', '', '', ''),
(1704, 'Jocelyn', 'Pedaria', '', '', ''),
(1705, 'Mabelle', 'Pelobello', '', '', ''),
(1706, 'Jessica', 'Pen', '', '', ''),
(1707, 'Sherry Marie', 'Rangel', '', '', ''),
(1708, 'Leiunessa', 'Redulla', '', '', ''),
(1709, 'Regino', 'Reguirag', '', '', ''),
(1710, 'Cristita', 'Reyes', '', '', ''),
(1711, 'Rafael', 'Robles', '', '', ''),
(1712, 'Criselda', 'Saludar', '', '', ''),
(1713, 'Jocelyn', 'Sancha', '', '', ''),
(1714, 'Alfredo', 'Santiago', '', '', ''),
(1715, 'Jesus Ariel', 'Sta. Ana', '', '', ''),
(1716, 'Elvin', 'Alampay', '', '', ''),
(1717, 'Alec Martin', 'Alsisto', '', '', ''),
(1718, 'Jackielyn', 'Aparece', '', '', ''),
(1719, 'Joden', 'Asturias', '', '', ''),
(1720, 'Eralyn', 'Atibagos', '', '', ''),
(1721, 'Cirilo', 'Baterna Jr.', '', '', ''),
(1722, 'Rustico', 'Carreon R.', '', '', ''),
(1723, 'Marion', 'Castro', '', '', ''),
(1724, 'Leo', 'Concon', '', '', ''),
(1725, 'Portia Joy', 'Cunanan', '', '', ''),
(1726, 'Carmelito Jose', 'Delas Alas', '', '', ''),
(1727, 'Clarissa', 'Delos Reyes', '', '', ''),
(1728, 'Zandra', 'Delos Reyes', '', '', ''),
(1729, 'Grace', 'Diomampo', '', '', ''),
(1730, 'Jennylyn', 'Diwa', '', '', ''),
(1731, 'Marvin', 'Erosa', '', '', ''),
(1732, 'Jhonalyn', 'Evangelista', '', '', ''),
(1733, 'Elizabeth', 'Fajardo', '', '', ''),
(1734, 'Joy', 'Gallegos', '', '', ''),
(1735, 'Rico', 'Hermogenes', '', '', ''),
(1736, 'Pauline', 'Hernandez', '', '', ''),
(1737, 'Wilfredo', 'Lacatan', '', '', ''),
(1738, 'Irene', 'Luna', '', '', ''),
(1739, 'Edgardo', 'Magboo', '', '', ''),
(1740, 'Gilnore', 'Manabo', '', '', ''),
(1741, 'Rowena', 'Medina', '', '', ''),
(1742, 'Juliet', 'Mercene', '', '', ''),
(1743, 'Jonalyn', 'Pagrad', '', '', ''),
(1744, 'Rachel', 'Pagsanjan', '', '', ''),
(1745, 'Janrie', 'Palacio', '', '', ''),
(1746, 'Margaret', 'Palacio', '', '', ''),
(1747, 'Norberta', 'Panganiban', '', '', ''),
(1748, 'Rowena', 'Pedrera', '', '', ''),
(1749, 'Rhia', 'Revano', '', '', ''),
(1750, 'Jasmin', 'Rosario', '', '', ''),
(1751, 'Daisy', 'Sabanate', '', '', ''),
(1752, 'Rosanna', 'Saman', '', '', ''),
(1753, 'Rica', 'San Buenaventura', '', '', ''),
(1754, 'Aurea', 'Santidad', '', '', ''),
(1755, 'Dante', 'senora', '', '', ''),
(1756, 'Marelyn', 'Serrano', '', '', ''),
(1757, 'Shiela Rose', 'Sison', '', '', ''),
(1758, 'Danilo', 'Tumaneng', '', '', ''),
(1759, 'Fe ', 'Vicencio', '', '', ''),
(1760, 'Mark Gregor', 'Yabut', '', '', ''),
(1761, 'Michaela', 'Abaloyan', '', '', ''),
(1762, 'Cheraquel', 'Abanto', '', '', ''),
(1763, 'Lailanie', 'Aganon', '', '', ''),
(1764, 'Lucilyn', 'Aguado', '', '', ''),
(1765, 'Renato', 'Alejandro', '', '', ''),
(1766, 'Jean', 'Apacible', '', '', ''),
(1767, 'Nestor', 'Baer', '', '', ''),
(1768, 'Delfina', 'Bautista', '', '', ''),
(1769, 'Erickson', 'Bautista', '', '', ''),
(1770, 'Michael', 'Bautista', '', '', ''),
(1771, 'Irvin', 'Bernal', '', '', ''),
(1772, 'Issac', 'Cabaltica', '', '', ''),
(1773, 'Mary Ann', 'Calompong', '', '', ''),
(1774, 'Rolando', 'Cariaga', '', '', ''),
(1775, 'Jun', 'Castro', '', '', ''),
(1776, 'Rona', 'Consejero', '', '', ''),
(1777, 'Alena', 'Cortado', '', '', ''),
(1778, 'Raquel', 'Cruz', '', '', ''),
(1779, 'Mary June', 'Davin', '', '', ''),
(1780, 'Milette', 'Detera', '', '', ''),
(1781, 'Rodelynn', 'Garcia', '', '', ''),
(1782, 'Jennifer', 'Gratuito', '', '', ''),
(1783, 'Lilia', 'Hill', '', '', ''),
(1784, 'Elena', 'Ignao', '', '', ''),
(1785, 'Ella', 'Jatulan', '', '', ''),
(1786, 'Josephine', 'Julio', '', '', ''),
(1787, 'King', 'Laconico', '', '', ''),
(1788, 'Helen', 'Lanzar', '', '', ''),
(1789, 'Dorielyn', 'Lazaraga', '', '', ''),
(1790, 'Guinever', 'Manaog', '', '', ''),
(1791, 'Lea', 'Medina', '', '', ''),
(1792, 'Christopher', 'Molina', '', '', ''),
(1793, 'Raymond', 'Nival', '', '', ''),
(1794, 'Jhoan', 'Obog', '', '', ''),
(1795, 'Michael', 'Pagsanjan', '', '', ''),
(1796, 'Lawrence', 'Panes', '', '', ''),
(1797, 'Joy Ann', 'Panganiban', '', '', ''),
(1798, 'Franklin', 'Rambayon Jr.', '', '', ''),
(1799, 'Rodolfo', 'Ramirez', '', '', ''),
(1800, 'Emmanuel', 'Salinas', '', '', ''),
(1801, 'Alexis', 'Talan', '', '', ''),
(1802, 'Felix Angelo', 'Tamayo', '', '', ''),
(1803, 'Mark', 'Tenorio', '', '', ''),
(1804, 'Aron Lester', 'Umandap', '', '', ''),
(1805, 'Maria Gracia', 'Zuniga', '', '', ''),
(1806, 'Christine', 'Agnas', '', '', ''),
(1807, 'Galilee', 'Antonio', '', '', ''),
(1808, 'Rona Kristine', 'Araiz', '', '', ''),
(1809, 'Baby Lyn', 'Ardales', '', '', ''),
(1810, 'Arnel', 'Astete', '', '', ''),
(1811, 'Rolita', 'Balasa', '', '', ''),
(1812, 'Raymond', 'Baltonado', '', '', ''),
(1813, 'Marelyn', 'Cerano', '', '', ''),
(1814, 'Arvin', 'Concepcion', '', '', ''),
(1815, 'Ana Kristine', 'Constantino', '', '', ''),
(1816, 'Bylin', 'De Ramos', '', '', ''),
(1817, 'Efren', 'Dela Cruz', '', '', ''),
(1818, 'Danilo', 'Dizon', '', '', ''),
(1819, 'Rommel', 'Gadaza', '', '', ''),
(1820, 'Estella', 'Galbizo', '', '', ''),
(1821, 'Rogelyn', 'Guradillo', '', '', ''),
(1822, 'Maria Tita', 'Madrigal', '', '', ''),
(1823, 'Lylanie', 'Majano', '', '', ''),
(1824, 'Rosalina', 'Manuel', '', '', ''),
(1825, 'Marjorie', 'Mijares', '', '', ''),
(1826, 'Charito', 'Nino', '', '', ''),
(1827, 'Emafel', 'Nollora', '', '', ''),
(1828, 'Ma. Luisa', 'Pastorin', '', '', ''),
(1829, 'Jennifer', 'Peronilla', '', '', ''),
(1830, 'Christopher', 'Pineda Jr.', '', '', ''),
(1831, 'Patty Rose', 'Platon', '', '', ''),
(1832, 'Madonna', 'Puda', '', '', ''),
(1833, 'Alvin ', 'Requillo', '', '', ''),
(1834, 'Jocelyn', 'Sanchez', '', '', ''),
(1835, 'Ann Kristine', 'Torallo', '', '', ''),
(1836, 'Christian Errol', 'Almira', '', '', ''),
(1837, 'Ma. Lourdes', 'Almira', '', '', ''),
(1838, 'Fe', 'Bandong', '', '', ''),
(1839, 'Liezel', 'Benitez', '', '', ''),
(1840, 'Alfonso', 'Boquiren Jr.', '', '', ''),
(1841, 'Edwin', 'Carandang', '', '', ''),
(1842, 'Ma. Lourdes', 'Collinares', '', '', ''),
(1843, 'Elena', 'Condino', '', '', ''),
(1844, 'Roneth', 'Dela Rosa', '', '', ''),
(1845, 'Ceres', 'Diaz', '', '', ''),
(1846, 'Jobelle', 'Domingo', '', '', ''),
(1847, 'Carolina', 'Magadan', '', '', ''),
(1848, 'Shayne', 'Magno', '', '', ''),
(1849, 'Rick Jason', 'Mercado', '', '', ''),
(1850, 'Juvie', 'Munoz', '', '', ''),
(1851, 'Ariel', 'Peronilla', '', '', ''),
(1852, 'Jay', 'Quiamco', '', '', ''),
(1853, 'Marlon', 'Raquion', '', '', ''),
(1854, 'Herelyn', 'Rey', '', '', ''),
(1855, 'Michelle', 'Rodriguez', '', '', ''),
(1856, 'Jennifer', 'Rondina', '', '', ''),
(1857, 'Peter', 'Sabsalon', '', '', ''),
(1858, 'Norilyn', 'Santidad', '', '', ''),
(1859, 'Marie France', 'Santos', '', '', ''),
(1860, 'Charito', 'Tatoy', '', '', ''),
(1861, 'Lemuel Japhet', 'Velarde', '', '', ''),
(1862, 'Rechelda', 'Ababa', '', '', ''),
(1863, 'Jane', 'Abiera', '', '', ''),
(1864, 'Gary Kenneth', 'Alpapara', '', '', ''),
(1865, 'Sharon', 'Bonza', '', '', ''),
(1866, 'Jeanilyn', 'Cabrales', '', '', ''),
(1867, 'Mario', 'Caringal Jr.', '', '', ''),
(1868, 'Jocebel', 'Cinco', '', '', ''),
(1869, 'Renalie', 'Cruz', '', '', ''),
(1870, 'Jonilo', 'De Juan', '', '', ''),
(1871, 'Milagros', 'De Leon', '', '', ''),
(1872, 'Milagros', 'De Leon', '', '', ''),
(1873, 'Alicia', 'Dela Cruz', '', '', ''),
(1874, 'Rowena', 'Devela', '', '', ''),
(1875, 'Rose Marie', 'Dizon', '', '', ''),
(1876, 'Rosalyn', 'Fuentes', '', '', ''),
(1877, 'Ma. Antoinette', 'Gonzales', '', '', ''),
(1878, 'Juan Paolo', 'Mariano', '', '', ''),
(1879, 'Melvyn', 'Nino', '', '', ''),
(1880, 'Carmel', 'Noveda', '', '', ''),
(1881, 'Jenny', 'Ocampo', '', '', ''),
(1882, 'Janet', 'Pabilan', '', '', ''),
(1883, 'Ma. Fatima', 'Paredes', '', '', ''),
(1884, 'James', 'Peralta', '', '', ''),
(1885, 'Rafael', 'Cura', '', '', ''),
(1886, 'Kemverly Ann', 'Rivero', '', '', ''),
(1887, 'Lourdes', 'Rosalin', '', '', ''),
(1888, 'Emelita', 'Sampayo', '', '', ''),
(1889, 'Sherwin', 'Santos', '', '', ''),
(1890, 'Jhona', 'Sudario', '', '', ''),
(1891, 'Melinda', 'Toledo', '', '', ''),
(1892, 'Ma. Amalia', 'Toledo', '', '', ''),
(1893, 'Sheina', 'Torres', '', '', ''),
(1894, 'Caitlyn Ivonne Marie', 'Umpar', '', '', ''),
(1895, 'Haydee', 'Abela', '', '', ''),
(1896, 'Ricardo', 'Angeles', '', '', ''),
(1897, 'Marife', 'Balasbas', '', '', ''),
(1898, 'Ronalyn', 'Barbacena', '', '', ''),
(1899, 'Florence', 'Barcena', '', '', ''),
(1900, 'Rogelio', 'Bascug Jr.', '', '', ''),
(1901, 'Allan', 'Bautista', '', '', ''),
(1902, 'Hernando', 'Catindig Jr.', '', '', ''),
(1903, 'Rowell', 'Corpuz', '', '', ''),
(1904, 'Joseph', 'Cuerdo', '', '', ''),
(1905, 'Jennifer', 'Dita', '', '', ''),
(1906, 'Arturo', 'Du Jr.', '', '', ''),
(1907, 'Noel', 'Flores', '', '', ''),
(1908, 'Fortunato', 'Idea', '', '', ''),
(1909, 'Marianne', 'Labarosa', '', '', ''),
(1910, 'Princess', 'Laurel', '', '', ''),
(1911, 'Clarissa', 'Mancenido', '', '', ''),
(1912, 'Claro', 'Martin Jr.', '', '', ''),
(1913, 'Artemio', 'Mercene', '', '', ''),
(1914, 'Ramil', 'Monte De Ramos', '', '', ''),
(1915, 'Ariel', 'Napoles', '', '', ''),
(1916, 'Madelaine', 'Orias', '', '', ''),
(1917, 'Rafael', 'Ortiz-luis', '', '', ''),
(1918, 'Florante', 'Punzalan', '', '', ''),
(1919, 'Romesee', 'Ramos', '', '', ''),
(1920, 'Rennie', 'Redulla', '', '', ''),
(1921, 'Rehganne', 'Padilla', '', '', ''),
(1922, 'Ireneo', 'Sangil', '', '', ''),
(1923, 'Paul', 'Selpa', '', '', ''),
(1924, 'Limuel', 'Tordecilla', '', '', ''),
(1925, 'Celea', 'Apurao', '', '', ''),
(1926, 'Rowena', 'Brosas', '', '', ''),
(1927, 'Jonn Carlo', 'Eleazar', '', '', ''),
(1928, 'May Joan', 'Encina', '', '', ''),
(1929, 'Irish', 'Lladones', '', '', ''),
(1930, 'Mycha', 'Macatigbac', '', '', ''),
(1931, 'Jose', 'Picastol IV', '', '', ''),
(1932, 'Kenneth', 'Resurrecccion', '', '', ''),
(1933, 'Geraldine', 'Robles', '', '', ''),
(1934, 'Vivian', 'Roxas', '', '', ''),
(1935, 'Emman Ian', 'Santualla', '', '', ''),
(1936, 'Rowell', 'Afable', '', '', ''),
(1937, 'Edwin ', 'Cayanan', '', '', ''),
(1938, 'Mannielyn', 'Jose', '', '', ''),
(1939, 'Norly', 'Magana Jr.', '', '', ''),
(1940, 'Raymond', 'Mendoza', '', '', ''),
(1941, 'Jay', 'Zulueta', '', '', ''),
(1942, 'Ricardo', 'Apacible Jr.', '', '', ''),
(1943, 'Christopher', 'De Vicente', '', '', ''),
(1944, 'Rodolfo', 'Llapitan Jr.', '', '', ''),
(1945, 'Aristeo', 'Madla', '', '', ''),
(1946, 'Ramil', 'Salvador', '', '', ''),
(1947, 'Benjie', 'Sarmiento', '', '', ''),
(1948, 'Arnulfo', 'Domingo Jr.', '', '', ''),
(1949, 'Richard', 'Magno', '', '', ''),
(1950, 'Jaimann', 'Nepa', '', '', ''),
(1951, 'Humphrey', 'Ofilan', '', '', ''),
(1952, 'Adel', 'Osio', '', '', ''),
(1953, 'Sherwin', 'Plucena', '', '', ''),
(1954, 'Patrick', 'Conaco', '', '', ''),
(1955, 'Ramon', 'Dela Cruz', '', '', ''),
(1956, 'Albert', 'Guhit', '', '', ''),
(1957, 'Francis Christopher', 'Lo', '', '', ''),
(1958, 'Rodrigo', 'Medina', '', '', ''),
(1959, 'Jose', 'Reluya Jr.', '', '', ''),
(1960, 'Carlo', 'Aquino', '', '', ''),
(1961, 'Lorenzo', 'Gandia', '', '', ''),
(1962, 'Mark', 'Lopez', '', '', ''),
(1963, 'John Ronald', 'Roldan', '', '', ''),
(1964, 'Mark Edcel', 'Sabordo', '', '', ''),
(1965, 'Abel', 'Trinidad', '', '', ''),
(1966, 'Aljay', 'Dailisan', '', '', ''),
(1967, 'Renato', 'Dionisio Jr.', '', '', ''),
(1968, 'Ernesto', 'Eugenio Jr.', '', '', ''),
(1969, 'Reynaldo', 'Glean', '', '', ''),
(1970, 'Andrew', 'Llamas', '', '', ''),
(1971, 'Joseph Ryan', 'Mendoza', '', '', ''),
(1972, 'Vermel', 'Arendela', '', '', ''),
(1973, 'James Paul', 'Co', '', '', ''),
(1974, 'Richard', 'De Villa', '', '', ''),
(1975, 'Eumir', 'Gubatan', '', '', ''),
(1976, 'Maria Virginia', 'Manuel', '', '', ''),
(1977, 'Domingo', 'Milla Jr.', '', '', ''),
(1978, 'Paulo', 'Dela Cruz', '', '', ''),
(1979, 'Ariel', 'Nalica', '', '', ''),
(1980, 'Keith Bryan', 'Oraa', '', '', ''),
(1981, 'Mario', 'Pamintuan Jr.', '', '', ''),
(1982, 'Rolando', 'Panahon IV', '', '', ''),
(1983, 'Raymund', 'Tarranco', '', '', ''),
(1984, 'Jorge', 'Brigola', '', '', ''),
(1985, 'Renato', 'Castor', '', '', ''),
(1986, 'Joelimbert', 'Dabao', '', '', ''),
(1987, 'Anwil', 'Labindao', '', '', ''),
(1988, 'Roberto', 'Lacanilao Jr.', '', '', ''),
(1989, 'Mark Joseph', 'Murriel', '', '', ''),
(1990, 'Raul', 'Seguerra', '', '', ''),
(1991, 'Artemio', 'Torres Jr.', '', '', ''),
(1992, 'Gary Kenneth', 'Alpapara', '', '', 'H.'),
(1993, 'Bernardo', 'Amoyo Jr.', '', '', 'E.'),
(1994, 'Carlo', 'Aquino', '', '', 'C.'),
(1995, 'G. Elmer', 'Arbis', '', '', 'T.'),
(1996, 'Vermel', 'Arendela', '', '', 'S.'),
(1997, 'Noel Mark', 'Bartolome', '', '', ''),
(1998, 'Rodolfo', 'Caliboso Jr.', '', '', ''),
(1999, 'Renato', 'Castro', '', '', ''),
(2000, 'Matiano', 'Cruz', '', '', ''),
(2001, 'Darmo', 'Del Rosario', '', '', ''),
(2002, 'Fanuel', 'Delfin', '', '', ''),
(2003, 'Ricky', 'Doroteo', '', '', ''),
(2004, 'Israel', 'Dugan', '', '', ''),
(2005, 'Giovanni', 'Espiritu', '', '', ''),
(2006, 'Serafin', 'Fernandez Jr.', '', '', ''),
(2007, 'Jose Dave', 'Ferrer', '', '', ''),
(2008, 'Rolando', 'Go', '', '', ''),
(2009, 'Ferdinand', 'Narvasa', '', '', ''),
(2010, 'Gil', 'Palileo', '', '', ''),
(2011, 'Roel', 'Panganiban', '', '', ''),
(2012, 'Ronald', 'Ricafranca', '', '', ''),
(2013, 'Jorge', 'Soriaga', '', '', ''),
(2014, 'Joe Ann', 'Zuleta', '', '', ''),
(2015, 'Rowell', 'Afable', '', '', ''),
(2016, 'Luisito', 'Ambangan', '', '', ''),
(2017, 'Adreano', 'Andres', '', '', ''),
(2018, 'Darwin', 'Arceo', '', '', ''),
(2019, 'Rogelio', 'Arinzala', '', '', ''),
(2020, 'Perdo', 'Arinzana', '', '', ''),
(2021, 'Rosauro', 'Aurita', '', '', ''),
(2022, 'Ronnie', 'Austero', '', '', ''),
(2023, 'Rossel', 'Baricanosa', '', '', ''),
(2024, 'Alex', 'Basobas', '', '', ''),
(2025, 'Bernardo', 'Berboso Jr.', '', '', ''),
(2026, 'Basilleon', 'Bonife', '', '', ''),
(2027, 'Marlon', 'Bunite', '', '', ''),
(2028, 'Darwin', 'Cabradilla', '', '', ''),
(2029, 'Orlando', 'Cacdac Jr.', '', '', ''),
(2030, 'Ruel Anthony', 'Camarillo', '', '', ''),
(2031, 'Napoleon', 'Caraig', '', '', ''),
(2032, 'Dan', 'Carranceja', '', '', ''),
(2033, 'Exequiel', 'Cayago', '', '', ''),
(2034, 'Rommel', 'Chuaquico', '', '', ''),
(2035, 'Rodolfo', 'Corpuz II', '', '', ''),
(2036, 'Joelimbert', 'Dabao', '', '', ''),
(2037, 'Romeo', 'Dagle', '', '', ''),
(2038, 'Oliver', 'De Claro', '', '', ''),
(2039, 'Christopher', 'De Vicente', '', '', ''),
(2040, 'Allan Michael', 'Del Rosario', '', '', ''),
(2041, 'Glenn', 'Dimagmaliw', '', '', ''),
(2042, 'Rolando', 'Dinoy Jr.', '', '', ''),
(2043, 'Jose', 'Diokno', '', '', ''),
(2044, 'Christopher Noel', 'Dita', '', '', ''),
(2045, 'Noel', 'Dungo', '', '', ''),
(2046, 'Raymond', 'Eclarin', '', '', ''),
(2047, 'Garlando', 'Empleo', '', '', ''),
(2048, 'Jonas', 'Flores', '', '', ''),
(2049, 'Jose', 'Gabrillo Jr.', '', '', ''),
(2050, 'Norberto', 'Geronimo', '', '', ''),
(2051, 'Nelson', 'Gonzaga', '', '', ''),
(2052, 'Napoleon', 'Gravador', '', '', ''),
(2053, 'Edwin', 'Hilario', '', '', ''),
(2054, 'Roque', 'Laddran Jr.', '', '', ''),
(2055, 'Jessie', 'Liac', '', '', ''),
(2056, 'Rodolfo', 'Libunao Jr.', '', '', ''),
(2057, 'Richard', 'Lo', '', '', ''),
(2058, 'Norly', 'Magana Jr.', '', '', ''),
(2059, 'Richard', 'Magno', '', '', ''),
(2060, 'Rogelio', 'Mendez Jr.', '', '', ''),
(2061, 'Rinobo', 'Monarca', '', '', ''),
(2062, 'Ferdinand', 'Nicdao', '', '', ''),
(2063, 'Richard', 'Olesco', '', '', ''),
(2064, 'Jonathan', 'Olmo', '', '', ''),
(2065, 'Reynaldo', 'Palacios', '', '', ''),
(2066, 'Florentino Claro', 'Partusa', '', '', ''),
(2067, 'Epitacio', 'Pascual', '', '', ''),
(2068, 'Armando', 'Payad', '', '', ''),
(2069, 'Angelito', 'Payapaya', '', '', ''),
(2070, 'Elpidio', 'Perea', '', '', ''),
(2071, 'Raymundo', 'Puzon', '', '', ''),
(2072, 'Raymond', 'Ramos', '', '', ''),
(2073, 'Val', 'Jayno', '', '', ''),
(2074, 'Aedolfo', 'Rapanut', '', '', ''),
(2075, 'Akim', 'Rapiz', '', '', ''),
(2076, 'Rolando', 'Rico', '', '', ''),
(2077, 'Luis', 'Saman Jr.', '', '', ''),
(2078, 'Marvin', 'Serrano', '', '', ''),
(2079, 'George', 'Templo', '', '', ''),
(2080, 'Jay', 'Tongco', '', '', ''),
(2081, 'Edgar', 'Tongson', '', '', ''),
(2082, 'Abel', 'Trinidad', '', '', ''),
(2083, 'Michael', 'Tuazon', '', '', ''),
(2084, 'Richard', 'Vicente', '', '', ''),
(2085, 'Melanio', 'Villegas', '', '', ''),
(2086, 'Rolando', 'Zamora', '', '', ''),
(2087, 'Maricel', 'Bartina', '', '', ''),
(2088, 'Jocelyn', 'Bacence', '', '', ''),
(2089, 'James', 'Baylen', '', '', ''),
(2090, 'Dante', 'Rivero', '', '', ''),
(2091, 'Jose Frederick', 'Malto', '', '', ''),
(2092, 'Marlon', 'Ortega', '', '', ''),
(2093, 'Andy', 'Villasor', '', '', ''),
(2094, 'Larry', 'Camus', '', '', ''),
(2095, 'Romeo', 'Raposas Jr.', '', '', ''),
(2096, 'Herer', 'Rivera', '', '', ''),
(2097, 'Alexander', 'Onido', '', '', ''),
(2098, 'Ric', 'Mirabueno', '', '', ''),
(2099, 'Jeson', 'Tayab', '', '', ''),
(2100, 'Lorie', 'Narciso', '', '', ''),
(2101, 'Richie', 'Rizardo', '', '', ''),
(2102, 'Elias', 'Bayabay Jr.', '', '', ''),
(2103, 'Ely Garry', 'Catipay', '', '', ''),
(2104, 'Jerone', 'Tabianana', '', '', ''),
(2105, 'Ariel', 'Daganay', '', '', ''),
(2106, 'Carlos', 'Dy Jr.', '', '', ''),
(2107, 'Russel', 'Retes', '', '', ''),
(2108, 'Rogelio', 'Gregorio', '', '', ''),
(2109, 'Richel', 'Estrada', '', '', ''),
(2110, 'Dante', 'Vallejo', '', '', ''),
(2111, 'NF', 'Pagulayan', '', '', ''),
(2112, 'Melchor', 'Reyno', '', '', ''),
(2113, 'Ariel', 'Gare', '', '', ''),
(2114, 'Benjamin', 'Lava Jr.', '', '', ''),
(2115, 'Regante', 'Pasas', '', '', ''),
(2116, 'Florencio', 'Cledera Jr.', '', '', ''),
(2117, 'Jay Michael', 'De  Gracia', '', '', ''),
(2118, 'Randy', 'Gaino', '', '', ''),
(2119, 'Rey', 'Casasis', '', '', ''),
(2120, 'Arnel', 'Cabillan', '', '', ''),
(2121, 'Alex', 'Gonzaga', '', '', ''),
(2122, 'Joel', 'Blaya', '', '', ''),
(2123, 'VB', 'Bolante', '', '', ''),
(2124, 'Precy ', 'Bulan', '', '', ''),
(2125, 'Shealgen', 'Salipot', '', '', ''),
(2126, 'Jesus', 'Alapad', '', '', ''),
(2127, 'Jinky', 'Brian', '', '', ''),
(2128, 'Dante', 'Brian', '', '', ''),
(2129, 'Dexter', 'Calado', '', '', ''),
(2130, 'Frederick', 'Capunpun', '', '', ''),
(2131, 'Mark Verne', 'Pal', '', '', ''),
(2132, 'PB', 'Mendoza', '', '', ''),
(2133, 'Melienet', 'Espino', '', '', ''),
(2134, 'Samson', 'Abellar', '', '', ''),
(2135, 'Jacqueline', 'Ayuban', '', '', ''),
(2136, 'Jocelyn', 'Castillo', '', '', ''),
(2137, 'Jenice', 'Dayaday', '', '', ''),
(2138, 'Rafael', 'Francisco', '', '', ''),
(2139, 'Roderick', 'Gaces', '', '', ''),
(2140, 'Cleto', 'Granado', '', '', ''),
(2141, 'Jonathan', 'Hermoso', '', '', ''),
(2142, 'Joey', 'Hermoso', '', '', ''),
(2143, 'Miriam', 'Javier', '', '', ''),
(2144, 'Jerlan ', 'Juanaya', '', '', ''),
(2145, 'Dondie', 'Lagan', '', '', ''),
(2146, 'Rogelio', 'Lampong', '', '', ''),
(2147, 'Anthony', 'Lobos', '', '', ''),
(2148, 'Sahid', 'Macmod', '', '', ''),
(2149, 'Ricky', 'Malate', '', '', ''),
(2150, 'Marlon', 'Mappala', '', '', ''),
(2151, 'Dennis', 'Mariscottes', '', '', ''),
(2152, 'Rosemarie', 'Obra', '', '', ''),
(2153, 'Lorena', 'Ondaloc', '', '', ''),
(2154, 'Joana', 'Ortega', '', '', ''),
(2155, 'Nemuel', 'Pabio', '', '', ''),
(2156, 'Bonifacio', 'Palapar', '', '', ''),
(2157, 'Edison', 'Reblora', '', '', ''),
(2158, 'Robert Lee', 'Reonal', '', '', ''),
(2159, 'Cristopher', 'Reveliza', '', '', ''),
(2160, 'Mark Anthony', 'Reynal', '', '', ''),
(2161, 'Roderick', 'Rodriguez', '', '', ''),
(2162, 'Ricardo', 'Roman Jr.', '', '', ''),
(2163, 'Naim', 'Saliling', '', '', ''),
(2164, 'Jesus Ramon', 'Salmorin', '', '', ''),
(2165, 'Nico', 'Samper', '', '', ''),
(2166, 'Rochel', 'Sanchez', '', '', ''),
(2167, 'Jersard', 'Sardinez', '', '', ''),
(2168, 'Dennis', 'Savilla', '', '', ''),
(2169, 'Nelson', 'Saygo', '', '', ''),
(2170, 'Raul', 'Sibayan', '', '', ''),
(2171, 'Reynaldo', 'Signo', '', '', ''),
(2172, 'John Louie', 'Subia', '', '', ''),
(2173, 'Richard', 'Sumagang', '', '', ''),
(2174, 'Julius', 'Tabudlong', '', '', ''),
(2175, 'Charie John', 'Tadlas', '', '', ''),
(2176, 'Rizalito', 'Tan', '', '', ''),
(2177, 'Myralee', 'Ubay', '', '', ''),
(2178, 'Lavinia', 'Valles', '', '', ''),
(2179, 'Rudy Florentino', 'Alojado', '', '', ''),
(2180, 'Mirasol', 'Areola', '', '', ''),
(2181, 'Allan', 'Arnejo', '', '', ''),
(2182, 'Narciso', 'Aserit', '', '', ''),
(2183, 'Alex', 'Bacareb', '', '', ''),
(2184, 'John Christopher', 'Benedicto', '', '', ''),
(2185, 'Randy', 'Bolilan', '', '', ''),
(2186, 'Salvador', 'Bragas Jr.', '', '', ''),
(2187, 'Rogelio', 'Calimlim', '', '', ''),
(2188, 'Eloisa', 'Canja', '', '', ''),
(2189, 'Bernido', 'Casing Jr.', '', '', ''),
(2190, 'Meriel', 'Cinco', '', '', ''),
(2191, 'Augosto', 'Cresencia', '', '', ''),
(2192, 'Simaco', 'Cuizon', '', '', ''),
(2193, 'Elben', 'Dabban', '', '', ''),
(2194, 'Andro', 'Diaz', '', '', ''),
(2195, 'Malenab', 'Francisco', '', '', ''),
(2196, 'Bernabe', 'Ganaganag', '', '', ''),
(2197, 'David', 'Javen', '', '', ''),
(2198, 'Dominador', 'Juntilla', '', '', ''),
(2199, 'Antonio', 'Lasin Jr.', '', '', ''),
(2200, 'Jayson', 'Layugan', '', '', ''),
(2201, 'Niel', 'Libradilla', '', '', ''),
(2202, 'Arthur', 'Limchiu', '', '', ''),
(2203, 'Al', 'Luzuriaga', '', '', ''),
(2204, 'Arnold', 'Malihan', '', '', ''),
(2205, 'Arnel', 'Mandap', '', '', ''),
(2206, 'William', 'Manzo', '', '', ''),
(2207, 'Renante', 'Maraon', '', '', ''),
(2208, 'Nomer', 'Medina', '', '', ''),
(2209, 'Julius', 'Mejares', '', '', ''),
(2210, 'Alvin Jay', 'Pascua', '', '', ''),
(2211, 'Rodrigo', 'Ralia Jr.', '', '', ''),
(2212, 'Carlito', 'Reyes Jr.', '', '', ''),
(2213, 'Arnold', 'Sag-od', '', '', ''),
(2214, 'Virgie', 'Sarte', '', '', ''),
(2215, 'Jerald', 'Seblic', '', '', ''),
(2216, 'Danilo', 'Siasat', '', '', ''),
(2217, 'Araceli', 'Solis', '', '', ''),
(2218, 'Leo', 'Taraping', '', '', ''),
(2219, 'Armil', 'Taroma', '', '', ''),
(2220, 'Carmela', 'Torres', '', '', ''),
(2221, 'May', 'Tribo', '', '', ''),
(2222, 'Gina', 'Tumanday', '', '', ''),
(2223, 'Noel', 'Villacencio', '', '', ''),
(2224, 'Eunin', 'Villanueva', '', '', ''),
(2225, 'Marjorie', 'Abria', '', '', ''),
(2226, 'Criston', 'Amorin', '', '', ''),
(2227, 'Rudy', 'Andang', '', '', ''),
(2228, 'Jevelyn', 'Atencio', '', '', ''),
(2229, 'Marivic', 'Baldelomar', '', '', ''),
(2230, 'Sherwin', 'Baluyot', '', '', ''),
(2231, 'Rolando', 'Baria', '', '', ''),
(2232, 'Kevin', 'Barrameda', '', '', ''),
(2233, 'Ervin', 'Basanez', '', '', ''),
(2234, 'Ariel', 'Benito', '', '', ''),
(2235, 'Marichu', 'Camacho', '', '', ''),
(2236, 'Jeffrey', 'Castillo', '', '', ''),
(2237, 'Gerald', 'Cepeda', '', '', ''),
(2238, 'Nino', 'Dal', '', '', ''),
(2239, 'Michael', 'Daoang', '', '', ''),
(2240, 'Marlon', 'Dapiawen', '', '', ''),
(2241, 'Toribio', 'De Leon Jr.', '', '', ''),
(2242, 'Alan', 'De Luna', '', '', ''),
(2243, 'Angelo', 'Delos Santos', '', '', ''),
(2244, 'Ronnie', 'Ducusin', '', '', ''),
(2245, 'Afril', 'Dumalanta', '', '', ''),
(2246, 'Ryan', 'Durian', '', '', ''),
(2247, 'Jenny Luz', 'Espino', '', '', ''),
(2248, 'Esnardo', 'Eusebio', '', '', ''),
(2249, 'Frederico', 'Fernandez', '', '', ''),
(2250, 'Jerson ', 'Ferrer', '', '', ''),
(2251, 'Rodrigafae', 'Fillartos', '', '', ''),
(2252, 'Raymond', 'Floralde', '', '', ''),
(2253, 'Frederick', 'Francisco', '', '', ''),
(2254, 'George', 'Frias', '', '', ''),
(2255, 'Zaida', 'Galamgam', '', '', ''),
(2256, 'Nefrie', 'Galilea', '', '', ''),
(2257, 'Macfel', 'Gardon', '', '', ''),
(2258, 'Manolito', 'Javier', '', '', ''),
(2259, 'Marineth', 'Lageplep', '', '', ''),
(2260, 'Wida', 'Layugan', '', '', ''),
(2261, 'Elmer', 'Lingan', '', '', ''),
(2262, 'Rolando', 'Maralang', '', '', ''),
(2263, 'Gregorio', 'Mariano III', '', '', ''),
(2264, 'Michel', 'Nacional', '', '', ''),
(2265, 'Ana Famela', 'Olave', '', '', ''),
(2266, 'Leo', 'Olegario Jr.', '', '', ''),
(2267, 'Nihma', 'Ong', '', '', ''),
(2268, 'Mark Anthony', 'Osena', '', '', ''),
(2269, 'Narciso', 'Pablo', '', '', ''),
(2270, 'Jeffrey', 'Pacia', '', '', ''),
(2271, 'Mimosa', 'Paredes', '', '', ''),
(2272, 'Jocelyn', 'Pino', '', '', ''),
(2273, 'Rose', 'Rellon', '', '', ''),
(2274, 'Rosalyn', 'Salvador', '', '', ''),
(2275, 'Ana Maria', 'Sanchez', '', '', ''),
(2276, 'Eric', 'Tahum', '', '', ''),
(2277, 'Arnel', 'Abutog', '', '', ''),
(2278, 'Alvin', 'Alaurin', '', '', ''),
(2279, 'Virgilio', 'Almano Jr.', '', '', ''),
(2280, 'Ruben', 'Alvarez', '', '', ''),
(2281, 'John Zaldy', 'Antoniega', '', '', ''),
(2282, 'Menchie', 'Arribe', '', '', ''),
(2283, 'Ike John', 'Artuz', '', '', ''),
(2284, 'Gilbert', 'Balacana', '', '', ''),
(2285, 'Armando', 'Balauag', '', '', ''),
(2286, 'Moises', 'Banaag Jr.', '', '', ''),
(2287, 'Francisco', 'Bangi', '', '', ''),
(2288, 'Arturo', 'Baranda Jr.', '', '', '');
INSERT INTO `trainee_list` (`id`, `firstName`, `lastName`, `designation`, `department`, `midInitial`) VALUES
(2289, 'Berrymie', 'Barlas', '', '', ''),
(2290, 'Danreb', 'Belleza', '', '', ''),
(2291, 'Bibon', 'Belmonte', '', '', ''),
(2292, 'Efren', 'Boncodin Jr.', '', '', ''),
(2293, 'Rodolfo', 'Borero Jr.', '', '', ''),
(2294, 'Michelle ', 'Buenaventura', '', '', ''),
(2295, 'Juan Carlos', 'Buenavista', '', '', ''),
(2296, 'Julian', 'Bungalso', '', '', ''),
(2297, 'Rocel', 'Caballero', '', '', ''),
(2298, 'Pancho', 'Cabreros', '', '', ''),
(2299, 'Jayson', 'Caranguian', '', '', ''),
(2300, 'Roelan', 'Casalme', '', '', ''),
(2301, 'Rhea', 'Catipay', '', '', ''),
(2302, 'Rubina', 'Cinco', '', '', ''),
(2303, 'Tisoy Ariel', 'Colonia', '', '', ''),
(2304, 'Divina', 'Danpasana', '', '', ''),
(2305, 'Guillermo', 'De Vera Jr.', '', '', ''),
(2306, 'Bernadeth', 'Dessuitado', '', '', ''),
(2307, 'Conchita', 'Dolar', '', '', ''),
(2308, 'Nikki', 'Domingo', '', '', ''),
(2309, 'Ma. Liezel', 'Dorado', '', '', ''),
(2310, 'Merle', 'Enguito', '', '', ''),
(2311, 'Randy', 'Esperancilla', '', '', ''),
(2312, 'Jojielyn', 'Feguro', '', '', ''),
(2313, 'May May', 'Figuracion', '', '', ''),
(2314, 'Michel', 'Gabaisen', '', '', ''),
(2315, 'Danilo', 'Icaranom', '', '', ''),
(2316, 'Brian Lee', 'Jaugar', '', '', ''),
(2317, 'Michael', 'Lee', '', '', ''),
(2318, 'Richard', 'Lontayao', '', '', ''),
(2319, 'Rolex Jesse', 'Magallanes', '', '', ''),
(2320, 'Romana', 'Manalon', '', '', ''),
(2321, 'Mary Jane', 'Matillano', '', '', ''),
(2322, 'Ma.Salome', 'Mendoza', '', '', ''),
(2323, 'Dhyana', 'Mengote', '', '', ''),
(2324, 'Analyn', 'Miras', '', '', ''),
(2325, 'Rhejane', 'Mondesar', '', '', ''),
(2326, 'Eva', 'Navarro', '', '', ''),
(2327, 'Reynaldo', 'Magbanwa', '', '', ''),
(2328, 'Melani', 'Nolasco', '', '', ''),
(2329, 'Holario', 'Palo', '', '', ''),
(2330, 'Randy', 'Pomasin', '', '', ''),
(2331, 'Jetlee', 'Ramos', '', '', ''),
(2332, 'Puras', 'Recess', '', '', ''),
(2333, 'Noel', 'Reyes', '', '', ''),
(2334, 'Frenzie', 'Reyes', '', '', ''),
(2335, 'Carlo', 'Rocero', '', '', ''),
(2336, 'Evelyn', 'Rosario', '', '', ''),
(2337, 'Neil', 'Royandoyan', '', '', ''),
(2338, 'Ricky', 'Salva', '', '', ''),
(2339, 'Philip', 'Salvador', '', '', ''),
(2340, 'Violeto', 'Secretaria', '', '', ''),
(2341, 'Jeffrey', 'Semacio', '', '', ''),
(2342, 'Elma', 'Sentian', '', '', ''),
(2343, 'Arnulfo', 'Abior', '', '', ''),
(2344, 'Darwin', 'Agasa', '', '', ''),
(2345, 'Rolando', 'Alcorroque', '', '', ''),
(2346, 'Bryan', 'Allacaden', '', '', ''),
(2347, 'Angelique', 'Antonio', '', '', ''),
(2348, 'Arnold', 'Arapan', '', '', ''),
(2349, 'Jay-ar', 'Arenain', '', '', ''),
(2350, 'Jude Michael', 'Bacanto', '', '', ''),
(2351, 'Hermie', 'Baris', '', '', ''),
(2352, 'Reffy', 'Bertez', '', '', ''),
(2353, 'Rechce', 'Cabuga', '', '', ''),
(2354, 'Roma Mae', 'Catalogo', '', '', ''),
(2355, 'Romy', 'Chavez', '', '', ''),
(2356, 'Romeo', 'Cinco', '', '', ''),
(2357, 'Rolly', 'Credo', '', '', ''),
(2358, 'Saniel', 'Cuerdo', '', '', ''),
(2359, 'Merridy', 'De Guzman', '', '', ''),
(2360, 'Annalyn', 'De Vera', '', '', ''),
(2361, 'Nomer', 'Degoma', '', '', ''),
(2362, 'Karen', 'Dela Cruz', '', '', ''),
(2363, 'Michelle', 'Dela Pena', '', '', ''),
(2364, 'Danny', 'Delena', '', '', ''),
(2365, 'Musa', 'Dimankor', '', '', ''),
(2366, 'Jeffrey', 'Domalanta', '', '', ''),
(2367, 'Jojo', 'Domingo', '', '', ''),
(2368, 'Pio', 'Dublin', '', '', ''),
(2369, 'Christopher', 'Elizan', '', '', ''),
(2370, 'Gerardo', 'Espinosa', '', '', ''),
(2371, 'Ma. Jully', 'Fenolan', '', '', ''),
(2372, 'Soriada', 'Flores', '', '', ''),
(2373, 'Alicia', 'Flores', '', '', ''),
(2374, 'Josephine', 'Foronda', '', '', ''),
(2375, 'Rose Ann', 'Galaran', '', '', ''),
(2376, 'Melbert', 'Garcia', '', '', ''),
(2377, 'Cesar', 'Go Guion', '', '', ''),
(2378, 'Larry', 'Gonzaga', '', '', ''),
(2379, 'Joel', 'Grado', '', '', ''),
(2380, 'Dennis', 'Gruta', '', '', ''),
(2381, 'Pollarca', 'Guillermo Jr.', '', '', ''),
(2382, 'Reneboy', 'Gulitang', '', '', ''),
(2383, 'Elmer', 'Gwarnes', '', '', ''),
(2384, 'Eric James', 'Jalique', '', '', ''),
(2385, 'Mary Ann', 'Labasmada', '', '', ''),
(2386, 'Marie', 'Laudato', '', '', ''),
(2387, 'Kristeen Joy', 'Lava', '', '', ''),
(2388, 'Crystal', 'Laxa', '', '', ''),
(2389, 'Leizl', 'Layes', '', '', ''),
(2390, 'Paulina', 'Leoncio', '', '', ''),
(2391, 'Silverlyn', 'Loberita', '', '', ''),
(2392, 'Francisca', 'Lopez', '', '', ''),
(2393, 'Arnold', 'Macajes', '', '', ''),
(2394, 'Jonalyn', 'Madriaga', '', '', ''),
(2395, 'Jayson', 'Madrid', '', '', ''),
(2396, 'Baby lou', 'Miranda', '', '', ''),
(2397, 'Allan', 'Paa', '', '', ''),
(2398, 'Reymundo', 'Pagaringan', '', '', ''),
(2399, 'Celestino', 'Perico Jr.', '', '', ''),
(2400, 'Novely', 'Quebral', '', '', ''),
(2401, 'Rodel', 'Rebanoos', '', '', ''),
(2402, 'Ronna', 'Saguid', '', '', ''),
(2403, 'Pheryclis', 'Tribo', '', '', ''),
(2404, 'Jose ', 'Viernes', '', '', ''),
(2405, 'Ma. Teresa', 'Abad', '', '', ''),
(2406, 'Anafe', 'Advincula', '', '', ''),
(2407, 'Lemuel', 'Agabon Jr.', '', '', ''),
(2408, 'Sunny', 'Agapito', '', '', ''),
(2409, 'Sunny', 'Agapito', '', '', ''),
(2410, 'Norberto', 'Alday', '', '', ''),
(2411, 'Joanna Marie', 'Allapitan', '', '', ''),
(2412, 'John Reynel', 'Alvares', '', '', ''),
(2413, 'Juman', 'Ambrocio', '', '', ''),
(2414, 'Marlon', 'Anonvevo', '', '', ''),
(2415, 'Allan', 'Antazo', '', '', ''),
(2416, 'Michelle Joy', 'Asi', '', '', ''),
(2417, 'Edgar', 'Asuncion', '', '', ''),
(2418, 'Richard', 'Ballon', '', '', ''),
(2419, 'Joemar', 'Baltazar', '', '', ''),
(2420, 'Ronie', 'Baraquel', '', '', ''),
(2421, 'Marciana', 'Barrosa', '', '', ''),
(2422, 'Ryan', 'Barrosh', '', '', ''),
(2423, 'Marie', 'Basbas', '', '', ''),
(2424, 'John Michael', 'Baucan', '', '', ''),
(2425, 'Jennifer', 'Begosa', '', '', ''),
(2426, 'Jennifer', 'Begosa', '', '', ''),
(2427, 'Fredeline', 'Besana', '', '', ''),
(2428, 'Melvin', 'Blanza', '', '', ''),
(2429, 'Rolando', 'Blaya', '', '', ''),
(2430, 'Raven', 'Bontal', '', '', ''),
(2431, 'Sunny', 'Agapito', '', '', ''),
(2432, 'Anna', 'Brian', '', '', ''),
(2433, 'Marjean', 'Calungsod', '', '', ''),
(2434, 'Pastora', 'Cardinas', '', '', ''),
(2435, 'Nena', 'Casipe', '', '', ''),
(2436, 'Roman', 'Cledera', '', '', ''),
(2437, 'Algame', 'Cresencio Jr.', '', '', ''),
(2438, 'Jovelyn', 'Culili', '', '', ''),
(2439, 'Gemmalie', 'Cuyson', '', '', ''),
(2440, 'Roque', 'Dubluis', '', '', ''),
(2441, 'Michael Jay', 'Furog', '', '', ''),
(2442, 'Rema', 'Gualan', '', '', ''),
(2443, 'Shernalyn', 'Hamsah', '', '', ''),
(2444, 'Nestor', 'Lao', '', '', ''),
(2445, 'Jairus', 'Malayo', '', '', ''),
(2446, 'Leni', 'Manlapaz', '', '', ''),
(2447, 'Michael', 'Mendez', '', '', ''),
(2448, 'Marian', 'Pancho', '', '', ''),
(2449, 'Jenny', 'Perez', '', '', ''),
(2450, 'Rosalyn', 'Relojero', '', '', ''),
(2451, 'Manilyn', 'Sacmar', '', '', ''),
(2452, 'Ronielyn', 'Santos', '', '', ''),
(2453, 'Aldie', 'Semioh', '', '', ''),
(2454, 'Gerly', 'Soquina', '', '', ''),
(2455, 'Ric', 'Torres', '', '', ''),
(2456, 'Rogelio', 'Ubina', '', '', ''),
(2457, 'Juan', 'Abrasaldo', '', '', ''),
(2458, 'Ricardo', 'Acbang', '', '', ''),
(2459, 'Rowena', 'Antonio', '', '', ''),
(2460, 'Mary Ann', 'Arce', '', '', ''),
(2461, 'Isaac Jessmar', 'Arevalo', '', '', ''),
(2462, 'Jovito', 'Arguelles', '', '', ''),
(2463, 'Carolyn', 'Asuncion', '', '', ''),
(2464, 'Mary Rose', 'Bacor', '', '', ''),
(2465, 'Ronie', 'Balagat', '', '', ''),
(2466, 'German', 'Balderama', '', '', ''),
(2467, 'Michael', 'Bisnar', '', '', ''),
(2468, 'Eduardo', 'Blanca', '', '', ''),
(2469, 'Shiela Mariz', 'Buelgar', '', '', ''),
(2470, 'Jomar', 'Bulan', '', '', ''),
(2471, 'Rogelio', 'Bulatao', '', '', ''),
(2472, 'Liza', 'Butron', '', '', ''),
(2473, 'Nelson', 'Cabangon', '', '', ''),
(2474, 'Janneth', 'Cahilig', '', '', ''),
(2475, 'Sharon', 'Canares', '', '', ''),
(2476, 'Lorena', 'Caperlac', '', '', ''),
(2477, 'Maida', 'Carino', '', '', ''),
(2478, 'Michael', 'Carino', '', '', ''),
(2479, 'Mryna', 'Consolacion', '', '', ''),
(2480, 'Edna', 'Dador', '', '', ''),
(2481, 'Joselito', 'Daisog', '', '', ''),
(2482, 'Cecilo', 'Dales Jr.', '', '', ''),
(2483, 'Ruby Ann', 'De Castro', '', '', ''),
(2484, 'Rinabelle', 'De Jesus', '', '', ''),
(2485, 'Rolando', 'De Vera Jr.', '', '', ''),
(2486, 'Jerold', 'Delos Santos', '', '', ''),
(2487, 'Kevin', 'Dinglasan', '', '', ''),
(2488, 'Rhea', 'Dospueblos', '', '', ''),
(2489, 'Carmensita', 'Dulay', '', '', ''),
(2490, 'Marjun', 'Embile', '', '', ''),
(2491, 'Emily', 'Somoza', '', '', ''),
(2492, 'Marlon', 'Enciso', '', '', ''),
(2493, 'Jay-em', 'Fernandez', '', '', ''),
(2494, 'Dennis', 'Fernando', '', '', ''),
(2495, 'Leoncio', 'Filiciano', '', '', ''),
(2496, 'Edison', 'Flores', '', '', ''),
(2497, 'Joy', 'Galido', '', '', ''),
(2498, 'Joreck', 'Gracilla', '', '', ''),
(2499, 'Christian', 'Guy', '', '', ''),
(2500, 'Maritchel', 'Hemongala', '', '', ''),
(2501, 'Jelidona', 'Oliquino', '', '', ''),
(2502, 'Reynerio', 'Oneza', '', '', ''),
(2503, 'Jean', 'Openiano', '', '', ''),
(2504, 'Arth', 'Pacino', '', '', ''),
(2505, 'Sarah Jane', 'Palo', '', '', ''),
(2506, 'Gilbert', 'Penuay', '', '', ''),
(2507, 'Roberto', 'Peruelo', '', '', ''),
(2508, 'Mark Ian', 'Pico', '', '', ''),
(2509, 'Marivic', 'Ponce', '', '', ''),
(2510, 'Elvera', 'Pontejeros', '', '', ''),
(2511, 'Perfecto', 'Prudenciado', '', '', ''),
(2512, 'Catherine', 'Prudenciano', '', '', ''),
(2513, 'Novely', 'Quebral', '', '', ''),
(2514, 'Moises', 'Quilang', '', '', ''),
(2515, 'Reniel', 'Quinones', '', '', ''),
(2516, 'Janny', 'Quintos', '', '', ''),
(2517, 'Ryse', 'Renes', '', '', ''),
(2518, 'Kristine', 'Samillano', '', '', ''),
(2519, 'Rowena', 'Sanchez', '', '', ''),
(2520, 'Mirasol', 'Timbang', '', '', ''),
(2521, 'Eleanor', 'Valente', '', '', ''),
(2522, 'Relan', 'Viola', '', '', ''),
(2523, 'Christian Errol', 'Almira', '', '', ''),
(2524, 'Liezel', 'Benitez', '', '', ''),
(2525, 'Jocelyn', 'Velasco', '', '', ''),
(2526, 'Ofelia', 'Mutya', '', '', ''),
(2527, 'Ann Christine', 'Torallo', '', '', ''),
(2528, 'Santiago', 'Dela Cruz', '', '', ''),
(2529, 'Balbaro', 'Banda', '', '', ''),
(2530, 'Gil', 'Bunite', '', '', ''),
(2531, 'Rosario', 'Cason', '', '', ''),
(2532, 'Joanna Mae', 'Cruz', '', '', ''),
(2533, 'Maricenia', 'Donarber', '', '', ''),
(2534, 'Ruth', 'Lim', '', '', ''),
(2535, 'Patrick', 'Lopez', '', '', ''),
(2536, 'Dennis', 'Paredes', '', '', ''),
(2537, 'Grace', 'Perfinan', '', '', ''),
(2538, 'Adam', 'Vicencio', '', '', ''),
(2539, 'Ethelrida', 'Yuag', '', '', ''),
(2540, 'Maria Wendy', 'Alpapara', '', '', ''),
(2541, 'Dominador', 'Bringino Jr.', '', '', ''),
(2542, 'Rita', 'Caraan', '', '', ''),
(2543, 'Manolo', 'Cruz Jr.', '', '', ''),
(2544, 'Gloria', 'Del Mundo', '', '', ''),
(2545, 'Arturo', 'Din Jr.', '', '', ''),
(2546, 'Nickson', 'Duldulao', '', '', ''),
(2547, 'Crisanta', 'Enriquez', '', '', ''),
(2548, 'Bryan', 'Factuar', '', '', ''),
(2549, 'Ines Geraldine', 'Hicarte', '', '', ''),
(2550, 'Sarah', 'Ilejay', '', '', ''),
(2551, 'Ma. Kristine', 'Lopez', '', '', ''),
(2552, 'Relito', 'Mabbayad', '', '', ''),
(2553, 'Lovely Mae ', 'Manosca', '', '', ''),
(2554, 'Dioscora', 'Rivera', '', '', ''),
(2555, 'Jose Rodante', 'Sabayle', '', '', ''),
(2556, 'Julie Pearl', 'Velasco', '', '', ''),
(2557, 'Salve ', 'Zamora', '', '', ''),
(2558, 'Lucilyn', 'Aguado', '', '', ''),
(2559, 'Nestor', 'Baer', '', '', ''),
(2560, 'Johan', 'Caronongan', '', '', ''),
(2561, 'Milette', 'Detera', '', '', ''),
(2562, 'Merle', 'Geronimo', '', '', ''),
(2563, 'Dorielyn', 'Lazaraga', '', '', ''),
(2564, 'Michael', 'Marasigan', '', '', ''),
(2565, 'Regino', 'Raguirag', '', '', ''),
(2566, 'Alfredo', 'Santiago', '', '', ''),
(2567, 'Clarissa', 'Delos Reyes', '', '', ''),
(2568, 'Elena', 'Ignao', '', '', ''),
(2569, 'Edgardo', 'Magboo', '', '', ''),
(2570, 'Gilnore', 'Manabo', '', '', ''),
(2571, 'Rowena', 'Medina', '', '', ''),
(2572, 'Juliet', 'Miguel', '', '', ''),
(2573, 'Rowena', 'Pedrera', '', '', ''),
(2574, 'Jasmin', 'Rosario', '', '', ''),
(2575, 'Daisy', 'Sabanate', '', '', ''),
(2576, 'Rica ', 'San Buenaventura', '', '', ''),
(2577, 'Merly', 'Astronomo', '', '', ''),
(2578, 'Portia Joy', 'Cunanan', '', '', ''),
(2579, 'Janine', 'Dela Cruz', '', '', ''),
(2580, 'Leonid', 'Deza', '', '', ''),
(2581, 'Joy', 'Gallegos', '', '', ''),
(2582, 'Queenie Lois', 'Hicarte', '', '', ''),
(2583, 'Wilfredo', 'Lacatan', '', '', ''),
(2584, 'Cynthia', 'Lucidos', '', '', ''),
(2585, 'Geraldine', 'Mangalili', '', '', ''),
(2586, 'Jonalyn', 'Pagrad', '', '', ''),
(2587, 'Rhia', 'Revano', '', '', ''),
(2588, 'Donald', 'Zoleta', '', '', ''),
(2589, 'Merle', 'Geronimo', '', '', ''),
(2590, 'Alfredo', 'Santiago Jr.', '', '', ''),
(2591, 'Rafael', 'Robles', '', '', ''),
(2592, 'Regino', 'Raguirag', '', '', ''),
(2593, 'Michael', 'Marasigan', '', '', ''),
(2594, 'Johan', 'Caronongan', '', '', ''),
(2595, 'Rolita', 'Balasa', '', '', ''),
(2596, 'Ma. Amalia', 'Cachuela', '', '', ''),
(2597, 'Carmel', 'Noveda', '', '', ''),
(2598, 'Sheina', 'Torres', '', '', ''),
(2599, 'Haydee', 'Abela', '', '', ''),
(2600, 'Christian Errol', 'Almira', '', '', ''),
(2601, 'Florence', 'Barcena', '', '', ''),
(2602, 'Ana Kristine', 'Constantino', '', '', ''),
(2603, 'Rowell', 'Corpuz', '', '', ''),
(2604, 'Jobelle', 'Domingo', '', '', ''),
(2605, 'Marianne', 'Labarosa', '', '', ''),
(2606, 'Princess', 'Laurel', '', '', ''),
(2607, 'Shayne', 'Magno', '', '', ''),
(2608, 'Ramil', 'Monte De Ramos', '', '', ''),
(2609, 'Marie France ', 'Santos', '', '', ''),
(2610, 'Lemuel Japhet', 'Velarde', '', '', ''),
(2611, 'Ireneo', 'Sangil', '', '', ''),
(2612, 'Marife', 'Balasa', '', '', ''),
(2613, 'Clarissa', 'Mancenido', '', '', ''),
(2614, 'Artemio', 'Mercene', '', '', ''),
(2615, 'Rafael', 'Ortiz-luis', '', '', ''),
(2616, 'Rennie', 'Redulla', '', '', ''),
(2617, 'Meriam', 'Andres', '', '', ''),
(2618, 'Marivic', 'Bangalan', '', '', ''),
(2619, 'Jocelyn', 'Pedaria', '', '', ''),
(2620, 'Mabelle', 'Pelobello', '', '', ''),
(2621, 'Jocelyn', 'Sancha', '', '', ''),
(2622, 'Rechelda', 'Ababa', '', '', ''),
(2623, 'Sherwin', 'Boltron', '', '', ''),
(2624, 'Nelie', 'Cabog', '', '', ''),
(2625, 'Marvin', 'Erosa', '', '', ''),
(2626, 'Ma. Antoinette', 'Gonzales', '', '', ''),
(2627, 'Rodolfo', 'Orante', '', '', ''),
(2628, 'Royan', 'Mabborang', '', '', ''),
(2629, 'Rachel Ann', 'Pagsanjan', '', '', ''),
(2630, 'Janrie', 'Palacio', '', '', ''),
(2631, 'Leah', 'Rosales', '', '', ''),
(2632, 'Cecile', 'Soriaga', '', '', ''),
(2633, 'Elvin', 'Alampay', '', '', ''),
(2634, 'Leo', 'Concon', '', '', ''),
(2635, 'Carmelito', 'Delas Alas', '', '', ''),
(2636, 'Rico', 'Hermogenes', '', '', ''),
(2637, 'Irene', 'Luna', '', '', ''),
(2638, 'Aurea', 'Santidad', '', '', ''),
(2639, 'Fe', 'Vicencio', '', '', ''),
(2640, 'Rowena', 'Bernardino', '', '', ''),
(2641, 'Renato', 'Garcia', '', '', ''),
(2642, 'Juliet', 'Miguel', '', '', ''),
(2643, 'John Frederick', 'Navarro', '', '', ''),
(2644, 'Judith', 'Santos', '', '', ''),
(2645, 'Robin', 'Barte', '', '', ''),
(2646, 'Cirilo', 'Baterna Jr.', '', '', ''),
(2647, 'Michael', 'Bautista', '', '', ''),
(2648, 'Clyde', 'Belarmino', '', '', ''),
(2649, 'Mary Ann', 'Calompong', '', '', ''),
(2650, 'Rona', 'Consejero', '', '', ''),
(2651, 'Raquel', 'Cruz', '', '', ''),
(2652, 'Mary June', 'Davin', '', '', ''),
(2653, 'Josephine', 'Julio', '', '', ''),
(2654, 'Jeanette', 'Maglines', '', '', ''),
(2655, 'Ferdinand', 'Raymundo', '', '', ''),
(2656, 'Mark Gregory', 'Tenorio', '', '', ''),
(2657, 'Evelyn', 'Aseo', '', '', ''),
(2658, 'Danilo', 'Benitez', '', '', ''),
(2659, 'Santiago', 'Dela Cruz', '', '', ''),
(2660, 'Rhomelex', 'Gonzales', '', '', ''),
(2661, 'Ma. Linda Jennifer', 'Juan', '', '', ''),
(2662, 'Robert', 'Murphy Jr.', '', '', ''),
(2663, 'Joel', 'Puhawan', '', '', ''),
(2664, 'Johnel', 'Rosales', '', '', ''),
(2665, 'Alfonsa', 'Saligue', '', '', ''),
(2666, 'Sherry Ann', 'Aguilor', '', '', ''),
(2667, 'Mae', 'Agustin', '', '', ''),
(2668, 'Ma. Rosario', 'Bernardo', '', '', ''),
(2669, 'Ryan', 'Carandang', '', '', ''),
(2670, 'Noel', 'Elemos', '', '', ''),
(2671, 'Barbara', 'Gotengco', '', '', ''),
(2672, 'Catherine', 'Hernandez', '', '', ''),
(2673, 'Virginia', 'Lapulapu', '', '', ''),
(2674, 'Anthony', 'Laud', '', '', ''),
(2675, 'Ernesto', 'Pineda', '', '', ''),
(2676, 'Ma. Renita', 'Rosales', '', '', ''),
(2677, 'Marcial', 'Torallo', '', '', ''),
(2678, 'Arvin', 'Concepcion', '', '', ''),
(2679, 'Rommel', 'Gadaza', '', '', ''),
(2680, 'Jocebel', 'Cinco', '', '', ''),
(2681, 'Bylin', 'De Ramos', '', '', ''),
(2682, 'Rowena', 'Devela', '', '', ''),
(2683, 'Ma. Michelle', 'Manalo', '', '', ''),
(2684, 'Vivian', 'Paguio', '', '', ''),
(2685, 'Christopher', 'Rodillas', '', '', ''),
(2686, 'Emelita', 'Sampayo', '', '', ''),
(2687, 'Ann Kristine', 'Torallo', '', '', ''),
(2688, 'Eralyn', 'Atibagos', '', '', ''),
(2689, 'Jackilyn', 'Aparece', '', '', ''),
(2690, 'Liezel', 'Benitez', '', '', ''),
(2691, 'Grace', 'Diomampo', '', '', ''),
(2692, 'Jhonalyn', 'Evangelista', '', '', ''),
(2693, 'Elizabeth', 'Fajardo', '', '', ''),
(2694, 'Juvie', 'Munoz', '', '', ''),
(2695, 'Madelaine', 'Orias', '', '', ''),
(2696, 'Jay', 'Quiamco', '', '', ''),
(2697, 'Patty Rose', 'Platon', '', '', ''),
(2698, 'Romesee', 'Ramos', '', '', ''),
(2699, 'Herelyn', 'Rey', '', '', ''),
(2700, 'Maricel', 'Rivera', '', '', ''),
(2701, 'Michelle', 'Rodriguez', '', '', ''),
(2702, 'Charito', 'Tatoy', '', '', ''),
(2703, 'Mark', 'Yabut', '', '', ''),
(2704, 'Guenever', 'Manaog', '', '', ''),
(2705, 'Rolando', 'Cariaga', '', '', ''),
(2706, 'Harold', 'Cunada', '', '', ''),
(2707, 'Maribel', 'Dela Cruz', '', '', ''),
(2708, 'Natividad', 'Dimaya', '', '', ''),
(2709, 'Jessica', 'Pen', '', '', ''),
(2710, 'Lieunessa', 'Redulla', '', '', ''),
(2711, 'Kristine Diane', 'Agnas', '', '', ''),
(2712, 'Galilee', 'Antonio', '', '', ''),
(2713, 'Rona Christine', 'Araiz', '', '', ''),
(2714, 'Joden', 'Asturias', '', '', ''),
(2715, 'Raymundo', 'Baltonado', '', '', ''),
(2716, 'Jun Rafael', 'Castro', '', '', ''),
(2717, 'Efren', 'Dela Cruz Jr.', '', '', ''),
(2718, 'Rodelyn', 'Guradillo', '', '', ''),
(2719, 'Ma. Cristita', 'Madrigal', '', '', ''),
(2720, 'Rosalina', 'Manuel', '', '', ''),
(2721, 'Juan Carlos', 'Mariano', '', '', ''),
(2722, 'Winniefer', 'Mencias', '', '', ''),
(2723, 'Emafel', 'Nollora', '', '', ''),
(2724, 'Janet', 'Pabilan', '', '', ''),
(2725, 'Jennifer', 'Peronilla', '', '', ''),
(2726, 'Madonna', 'Puda', '', '', ''),
(2727, 'Kemberly', 'Rivero', '', '', ''),
(2728, 'Crisanta', 'Saavedra', '', '', ''),
(2729, 'Lylanie', 'Majano', '', '', ''),
(2730, 'Marjorie', 'Mijares', '', '', ''),
(2731, 'Charito', 'Nino', '', '', ''),
(2732, 'Jocelyn', 'Sanchez', '', '', ''),
(2733, 'Alvin', 'Requillo', '', '', ''),
(2734, 'Florante', 'Punzalan', '', '', ''),
(2735, 'Virginia', 'Alagon', '', '', ''),
(2736, 'Mary Jane', 'Baricanosa', '', '', ''),
(2737, 'Leah', 'Bayona', '', '', ''),
(2738, 'Randy', 'Cascayan', '', '', ''),
(2739, 'Nyda', 'Floren', '', '', ''),
(2740, 'Gloria', 'Garvez', '', '', ''),
(2741, 'Mary Ann', 'Magtaan', '', '', ''),
(2742, 'Cheraquel', 'Abanto', '', '', ''),
(2743, 'Irvin', 'Bernal', '', '', ''),
(2744, 'Isaac', 'Cabaltica', '', '', ''),
(2745, 'Percival', 'Fano Jr.', '', '', ''),
(2746, 'Rodolfo', 'Lim', '', '', ''),
(2747, 'Ma. Nimfa', 'Magbanua', '', '', ''),
(2748, 'Mary Rose', 'Martin', '', '', ''),
(2749, 'Alvin', 'Matic', '', '', ''),
(2750, 'Lawrence', 'Panes', '', '', ''),
(2751, 'Jocelyn', 'Velasco', '', '', ''),
(2752, 'Grace', 'Zuniga', '', '', ''),
(2753, 'Rhona', 'Alejandro', '', '', ''),
(2754, 'Rafael', 'Cura', '', '', ''),
(2755, 'Jupiter', 'Fuentes', '', '', ''),
(2756, 'Ferdinand', 'Guevara', '', '', ''),
(2757, 'Francisco', 'Legaspi Jr.', '', '', ''),
(2758, 'Alberto', 'Maglines', '', '', ''),
(2759, 'Manuel', 'Molina', '', '', ''),
(2760, 'James', 'Peralta', '', '', ''),
(2761, 'Nestor', 'Real', '', '', ''),
(2762, 'Renato', 'Alejandro', '', '', ''),
(2763, 'Bernadette', 'Alfonso', '', '', ''),
(2764, 'Jhoan', 'Cabal', '', '', ''),
(2765, 'Jean', 'Casana', '', '', ''),
(2766, 'Marion', 'Castro', '', '', ''),
(2767, 'Cheryl', 'Damian', '', '', ''),
(2768, 'Ma. Antonette', 'De Jesus', '', '', ''),
(2769, 'Bryan', 'Factuar', '', '', ''),
(2770, 'Resie', 'Lagoc', '', '', ''),
(2771, 'Jesil', 'Lobos', '', '', ''),
(2772, 'Josephine', 'Mesina', '', '', ''),
(2773, 'Marie', 'Milan', '', '', ''),
(2774, 'Margaret', 'Palacio', '', '', ''),
(2775, 'Kathyrene', 'Perez', '', '', ''),
(2776, 'Carlos', 'Reyes', '', '', ''),
(2777, 'Candelaria', 'Romulo', '', '', ''),
(2778, 'Roudolf', 'Sison', '', '', ''),
(2779, 'Lucilyn', 'Aguado', '', '', ''),
(2780, 'Nestor', 'Baer', '', '', ''),
(2781, 'Delfina', 'Bautista', '', '', ''),
(2782, 'Milette', 'Detera', '', '', ''),
(2783, 'Rosalyn', 'Fuentes', '', '', ''),
(2784, 'Dorielyn', 'Lazaraga', '', '', ''),
(2785, 'Peter', 'Sabsalon', '', '', ''),
(2786, 'Emmanuel', 'Salinas', '', '', ''),
(2787, 'Alexis', 'Talan', '', '', ''),
(2788, 'Limuel', 'Tordecilla', '', '', ''),
(2789, 'Lailaine', 'Aganon', '', '', ''),
(2790, 'Ella', 'Jatulan', '', '', ''),
(2791, 'King', 'Laconico', '', '', ''),
(2792, 'Rowelito', 'Lumbres', '', '', ''),
(2793, 'Lea', 'Medina', '', '', ''),
(2794, 'Christopher', 'Molina', '', '', ''),
(2795, 'Norberta', 'Panganiban', '', '', ''),
(2796, 'Chrismar', 'Unabia', '', '', ''),
(2797, 'Alec Martin', 'Alsisto', '', '', ''),
(2798, 'Aubrey Jennifer', 'Capio', '', '', ''),
(2799, 'Jogen', 'Chavez', '', '', ''),
(2800, 'Jonilo', 'De Juan', '', '', ''),
(2801, 'Ronneth', 'Dela Rosa', '', '', ''),
(2802, 'Arlene', 'Dimarucut', '', '', ''),
(2803, 'Ma. Jennilyn', 'Diwa', '', '', ''),
(2804, 'Arvin', 'Doctore', '', '', ''),
(2805, 'Buenafe', 'Garces', '', '', ''),
(2806, 'Shiela Rose', 'Peres', '', '', ''),
(2807, 'Maita', 'Alejandro', '', '', ''),
(2808, 'John Jay', 'Aoyang', '', '', ''),
(2809, 'Noel', 'Flores', '', '', ''),
(2810, 'Albert', 'Hatosa', '', '', ''),
(2811, 'Ines', 'Patricio', '', '', ''),
(2812, 'Perpetua', 'Pielago', '', '', ''),
(2813, 'John Philip', 'Santos', '', '', ''),
(2814, 'Ricardo', 'Angeles', '', '', ''),
(2815, 'Fe', 'Bandong', '', '', ''),
(2816, 'Rogelio', 'Bascug', '', '', ''),
(2817, 'Allan', 'Bautista', '', '', ''),
(2818, 'Edwin', 'Carandang', '', '', ''),
(2819, 'Ariel', 'Napoles', '', '', ''),
(2820, 'Rehganne', 'Padilla', '', '', ''),
(2821, 'Norilyn', 'Santidad', '', '', ''),
(2822, 'Paul', 'Selpa', '', '', ''),
(2823, 'Aristotle', 'Sumaria', '', '', ''),
(2824, 'Lea', 'Abiera', '', '', ''),
(2825, 'James', 'Acosta', '', '', ''),
(2826, 'Christine', 'Amper', '', '', ''),
(2827, 'Ronelyn', 'Barbacena', '', '', ''),
(2828, 'Reynita', 'Dorego', '', '', ''),
(2829, 'Cristina', 'Doria', '', '', ''),
(2830, 'Jennifer', 'Gratuito', '', '', ''),
(2831, 'Helen', 'Lanzar', '', '', ''),
(2832, 'Ofelia', 'Mutya', '', '', ''),
(2833, 'Joy Ann', 'Panganiban', '', '', ''),
(2834, 'Christopher', 'Pineda', '', '', ''),
(2835, 'Jane Maurice', 'Ramos', '', '', ''),
(2836, 'Michael', 'Robles', '', '', ''),
(2837, 'Jennifer', 'Rondina', '', '', ''),
(2838, 'Elena', 'Condino', '', '', ''),
(2839, 'Renalie', 'Cruz', '', '', ''),
(2840, 'Melvyn', 'Nino', '', '', ''),
(2841, 'Sherwin', 'Santos', '', '', ''),
(2842, 'Johna', 'Sudario', '', '', ''),
(2843, 'Melinda', 'Toledo', '', '', ''),
(2844, 'Lorna', 'Antonio', '', '', ''),
(2845, 'Gina', 'Hagonoy', '', '', ''),
(2846, 'Jhoan', 'Obog', '', '', ''),
(2847, 'Cyril', 'Pastor', '', '', ''),
(2848, 'Mario', 'Rivera', '', '', ''),
(2849, 'Ma. Gracia', 'Sison', '', '', ''),
(2850, 'Maritess', 'Ambrocio', '', '', ''),
(2851, 'Eloisa ', 'Bunite', '', '', ''),
(2852, 'Roberto', 'Cruz', '', '', ''),
(2853, 'Alicia', 'Dimaano', '', '', ''),
(2854, 'Mark Gil', 'Garon', '', '', ''),
(2855, 'Janet', 'Lebig', '', '', ''),
(2856, 'Elibeth', 'Lopena', '', '', ''),
(2857, 'Henrich', 'Lopena', '', '', ''),
(2858, 'Alexa', 'Obico', '', '', ''),
(2859, 'Sherlyn', 'Paguia', '', '', ''),
(2860, 'Sherry Marie', 'Rangel', '', '', ''),
(2861, 'Cristita', 'Reyes', '', '', ''),
(2862, 'Dante', 'Senora', '', '', ''),
(2863, 'Jesus Ariel ', 'Sta. Ana', '', '', ''),
(2864, 'Merriam', 'Avila', '', '', ''),
(2865, 'Allan', 'Bas', '', '', ''),
(2866, 'Ericson', 'Bautista', '', '', ''),
(2867, 'Rosemarie', 'Bernal', '', '', ''),
(2868, 'Rowena', 'Casidsid', '', '', ''),
(2869, 'Christopher', 'De Lara', '', '', ''),
(2870, 'Zandra', 'Delos Reyes', '', '', ''),
(2871, 'Raquel', 'Dacillo', '', '', ''),
(2872, 'Arnel', 'Gravador', '', '', ''),
(2873, 'Girlie', 'Gumia', '', '', ''),
(2874, 'Daisy', 'Holampong', '', '', ''),
(2875, 'Jonalyn', 'Linatoc', '', '', ''),
(2876, 'Jaime', 'Portillano', '', '', ''),
(2877, 'Rodolfo', 'Ramirez', '', '', ''),
(2878, 'Mary Jane', 'Rubia', '', '', ''),
(2879, 'Criselda', 'Saludar', '', '', ''),
(2880, 'Rossana', 'Saman', '', '', ''),
(2881, 'Alfonso', 'Boquiren', '', '', ''),
(2882, 'Rachel', 'Macas', '', '', ''),
(2883, 'Raymond', 'Nival', '', '', ''),
(2884, 'Ariel', 'Peronilla', '', '', ''),
(2885, 'Mario', 'Rivera', '', '', ''),
(2886, 'Richard ', 'Gatchalian', '', '', ''),
(2887, 'Roderick', 'Abad', '', '', 'C.'),
(2888, 'Daniel', 'S.', '', '', 'Arollado'),
(2889, 'Ariel', 'C. ', '', '', 'Nalica'),
(2890, 'Norly', 'Magana Jr.', '', '', 'A.'),
(2891, 'Jean', 'Apacible', '', '', ''),
(2892, 'Raymond', 'Nival', '', '', ''),
(2893, 'Jasmin', 'Rosario', '', '', ''),
(2894, 'Maria Aurora', 'Barrete', '', '', ''),
(2895, 'Marissa', 'Pascua', '', '', ''),
(2896, 'Jennifer Aubrey', 'Capio', '', '', ''),
(2897, 'Arlene', 'Dimarucut', '', '', ''),
(2898, 'Guenever', 'Manaog', '', '', ''),
(2899, 'Graziela', 'Santos', '', '', ''),
(2900, 'Emma', 'Morales', '', '', ''),
(2901, 'Claro', 'Martin Jr.', '', '', ''),
(2902, 'Clarissa', 'Mancenido', '', '', ''),
(2903, 'Jane', 'Abiera', '', '', ''),
(2904, 'Marife', 'Balasbas', '', '', ''),
(2905, 'Oscar', 'Bongon', '', '', ''),
(2906, 'John Jay', 'Aoyang', '', '', ''),
(2907, 'Crisanto', 'Agcaoili', '', '', 'D.'),
(2908, 'Allynne Mae', 'Apeda', '', '', 'M.'),
(2909, 'Michael', 'Avellana', '', '', 'A.'),
(2910, 'Marianne', 'Bangolan', '', '', 'M.'),
(2911, 'Leslie Anne', 'Cabrales', '', '', 'B.'),
(2912, 'Gerard', 'Calivara', '', '', 'B.'),
(2913, 'Sannelyn', 'Dellosa', '', '', 'J.'),
(2914, 'Abigail', 'Dumalag', '', '', 'S.'),
(2915, 'Maria Claudeth', 'Ignacio', '', '', 'N.'),
(2916, 'Yancy Ruffa', 'Mangahas', '', '', 'D.'),
(2917, 'Monally', 'Noga', '', '', 'D.'),
(2918, 'Emy Rose', 'Pacheco', '', '', 'B.'),
(2919, 'Rachel', 'Pornasdoro', '', '', 'V.'),
(2920, 'Evelyn', 'Aseo', '', '', 'B.'),
(2921, 'Danilo', 'Benitez', '', '', 'B.'),
(2922, 'Randy', 'Cascayan', '', '', 'F.'),
(2923, 'Maria Linda Jennifer', 'Juan', '', '', 'S.'),
(2924, 'Gilnore', 'Manabo', '', '', 'M.'),
(2925, 'Rowena', 'Medina', '', '', 'V.'),
(2926, 'Francisco Joel', 'Puhawan', '', '', 'Jr.'),
(2927, 'Rosario', 'Jasmin', '', '', 'A.'),
(2928, 'Daisy', 'Sabanate', '', '', 'L.'),
(2929, 'Alfonsa', 'Saligue', '', '', 'M.'),
(2930, 'Aristotle', 'Sumaria', '', '', 'S.'),
(2931, 'Maria Amalia', 'Cachuela', '', '', 'P.'),
(2932, 'Jonilo', 'De Juan', '', '', 'L.'),
(2933, 'Ma. Michelle', 'Manalo', '', '', 'L.'),
(2934, 'Lea', 'Medina', '', '', 'F.'),
(2935, 'Christopher', 'Molina', '', '', 'G.'),
(2936, 'Carmela', 'Noveda', '', '', 'B.'),
(2937, 'Vivian', 'Paguio', '', '', 'A.'),
(2938, 'Maricel', 'Rivera', '', '', 'R.'),
(2939, 'Chrismar', 'Unabia', '', '', 'B.'),
(2940, 'Meriam', 'Andres', '', '', 'L.'),
(2941, 'Mary Vi', 'Bangalan', '', '', 'P.'),
(2942, 'Harold', 'Cunada', '', '', 'V.'),
(2943, 'Maribel', 'Dela Cruz', '', '', 'L.'),
(2944, 'Natividad', 'Dimaya', '', '', 'O.'),
(2945, 'Jocelyn', 'Pedaria', '', '', 'L.'),
(2946, 'Mabelle', 'Pelobello', '', '', 'P.'),
(2947, 'Lieunessa', 'Redulla', '', '', 'O.'),
(2948, 'Jocelyn', 'Sancha', '', '', 'B.'),
(2949, 'Fe', 'Bandong ', '', '', 'S.'),
(2950, 'Rogelio', 'Bascug Jr.', '', '', 'M.'),
(2951, 'Allan', 'Bautista', '', '', 'L.'),
(2952, 'Alfonso', 'Boquerin Jr.', '', '', 'B.'),
(2953, 'Edwin', 'Carandang', '', '', 'T.'),
(2954, 'Ariel', 'Napoles', '', '', 'M.'),
(2955, 'Rehganne', 'Padilla', '', '', 'S.'),
(2956, 'Ariel', 'Peronilla', '', '', 'D.'),
(2957, 'Norilyn', 'Santidad', '', '', 'G.'),
(2958, 'Lorna', 'Antonio', '', '', 'L.'),
(2959, 'Gina', 'Hagonoy', '', '', 'E.'),
(2960, 'Rachel', 'Macas', '', '', 'G.'),
(2961, 'Raymond', 'Nival', '', '', 'P.'),
(2962, 'Jhoan', 'Obog', '', '', 'H.'),
(2963, 'Norberta', 'Panganiban', '', '', 'C.'),
(2964, 'Cyril', 'Pastor', '', '', 'A.'),
(2965, 'Mario', 'Rivera Jr.', '', '', 'P.'),
(2966, 'Maria Gracia', 'Sison', '', '', 'A.'),
(2967, 'Virginia', 'Alagon', '', '', 'P.'),
(2968, 'Mary Jane', 'Baricanosa', '', '', 'S.'),
(2969, 'Leah', 'Bayona', '', '', 'S.'),
(2970, 'Rowena', 'Bernardino', '', '', 'A.'),
(2971, 'Nyda', 'Floren', '', '', 'D.'),
(2972, 'Renato', 'Garcia', '', '', 'S.'),
(2973, 'Gloria', 'Garvez', '', '', 'D.'),
(2974, 'Mary Ann', 'Magtaan', '', '', 'C.'),
(2975, 'Juliet', 'Miguel', '', '', 'C.'),
(2976, 'John Frederick', 'Navarro', '', '', 'A.'),
(2977, 'Judith ', 'Santos', '', '', 'C.'),
(2978, 'Clarissa ', 'Delos Reyes', '', '', 'A.'),
(2979, 'Rhomelex', 'Gonzales', '', '', 'L.'),
(2980, 'Paulin', 'Hernandez', '', '', 'M.'),
(2981, 'Edgardo', 'Magboo', '', '', 'C.'),
(2982, 'Julieta', 'Mercene', '', '', 'M.'),
(2983, 'Robert', 'Murphy Jr.', '', '', 'M.'),
(2984, 'Rowena', 'Pedrera', '', '', 'L.'),
(2985, 'Jessica', 'Pen', '', '', 'B.'),
(2986, 'Johnel', 'Rosales', '', '', 'L.'),
(2987, 'Rica', 'San Buenaventura', '', '', 'B.'),
(2988, 'Lailanie', 'Aganon', '', '', 'A.'),
(2989, 'Renato', 'Alejandro', '', '', 'P.'),
(2990, 'Rolita', 'Balasa', '', '', 'E.'),
(2991, 'Maria Bylin', 'De Ramos', '', '', 'DL.'),
(2992, 'Ella', 'Jatulan', '', '', 'T.'),
(2993, 'King ', 'Laconico', '', '', 'R.'),
(2994, 'Rowel Lito', 'Lumbres', '', '', 'M.'),
(2995, 'Emelita', 'Sampayo', '', '', 'G.'),
(2996, 'Donald', 'Trump', '', '', 'J');

-- --------------------------------------------------------

--
-- Table structure for table `trainer_class`
--

CREATE TABLE IF NOT EXISTS `trainer_class` (
  `id` int(10) unsigned NOT NULL AUTO_INCREMENT,
  `event_id` varchar(45) NOT NULL,
  `trainer_id` varchar(45) NOT NULL,
  PRIMARY KEY (`id`)
) ENGINE=InnoDB  DEFAULT CHARSET=latin1 AUTO_INCREMENT=583 ;

--
-- Dumping data for table `trainer_class`
--

INSERT INTO `trainer_class` (`id`, `event_id`, `trainer_id`) VALUES
(3, '3', ''),
(4, '4', ''),
(5, '5', ''),
(6, '6', ''),
(12, '12', ''),
(16, '16', '2'),
(21, '20', ''),
(23, '22', ''),
(55, '33', ''),
(56, '34', ''),
(106, '30', '1'),
(107, '30', '3'),
(112, '37', ''),
(114, '35', ''),
(115, '38', ''),
(116, '39', ''),
(118, '41', ''),
(119, '42', ''),
(127, '47', ''),
(131, '51', ''),
(136, '56', ''),
(138, '58', ''),
(146, '66', ''),
(149, '69', ''),
(150, '70', ''),
(151, '71', ''),
(152, '72', ''),
(153, '73', ''),
(154, '74', ''),
(155, '75', ''),
(156, '76', ''),
(157, '77', ''),
(158, '78', ''),
(170, '90', ''),
(171, '91', ''),
(172, '92', ''),
(173, '93', ''),
(174, '94', ''),
(175, '95', ''),
(177, '97', ''),
(178, '98', ''),
(179, '99', ''),
(185, '105', ''),
(186, '106', ''),
(189, '109', ''),
(190, '110', ''),
(191, '111', ''),
(195, '115', ''),
(196, '116', ''),
(199, '89', '2'),
(200, '117', '2'),
(201, '118', '6'),
(202, '118', '3'),
(203, '119', '1'),
(215, '62', ''),
(218, '50', ''),
(220, '52', ''),
(226, '64', ''),
(227, '67', ''),
(237, '131', '3'),
(238, '131', '1'),
(239, '141', '1'),
(240, '141', '2'),
(241, '141', '4'),
(242, '141', '3'),
(243, '142', '1'),
(244, '142', '2'),
(247, '144', '1'),
(248, '144', '4'),
(249, '145', '1'),
(250, '145', '4'),
(251, '146', '1'),
(252, '146', '4'),
(253, '146', '3'),
(254, '155', '3'),
(261, '84', ''),
(262, '84', '1'),
(263, '84', '2'),
(264, '87', ''),
(265, '87', '1'),
(266, '87', '2'),
(267, '85', ''),
(268, '85', '1'),
(269, '85', '2'),
(270, '86', ''),
(271, '86', '1'),
(272, '86', '2'),
(273, '88', '2'),
(275, '107', ''),
(276, '156', '1'),
(277, '156', '2'),
(278, '157', '1'),
(279, '157', '2'),
(280, '158', '1'),
(281, '158', '2'),
(282, '159', '1'),
(283, '159', '2'),
(284, '160', '1'),
(285, '160', '2'),
(286, '161', '1'),
(287, '161', '2'),
(288, '162', '1'),
(289, '162', '2'),
(290, '163', '1'),
(291, '163', '2'),
(292, '164', '1'),
(293, '164', '2'),
(294, '165', '1'),
(295, '165', '2'),
(296, '166', '1'),
(297, '166', '2'),
(309, '43', '6'),
(310, '43', '7'),
(311, '167', '1'),
(312, '167', '2'),
(313, '49', ''),
(315, '53', ''),
(316, '55', ''),
(317, '59', ''),
(318, '60', ''),
(319, '61', ''),
(320, '63', ''),
(321, '65', ''),
(322, '68', ''),
(323, '68', '1'),
(324, '68', '4'),
(325, '68', '3'),
(329, '57', ''),
(330, '140', '1'),
(331, '140', '2'),
(332, '140', '4'),
(333, '140', '3'),
(334, '168', '1'),
(335, '168', '2'),
(336, '169', '1'),
(337, '169', '2'),
(338, '170', '1'),
(339, '170', '2'),
(340, '171', '1'),
(341, '171', '2'),
(342, '172', '1'),
(343, '172', '2'),
(344, '173', '1'),
(345, '173', '2'),
(346, '100', ''),
(347, '100', '1'),
(348, '100', '2'),
(349, '181', '1'),
(350, '181', '2'),
(351, '181', '4'),
(352, '182', '4'),
(353, '182', '5'),
(354, '183', '4'),
(355, '183', '2'),
(356, '184', '1'),
(357, '184', '2'),
(358, '184', '4'),
(359, '184', '3'),
(360, '185', '4'),
(361, '185', '5'),
(362, '186', '1'),
(363, '186', '2'),
(364, '187', '4'),
(365, '187', '5'),
(366, '188', '4'),
(367, '188', '5'),
(368, '189', '1'),
(369, '189', '2'),
(370, '190', '2'),
(371, '191', '3'),
(372, '192', '3'),
(373, '193', '3'),
(374, '194', '3'),
(375, '195', '3'),
(378, '196', '1'),
(379, '196', '2'),
(381, '197', '3'),
(382, '198', '3'),
(383, '199', '3'),
(384, '200', '1'),
(385, '200', '2'),
(386, '201', '3'),
(387, '202', '1'),
(388, '202', '2'),
(389, '203', '3'),
(391, '101', ''),
(392, '102', ''),
(393, '103', ''),
(394, '104', ''),
(395, '204', '3'),
(396, '205', '3'),
(398, '206', '3'),
(399, '207', '1'),
(400, '207', '2'),
(401, '207', '3'),
(402, '208', '3'),
(403, '209', '3'),
(404, '210', '3'),
(405, '211', '3'),
(406, '212', '3'),
(407, '213', '3'),
(408, '214', '3'),
(409, '215', '3'),
(410, '216', '3'),
(411, '217', '3'),
(413, '218', '3'),
(414, '219', '3'),
(415, '220', '3'),
(416, '221', '3'),
(417, '222', '3'),
(418, '223', '3'),
(419, '224', '3'),
(420, '225', '3'),
(421, '226', '3'),
(422, '227', '3'),
(423, '228', '3'),
(424, '229', '3'),
(425, '230', '3'),
(426, '231', '3'),
(427, '232', '3'),
(428, '232', '1'),
(429, '233', '3'),
(430, '233', '1'),
(431, '233', '2'),
(432, '234', '2'),
(433, '234', '3'),
(434, '234', '1'),
(435, '235', '2'),
(436, '235', '1'),
(437, '235', '3'),
(438, '236', '2'),
(439, '237', '2'),
(441, '238', '2'),
(442, '239', '2'),
(443, '240', '2'),
(444, '241', '2'),
(445, '242', '2'),
(446, '243', '2'),
(447, '244', '8'),
(448, '244', '5'),
(449, '245', '8'),
(450, '245', '5'),
(451, '246', '8'),
(452, '246', '5'),
(453, '247', '8'),
(454, '247', '5'),
(455, '248', '8'),
(456, '248', '5'),
(457, '249', '8'),
(458, '249', '5'),
(459, '250', '8'),
(460, '250', '5'),
(461, '251', '8'),
(462, '251', '5'),
(465, '253', '2'),
(466, '253', '1'),
(467, '254', '2'),
(468, '254', '1'),
(469, '255', '2'),
(470, '255', '1'),
(471, '256', '2'),
(472, '256', '1'),
(473, '257', '3'),
(474, '257', '1'),
(475, '258', '2'),
(476, '258', '1'),
(477, '259', '2'),
(478, '259', '1'),
(479, '260', '2'),
(480, '260', '1'),
(481, '261', '2'),
(482, '261', '1'),
(483, '262', '2'),
(484, '262', '1'),
(485, '263', '2'),
(486, '263', '1'),
(487, '264', '2'),
(488, '264', '1'),
(489, '265', '2'),
(490, '265', '1'),
(491, '266', '2'),
(492, '266', '1'),
(493, '96', ''),
(494, '252', '2'),
(495, '252', '1'),
(497, '46', ''),
(498, '267', '3'),
(499, '268', '3'),
(500, '269', '3'),
(501, '270', '3'),
(502, '271', '3'),
(503, '272', '3'),
(504, '273', '3'),
(505, '274', '3'),
(506, '275', '3'),
(507, '276', '3'),
(508, '277', '3'),
(509, '278', '3'),
(511, '279', '3'),
(512, '280', '3'),
(513, '281', '3'),
(514, '282', '3'),
(515, '283', '1'),
(516, '283', '1'),
(517, '284', '2'),
(518, '284', '1'),
(519, '285', '2'),
(520, '285', '1'),
(521, '286', '2'),
(522, '286', '1'),
(523, '287', '2'),
(524, '287', '1'),
(525, '288', '2'),
(526, '288', '1'),
(527, '289', '2'),
(528, '289', '1'),
(529, '290', '2'),
(530, '290', '1'),
(531, '291', '2'),
(532, '291', '1'),
(533, '292', '2'),
(534, '292', '1'),
(535, '295', '2'),
(536, '296', '2'),
(537, '297', '2'),
(538, '298', '2'),
(539, '299', '2'),
(540, '300', '2'),
(541, '301', '2'),
(542, '302', '2'),
(543, '303', '2'),
(544, '303', '1'),
(545, '303', '4'),
(546, '304', '3'),
(547, '305', '2'),
(548, '305', '1'),
(549, '305', '3'),
(550, '306', '1'),
(551, '306', '3'),
(552, '306', '4'),
(553, '307', '3'),
(554, '308', '3'),
(555, '309', '3'),
(556, '310', '3'),
(557, '311', '3'),
(558, '312', '3'),
(559, '313', '3'),
(560, '314', '3'),
(561, '315', '3'),
(562, '316', '3'),
(563, '317', '3'),
(564, '318', '3'),
(565, '319', '3'),
(566, '320', '3'),
(567, '321', '2'),
(568, '321', '1'),
(569, '322', '2'),
(570, '322', '1'),
(571, '323', '2'),
(572, '323', '1'),
(573, '323', '4'),
(574, '325', '3'),
(575, '326', '3'),
(576, '327', '3'),
(577, '328', '3'),
(578, '329', '3'),
(579, '330', '3'),
(580, '331', '3'),
(581, '332', '3'),
(582, '333', '3');

-- --------------------------------------------------------

--
-- Table structure for table `trainer_list`
--

CREATE TABLE IF NOT EXISTS `trainer_list` (
  `id` int(10) unsigned NOT NULL AUTO_INCREMENT,
  `firstName` varchar(450) NOT NULL,
  `lastName` varchar(450) NOT NULL,
  `position` varchar(450) NOT NULL,
  `midInitial` varchar(45) DEFAULT NULL,
  PRIMARY KEY (`id`)
) ENGINE=InnoDB  DEFAULT CHARSET=latin1 AUTO_INCREMENT=13 ;

--
-- Dumping data for table `trainer_list`
--

INSERT INTO `trainer_list` (`id`, `firstName`, `lastName`, `position`, `midInitial`) VALUES
(1, 'Luis, Jr.', 'Saman ', 'Supervising TDO', 'A.'),
(2, 'Gary Kenneth', 'Alpapara', 'Senior TDO', 'H.'),
(3, 'Graziela', 'Santos', 'Senior TDO', NULL),
(4, 'Jun', 'Martin', 'Senior TDO', NULL),
(5, 'Patrick Simon', 'Silva', 'Computer Programmer III', NULL),
(6, 'Marvin', 'Nalica', 'STDO', NULL),
(7, 'Micheal', 'Malvar', 'SupervisingTDO', NULL),
(8, 'Anna Lee', 'Ornedo', 'Computer Programmer III', NULL),
(10, 'Barack', 'Obama', 'ex-President', 'H'),
(12, 'Jeck', 'Pilpil', 'Reggae Singer / Supervillain', 'A');

-- --------------------------------------------------------

--
-- Table structure for table `training_coverage`
--

CREATE TABLE IF NOT EXISTS `training_coverage` (
  `id` int(10) unsigned NOT NULL AUTO_INCREMENT,
  `training_program` varchar(45) NOT NULL,
  `coverage_id` varchar(45) NOT NULL,
  PRIMARY KEY (`id`)
) ENGINE=InnoDB  DEFAULT CHARSET=latin1 AUTO_INCREMENT=73 ;

--
-- Dumping data for table `training_coverage`
--

INSERT INTO `training_coverage` (`id`, `training_program`, `coverage_id`) VALUES
(1, '8', '1'),
(2, '9', '1'),
(3, '10', '1'),
(4, '11', '1'),
(5, '12', '1'),
(6, '13', '1'),
(10, '17', '1'),
(11, '18', '1'),
(12, '19', '1'),
(13, '5', '1'),
(14, '16', '1'),
(15, '16', '2'),
(16, '16', '3'),
(17, '16', '4'),
(18, '16', '5'),
(19, '16', '6'),
(20, '16', '7'),
(21, '16', '8'),
(22, '16', '9'),
(23, '14', '1'),
(24, '20', '1'),
(25, '21', '1'),
(26, '22', '1'),
(27, '15', '1'),
(29, '23', '10'),
(30, '24', '10'),
(31, '25', '11'),
(32, '26', '2'),
(33, '26', '1'),
(34, '27', '12'),
(35, '28', '1'),
(36, '29', '12'),
(37, '30', '12'),
(38, '31', '1'),
(44, '1', '1'),
(45, '32', '1'),
(46, '33', '3'),
(47, '33', '13'),
(48, '34', '14'),
(49, '35', '1'),
(50, '36', '1'),
(51, '37', '1'),
(52, '38', '1'),
(53, '39', '1'),
(54, '40', '1'),
(55, '41', '1'),
(56, '42', '1'),
(57, '43', '1'),
(58, '44', '1'),
(59, '45', '1'),
(60, '46', '1'),
(61, '47', '1'),
(62, '48', '1'),
(63, '49', '1'),
(64, '50', '1'),
(65, '51', '1'),
(66, '52', '1'),
(67, '53', '1'),
(68, '54', '1'),
(69, '55', '1'),
(70, '56', '1'),
(71, '57', '1'),
(72, '58', '1');

-- --------------------------------------------------------

--
-- Table structure for table `training_events`
--

CREATE TABLE IF NOT EXISTS `training_events` (
  `id` int(10) unsigned NOT NULL AUTO_INCREMENT,
  `training_program_id` int(10) unsigned NOT NULL,
  `batch_number` varchar(100) NOT NULL,
  `start_date` datetime NOT NULL,
  `end_date` datetime NOT NULL,
  `trainer_id` varchar(45) DEFAULT NULL,
  `no_of_days` varchar(50) DEFAULT NULL,
  PRIMARY KEY (`id`)
) ENGINE=InnoDB  DEFAULT CHARSET=latin1 ROW_FORMAT=DYNAMIC AUTO_INCREMENT=334 ;

--
-- Dumping data for table `training_events`
--

INSERT INTO `training_events` (`id`, `training_program_id`, `batch_number`, `start_date`, `end_date`, `trainer_id`, `no_of_days`) VALUES
(30, 10, '8', '2012-01-16 08:30:00', '2012-01-25 08:30:00', NULL, '8'),
(35, 32, '6', '2010-08-10 08:30:00', '2010-08-11 08:30:00', NULL, '2'),
(37, 0, '7', '2010-09-29 08:30:00', '2010-09-30 08:30:00', NULL, '2'),
(38, 32, '7', '2010-09-29 08:30:00', '2010-09-30 08:30:00', NULL, '1'),
(39, 32, '8', '2010-10-21 08:30:00', '2010-10-22 08:30:00', NULL, '2'),
(41, 32, '9', '2011-02-21 08:30:00', '2011-02-22 08:30:00', NULL, '2'),
(42, 32, '10', '2011-03-21 08:30:00', '2011-03-22 08:30:00', NULL, '2'),
(43, 31, '3', '2000-01-24 08:30:00', '2000-02-11 08:30:00', NULL, '35'),
(46, 18, '3', '2000-01-24 08:30:00', '2000-02-11 08:30:00', NULL, '8'),
(47, 0, '4', '2000-07-07 08:30:00', '2000-07-21 08:30:00', NULL, '8'),
(48, 31, '6', '2000-12-07 08:30:00', '2000-12-19 08:30:00', NULL, '13'),
(49, 31, '7', '2000-08-07 08:30:00', '2000-11-24 08:30:00', NULL, '18'),
(51, 31, '8', '0000-00-00 00:00:00', '0000-00-00 00:00:00', NULL, ''),
(52, 31, '9', '2001-03-05 08:30:00', '2001-03-23 08:30:00', NULL, '18'),
(53, 31, '10', '2002-02-11 08:30:00', '2002-03-08 08:30:00', NULL, '26'),
(55, 31, '11', '2002-05-08 08:30:00', '2002-05-28 08:30:00', NULL, '20'),
(56, 31, '12', '0000-00-00 00:00:00', '0000-00-00 00:00:00', NULL, ''),
(57, 31, '13', '2003-08-11 08:30:00', '2003-09-02 08:30:00', NULL, '22'),
(58, 31, '14', '2004-03-01 08:30:00', '2004-03-15 08:30:00', NULL, '15'),
(59, 31, '15', '2004-06-04 08:30:00', '2004-07-09 08:30:00', NULL, '35'),
(60, 31, '16', '2005-07-11 08:30:00', '2005-07-29 08:30:00', NULL, '18'),
(61, 31, '17', '2006-08-14 08:30:00', '2006-08-28 08:30:00', NULL, '8'),
(62, 31, '18', '2006-12-06 08:30:00', '2006-12-22 08:30:00', NULL, '8'),
(63, 31, '19', '2007-09-24 08:30:00', '2007-10-24 08:30:00', NULL, '22'),
(64, 31, '20', '2008-05-19 08:30:00', '2008-06-03 08:30:00', NULL, '16'),
(65, 31, '21', '2008-09-23 08:30:00', '2008-10-14 08:30:00', NULL, '15'),
(66, 0, '22', '2009-04-29 08:30:00', '2009-05-29 08:30:00', NULL, '8'),
(67, 31, '23', '2010-08-16 08:30:00', '2010-09-17 08:30:00', NULL, '22'),
(68, 31, '24', '2011-12-01 08:30:00', '2012-01-03 08:30:00', NULL, '18'),
(69, 0, '1', '2002-09-30 08:30:00', '2002-10-02 08:30:00', NULL, '8'),
(70, 0, '2', '2002-10-21 08:30:00', '2002-10-23 08:30:00', NULL, '3'),
(71, 0, '3', '2002-10-28 08:30:00', '2002-10-30 08:30:00', NULL, '3'),
(72, 0, '4', '2002-12-09 08:30:00', '2002-12-11 08:30:00', NULL, '3'),
(73, 0, '5', '2007-03-12 08:30:00', '2007-03-14 08:30:00', NULL, '3'),
(74, 0, '6', '2008-05-12 08:30:00', '2008-05-14 08:30:00', NULL, '3'),
(75, 0, '7', '0000-00-00 00:00:00', '0000-00-00 00:00:00', NULL, ''),
(76, 0, '8', '2010-04-21 08:30:00', '2010-04-22 08:30:00', NULL, '2'),
(77, 0, '', '2010-05-27 08:30:00', '2010-05-28 08:30:00', NULL, '2'),
(78, 0, '10', '2011-07-13 08:30:00', '2011-07-15 08:30:00', NULL, '3'),
(84, 32, '11', '2011-05-13 08:30:00', '2011-05-20 08:30:00', NULL, '2'),
(85, 32, '12', '2011-05-17 08:30:00', '2011-05-31 08:30:00', NULL, '2'),
(86, 32, '13', '2011-06-10 08:30:00', '2011-06-17 08:30:00', NULL, '2'),
(87, 32, '14', '2011-06-14 08:30:00', '2011-06-28 08:30:00', NULL, '2'),
(88, 32, '15', '2012-03-28 08:30:00', '2012-03-29 08:30:00', NULL, '2'),
(89, 32, '16', '2012-04-25 08:30:00', '2012-04-26 08:30:00', NULL, '2'),
(90, 15, '2', '2005-06-06 08:30:00', '2005-06-24 08:30:00', NULL, '8'),
(91, 15, '3', '2005-12-14 08:30:00', '2005-12-23 08:30:00', NULL, '8'),
(92, 15, '4', '2006-05-05 08:30:00', '2006-05-12 08:30:00', NULL, '8'),
(93, 15, '5', '2006-08-29 08:30:00', '2006-09-08 08:30:00', NULL, '8'),
(94, 15, '6', '2006-12-18 08:30:00', '2007-01-10 08:30:00', NULL, '8'),
(95, 15, '7', '2007-03-15 08:30:00', '2007-04-09 08:30:00', NULL, '8'),
(96, 15, '8', '2007-09-24 08:30:00', '2007-10-12 08:30:00', NULL, '8'),
(97, 15, '9', '2008-10-14 08:30:00', '2008-11-03 08:30:00', NULL, '8'),
(98, 15, '10', '2009-02-23 08:30:00', '2009-03-13 08:30:00', NULL, '8'),
(99, 15, '11', '2010-04-19 08:30:00', '2010-05-04 08:30:00', NULL, '8'),
(100, 15, '12', '2011-02-01 08:30:00', '2011-02-21 08:30:00', NULL, '15'),
(101, 13, '1', '2010-02-11 08:30:00', '2010-02-11 08:30:00', NULL, '1'),
(102, 13, '2', '2010-03-25 08:30:00', '2010-03-25 08:30:00', NULL, '1'),
(103, 13, '3', '2010-04-29 08:30:00', '2010-04-29 08:30:00', NULL, '1'),
(104, 13, '4', '2010-06-10 08:30:00', '2010-06-10 08:30:00', NULL, '1'),
(105, 13, '5', '2010-07-15 08:30:00', '2010-07-15 08:30:00', NULL, '1'),
(106, 13, '6', '2010-08-12 08:30:00', '2010-08-12 08:30:00', NULL, '1'),
(107, 13, '7', '2010-09-23 08:30:00', '2010-09-23 08:30:00', NULL, '1'),
(109, 13, '9', '2012-11-14 08:30:00', '2012-11-14 08:30:00', NULL, '1'),
(110, 0, '', '2012-11-15 08:30:00', '2012-11-15 08:30:00', NULL, '1'),
(111, 0, '11', '2012-12-04 08:30:00', '2012-12-04 08:30:00', NULL, '1'),
(115, 11, '1', '2010-05-21 08:30:00', '2010-05-21 08:30:00', NULL, '1'),
(116, 11, '2', '2010-06-25 08:30:00', '2010-06-25 08:30:00', NULL, '1'),
(117, 7, '14', '2013-05-29 08:30:00', '2013-10-20 08:30:00', NULL, '1'),
(118, 6, '15', '2013-05-30 08:30:00', '2013-05-30 08:30:00', NULL, '1'),
(122, 13, '10', '2012-12-06 08:30:00', '2012-12-06 08:30:00', NULL, '1'),
(123, 31, '4', '2000-07-07 08:30:00', '2000-07-21 08:30:00', NULL, '15'),
(124, 31, '8', '2001-08-14 08:30:00', '2001-08-28 08:30:00', NULL, '15'),
(125, 31, '12', '0000-00-00 00:00:00', '0000-00-00 00:00:00', NULL, ''),
(126, 31, '12', '0000-00-00 00:00:00', '0000-00-00 00:00:00', NULL, ''),
(127, 31, '12', '0000-00-00 00:00:00', '0000-00-00 00:00:00', NULL, ''),
(128, 31, '12', '0000-00-00 00:00:00', '0000-00-00 00:00:00', NULL, ''),
(129, 31, '12', '2003-02-20 08:30:00', '2003-03-20 08:30:00', NULL, '22'),
(130, 31, '22', '2009-04-29 08:30:00', '2009-05-29 08:30:00', NULL, '22'),
(131, 31, '25', '2012-08-01 08:30:00', '2012-08-31 08:30:00', NULL, '22'),
(132, 8, '1', '2002-09-30 08:30:00', '2002-10-02 08:30:00', NULL, '3'),
(133, 8, '2', '2002-10-21 08:30:00', '2002-10-23 08:30:00', NULL, '3'),
(134, 8, '3', '2002-10-28 08:30:00', '2002-10-30 08:30:00', NULL, '3'),
(135, 8, '4', '2002-12-09 08:30:00', '2002-12-11 08:30:00', NULL, '3'),
(136, 8, '5', '2007-03-12 08:30:00', '2007-03-14 08:30:00', NULL, '3'),
(137, 8, '6', '2008-05-12 08:30:00', '2008-05-14 08:30:00', NULL, '3'),
(138, 8, '7', '2009-09-30 08:30:00', '2009-10-02 08:30:00', NULL, '3'),
(139, 8, '8', '2010-04-21 08:30:00', '2010-04-22 08:30:00', NULL, '2'),
(140, 8, '9', '2010-05-27 08:30:00', '2010-05-28 08:30:00', NULL, '2'),
(141, 8, '10', '2011-07-13 08:30:00', '2011-07-15 08:30:00', NULL, '3'),
(142, 8, '11', '2012-05-14 08:30:00', '2012-05-16 08:30:00', NULL, '3'),
(144, 10, '5', '2011-03-29 08:30:00', '2011-03-31 08:30:00', NULL, '3'),
(145, 10, '6', '2011-04-27 08:30:00', '2011-04-29 08:30:00', NULL, '3'),
(146, 10, '7', '2011-05-02 08:30:00', '2011-05-04 08:30:00', NULL, '3'),
(147, 17, '2', '2000-03-06 08:30:00', '2000-03-31 08:30:00', NULL, '20'),
(148, 17, '5', '2006-05-15 08:30:00', '2006-05-17 08:30:00', NULL, '3'),
(149, 17, '6', '2006-05-21 08:30:00', '2006-05-23 08:30:00', NULL, '3'),
(150, 17, '7', '2006-09-19 08:30:00', '2006-09-21 08:30:00', NULL, '3'),
(151, 17, '8', '2010-03-01 08:30:00', '2010-03-05 08:30:00', NULL, '5'),
(152, 17, '9', '2010-10-11 08:30:00', '2010-10-22 08:30:00', NULL, '14'),
(153, 27, '6', '2007-09-17 08:30:00', '2007-09-28 08:30:00', NULL, '10'),
(154, 27, '7', '2008-05-21 08:30:00', '2008-06-03 08:30:00', NULL, '10'),
(155, 27, '8', '2012-01-16 08:30:00', '2012-01-30 08:30:00', NULL, '10'),
(156, 32, '17', '2012-05-29 08:30:00', '2012-05-29 08:30:00', NULL, '1'),
(157, 32, '18', '2012-05-31 08:30:00', '2012-05-31 08:30:00', NULL, '1'),
(158, 32, '19', '2012-06-26 08:30:00', '2012-06-26 08:30:00', NULL, '1'),
(159, 32, '20', '2012-06-27 08:30:00', '2012-06-27 08:30:00', NULL, '1'),
(160, 32, '21', '2012-07-23 08:30:00', '2012-07-23 08:30:00', NULL, '1'),
(161, 32, '22', '2012-07-24 08:30:00', '2012-07-24 08:30:00', NULL, '1'),
(162, 32, '23', '2012-07-25 08:30:00', '2012-07-25 08:30:00', NULL, '1'),
(163, 32, '24', '2012-07-26 08:30:00', '2012-07-26 08:30:00', NULL, '1'),
(164, 32, '25', '2012-07-27 08:30:00', '2012-07-27 08:30:00', NULL, '1'),
(165, 32, '26', '2012-08-28 08:30:00', '2012-08-28 08:30:00', NULL, '1'),
(166, 32, '27', '2012-08-30 08:30:00', '2012-08-30 08:30:00', NULL, '1'),
(167, 3, '14', '2013-06-24 08:30:00', '2013-08-22 08:30:00', NULL, '40'),
(168, 32, '27', '2012-08-30 08:30:00', '2012-08-30 08:30:00', NULL, '1'),
(169, 32, '28', '2012-08-31 08:30:00', '2012-08-31 08:30:00', NULL, '1'),
(170, 32, '27', '2012-08-30 08:30:00', '2012-08-30 08:30:00', NULL, '1'),
(171, 32, '29', '2012-10-17 08:30:00', '2012-10-17 08:30:00', NULL, '1'),
(172, 32, '30', '2012-10-19 08:30:00', '2012-10-19 08:30:00', NULL, '1'),
(173, 32, '31', '2012-10-21 08:30:00', '2012-10-21 08:30:00', NULL, '1'),
(174, 24, '1', '2006-07-18 08:30:00', '2006-08-26 08:30:00', NULL, '50'),
(175, 24, '2', '2008-06-02 08:30:00', '2008-06-16 08:30:00', NULL, '15'),
(176, 24, '3', '2009-02-02 08:30:00', '2009-02-13 08:30:00', NULL, '11'),
(177, 24, '4', '2009-06-22 08:30:00', '2009-07-22 08:30:00', NULL, '30'),
(178, 24, '5', '2009-10-27 08:30:00', '2009-11-11 08:30:00', NULL, '15'),
(179, 24, '6', '2010-08-20 08:30:00', '2010-09-06 08:30:00', NULL, '20'),
(180, 24, '7', '2011-02-15 08:30:00', '2011-03-18 08:30:00', NULL, '22'),
(181, 33, '3', '2011-03-14 08:30:00', '2011-03-18 08:30:00', NULL, '4'),
(182, 20, '1', '2011-06-16 08:30:00', '2011-06-17 08:30:00', NULL, '2'),
(183, 34, '9', '2011-06-27 08:30:00', '2011-06-27 08:30:00', NULL, '1'),
(184, 34, '10', '2011-07-18 08:30:00', '2011-07-18 08:30:00', NULL, '1'),
(185, 20, '2', '2011-07-28 08:30:00', '2011-07-29 08:30:00', NULL, '2'),
(186, 22, '4', '2011-08-12 08:30:00', '2011-08-31 08:30:00', NULL, '11'),
(187, 20, '3', '2011-09-22 08:30:00', '2011-09-23 08:30:00', NULL, '2'),
(188, 20, '4', '2011-10-13 08:30:00', '2011-10-14 08:30:00', NULL, '2'),
(189, 24, '8', '2011-11-16 08:30:00', '2011-12-29 08:30:00', NULL, '20'),
(190, 24, '9', '2012-02-15 08:30:00', '2012-03-15 08:30:00', NULL, '22'),
(191, 35, '1', '2012-03-14 08:30:00', '2012-03-21 08:30:00', NULL, '2'),
(192, 35, '2', '2012-04-13 08:30:00', '2012-04-20 08:30:00', NULL, '2'),
(193, 35, '3', '2012-05-08 08:30:00', '2012-05-08 08:30:00', NULL, '1'),
(194, 35, '4', '2012-06-08 08:30:00', '2012-06-08 08:30:00', NULL, '1'),
(195, 36, '1', '2012-06-21 08:30:00', '2012-06-22 08:30:00', NULL, '2'),
(196, 24, '10', '2012-06-13 08:30:00', '2012-07-27 08:30:00', NULL, '22'),
(197, 2, '9', '2012-07-18 08:30:00', '2012-07-20 08:30:00', NULL, '3'),
(198, 35, '5', '2012-08-03 08:30:00', '2012-08-03 08:30:00', NULL, '1'),
(199, 35, '6', '2012-09-03 08:30:00', '2012-09-03 08:30:00', NULL, '1'),
(200, 15, '13', '2012-09-10 08:30:00', '2012-09-28 08:30:00', NULL, '15'),
(201, 35, '8', '2012-09-17 08:30:00', '2012-09-17 08:30:00', NULL, '1'),
(202, 24, '11', '2012-09-26 08:30:00', '2012-11-26 08:30:00', NULL, '22'),
(203, 35, '9', '2012-09-28 08:30:00', '2012-09-28 08:30:00', NULL, '1'),
(204, 35, '3', '2013-03-08 08:30:00', '2013-03-08 08:30:00', NULL, '1'),
(205, 35, '2', '2013-02-15 08:30:00', '2013-02-15 08:30:00', NULL, '1'),
(206, 35, '1', '2013-02-14 08:30:00', '2013-02-14 08:30:00', NULL, '1'),
(207, 8, '12', '2013-02-20 08:30:00', '2013-02-22 08:30:00', NULL, '3'),
(208, 37, '1', '2013-11-25 08:30:00', '2013-11-25 08:30:00', NULL, '1'),
(209, 37, '2', '2013-11-26 08:30:00', '2013-11-26 08:30:00', NULL, '1'),
(210, 37, '3', '2013-12-02 08:30:00', '2013-12-02 08:30:00', NULL, '1'),
(211, 37, '4', '2013-12-05 08:30:00', '2013-12-05 08:30:00', NULL, '1'),
(212, 37, '5', '2013-12-10 08:30:00', '2013-12-10 08:30:00', NULL, '1'),
(213, 37, '6', '2013-12-11 08:30:00', '2013-12-11 08:30:00', NULL, '1'),
(214, 37, '7', '2013-12-20 08:30:00', '2013-12-20 08:30:00', NULL, '1'),
(215, 35, '4', '2013-03-22 08:30:00', '2013-03-22 08:30:00', NULL, '1'),
(216, 35, '5', '2013-04-24 08:30:00', '2013-04-24 08:30:00', NULL, '1'),
(217, 35, '6', '2013-04-25 08:30:00', '2013-04-25 08:30:00', NULL, '1'),
(218, 35, '7', '2013-06-27 08:30:00', '2013-06-27 08:30:00', NULL, '1'),
(219, 35, '8', '2013-06-28 08:30:00', '2013-06-28 08:30:00', NULL, '1'),
(220, 35, '9', '2013-07-04 08:30:00', '2013-07-04 08:30:00', NULL, '1'),
(221, 35, '10', '2013-07-05 08:30:00', '2013-07-05 08:30:00', NULL, '1'),
(222, 35, '11', '2013-07-29 08:30:00', '2013-07-29 08:30:00', NULL, '1'),
(223, 35, '12', '2013-07-31 08:30:00', '2013-07-31 08:30:00', NULL, '1'),
(224, 35, '13', '2013-08-02 08:30:00', '2013-08-02 08:30:00', NULL, '1'),
(225, 35, '14', '2013-09-23 08:30:00', '2013-09-23 08:30:00', NULL, '1'),
(226, 35, '15', '2013-09-25 08:30:00', '2013-09-25 08:30:00', NULL, '1'),
(227, 35, '16', '2013-11-18 08:30:00', '2013-11-18 08:30:00', NULL, '1'),
(228, 35, '17', '2013-11-20 08:30:00', '2013-11-20 08:30:00', NULL, '1'),
(229, 35, '18', '2013-11-22 08:30:00', '2013-11-22 08:30:00', NULL, '1'),
(230, 35, '19', '2013-12-09 08:30:00', '2013-12-09 08:30:00', NULL, '1'),
(231, 35, '20', '2013-12-13 08:30:00', '2013-12-13 08:30:00', NULL, '1'),
(232, 31, '26', '2013-10-03 08:30:00', '2013-11-07 08:30:00', NULL, '18'),
(233, 31, '27', '2014-02-27 08:30:00', '2014-04-11 08:30:00', NULL, '18'),
(234, 38, '1', '2014-02-27 08:30:00', '2014-04-11 08:30:00', NULL, '18'),
(235, 3, '15', '2014-02-25 08:30:00', '2014-04-16 08:30:00', NULL, '35'),
(236, 13, '1', '2012-11-13 08:30:00', '2012-11-13 08:30:00', NULL, '1'),
(237, 13, '2', '2012-11-14 08:30:00', '2012-11-14 08:30:00', NULL, '1'),
(238, 13, '3', '2012-11-15 08:30:00', '2012-11-15 08:30:00', NULL, '1'),
(239, 13, '4', '2012-11-16 08:30:00', '2012-11-16 08:30:00', NULL, '1'),
(240, 13, '5', '2012-12-04 08:30:00', '2012-12-04 08:30:00', NULL, '1'),
(241, 13, '6', '2012-12-05 08:30:00', '2012-12-05 08:30:00', NULL, '1'),
(242, 13, '7', '2012-12-06 08:30:00', '2012-12-06 08:30:00', NULL, '1'),
(243, 13, '8', '2012-12-07 08:30:00', '2012-12-07 08:30:00', NULL, '1'),
(244, 39, '1', '2013-01-14 08:30:00', '2013-01-14 08:30:00', NULL, '1/2'),
(245, 39, '2', '2013-01-14 08:30:00', '2013-01-14 08:30:00', NULL, '1/2'),
(246, 39, '3', '2013-01-15 08:30:00', '2013-01-15 08:30:00', NULL, '1/2'),
(247, 39, '4', '2013-01-15 08:30:00', '2013-01-15 08:30:00', NULL, '1/2'),
(248, 39, '5', '2013-01-16 08:30:00', '2013-01-16 08:30:00', NULL, '1/2'),
(249, 39, '6', '2013-01-16 08:30:00', '2013-01-16 08:30:00', NULL, '1/2'),
(250, 39, '7', '2013-01-17 08:30:00', '2013-01-17 08:30:00', NULL, '1/2'),
(251, 39, '8', '2013-01-18 08:30:00', '2013-01-18 08:30:00', NULL, '1/2'),
(252, 15, '14', '2014-04-21 08:30:00', '2014-05-08 08:30:00', NULL, '13'),
(253, 5, '1', '2014-01-20 08:30:00', '2014-01-28 08:30:00', NULL, '5'),
(254, 42, '1', '2014-02-03 08:30:00', '2014-02-07 08:30:00', NULL, '5'),
(255, 42, '2', '2014-02-10 08:30:00', '2014-02-14 08:30:00', NULL, '5'),
(256, 42, '3', '2014-02-17 08:30:00', '2014-02-21 08:30:00', NULL, '5'),
(257, 43, '1', '2014-07-22 14:00:00', '2014-07-22 17:00:00', NULL, ''),
(258, 44, '', '2014-07-18 09:00:00', '2014-07-18 12:00:00', NULL, '4 hrs'),
(259, 45, '', '2014-07-21 09:00:00', '2014-07-21 12:00:00', NULL, '3 hours'),
(260, 45, '', '2014-07-23 08:30:00', '2014-07-23 08:30:00', NULL, '3 hours'),
(261, 45, '', '2014-07-25 08:30:00', '2014-07-25 08:30:00', NULL, '3 hours'),
(262, 47, '', '2014-09-08 08:30:00', '2014-09-25 08:30:00', NULL, '14'),
(263, 48, '', '2014-07-21 09:00:00', '2014-07-21 00:00:00', NULL, '3 hours'),
(264, 49, '', '2014-07-25 09:00:00', '2014-07-25 00:00:00', NULL, '3 hours'),
(265, 50, '', '2014-09-29 08:00:00', '2014-10-10 17:00:00', NULL, '10'),
(266, 51, '', '2014-10-27 08:00:00', '2014-11-11 17:00:00', NULL, '12'),
(267, 17, '10', '2015-02-23 08:00:00', '2015-03-06 17:00:00', NULL, '10'),
(268, 17, '11', '2015-04-20 08:00:00', '2015-05-06 17:00:00', NULL, '10'),
(269, 17, '12', '2015-07-27 08:00:00', '2015-08-07 17:00:00', NULL, '10'),
(270, 52, '13', '2015-06-19 08:00:00', '2015-06-19 17:00:00', NULL, '1'),
(271, 52, '12', '2015-06-17 08:00:00', '2015-06-17 17:00:00', NULL, '1'),
(272, 52, '11', '2015-06-15 08:00:00', '2015-06-15 17:00:00', NULL, '1'),
(273, 52, '10', '2015-06-06 08:00:00', '2015-06-07 17:00:00', NULL, '2'),
(274, 52, '9', '2015-06-04 08:00:00', '2015-06-05 17:00:00', NULL, '2'),
(275, 52, '8', '2015-05-31 08:00:00', '2015-06-01 17:00:00', NULL, '1'),
(276, 52, '7', '2015-05-29 08:00:00', '2015-06-12 17:00:00', NULL, '2'),
(277, 52, '6', '2015-05-26 08:00:00', '2015-05-27 17:00:00', NULL, '2'),
(278, 52, '5', '2015-05-23 08:00:00', '2015-05-24 17:00:00', NULL, '2'),
(279, 52, '4', '2015-05-20 08:00:00', '2015-05-21 17:00:00', NULL, '2'),
(280, 52, '3', '2015-05-18 08:00:00', '2015-05-19 17:00:00', NULL, '2'),
(281, 52, '2', '2015-05-13 08:00:00', '2015-05-14 17:00:00', NULL, '2'),
(282, 52, '1', '2015-05-11 08:00:00', '2015-05-12 17:00:00', NULL, '2'),
(283, 31, '28', '2015-09-16 08:00:00', '2015-10-14 17:00:00', NULL, '18'),
(284, 53, '1', '2015-08-11 08:00:00', '2015-08-12 17:00:00', NULL, '2'),
(285, 53, '2', '2015-08-13 08:00:00', '2015-08-14 17:00:00', NULL, '2'),
(286, 53, '3', '2015-08-25 08:00:00', '2015-08-26 17:00:00', NULL, '2'),
(287, 53, '4', '2015-08-27 08:00:00', '2015-08-28 17:00:00', NULL, '2'),
(288, 53, '5', '2015-09-01 08:00:00', '2015-09-02 17:00:00', NULL, '2'),
(289, 53, '6', '2015-09-08 08:00:00', '2015-09-09 17:00:00', NULL, '2'),
(290, 53, '7', '2015-09-22 08:00:00', '2015-09-23 17:00:00', NULL, '2'),
(291, 53, '8', '2015-09-29 08:00:00', '2015-09-30 17:00:00', NULL, '2'),
(292, 53, '9', '2015-10-08 08:00:00', '2015-10-09 17:00:00', NULL, '2'),
(293, 3, '2', '1999-11-04 08:00:00', '1999-12-10 17:00:00', NULL, '35'),
(294, 3, '1', '1999-09-02 08:00:00', '1999-11-03 17:00:00', NULL, '35'),
(295, 54, '8', '2015-09-26 13:00:00', '2015-09-26 17:00:00', NULL, '4 Hours'),
(296, 54, '7', '2015-09-12 13:00:00', '2015-09-12 17:00:00', NULL, '4 Hours'),
(297, 54, '6', '2015-08-22 13:00:00', '2015-08-22 17:00:00', NULL, '4 Hours'),
(298, 54, '5', '2015-08-08 13:00:00', '2016-03-10 17:00:00', NULL, '4 Hours'),
(299, 54, '4', '2015-07-25 13:00:00', '2015-07-25 17:00:00', NULL, '4 Hours'),
(300, 54, '3', '2015-07-11 13:00:00', '2015-07-11 17:00:00', NULL, '4 Hours'),
(301, 54, '2', '2015-06-27 13:00:00', '2015-06-27 17:00:00', NULL, '4 Hours'),
(302, 54, '1', '2015-06-20 13:00:00', '2015-06-20 17:00:00', NULL, '4 Hours'),
(303, 8, '', '2015-12-07 08:00:00', '2015-12-11 17:00:00', NULL, '5'),
(304, 17, '13', '2015-12-01 08:00:00', '2015-12-11 17:00:00', NULL, '10'),
(305, 55, '1', '2015-11-09 08:00:00', '2015-11-13 17:00:00', NULL, '5 Half-Days'),
(306, 55, '2', '2015-11-23 08:00:00', '2015-11-27 17:00:00', NULL, '5 Half-Days'),
(307, 43, '7', '2014-12-16 08:00:00', '2014-12-16 17:00:00', NULL, '1'),
(308, 56, '1', '2014-11-11 08:00:00', '2014-11-11 17:00:00', NULL, '1'),
(309, 56, '2', '2014-11-13 08:00:00', '2014-11-13 17:00:00', NULL, '1'),
(310, 56, '3', '2014-11-14 08:00:00', '2014-11-14 17:00:00', NULL, '1'),
(311, 56, '4', '2014-11-17 08:00:00', '2014-11-17 17:00:00', NULL, '1'),
(312, 56, '5', '2014-11-18 08:00:00', '2014-11-18 17:00:00', NULL, '1'),
(313, 56, '6', '2014-11-20 08:00:00', '2014-11-20 17:00:00', NULL, '1'),
(314, 56, '7', '2014-11-21 08:00:00', '2014-11-21 17:00:00', NULL, '1'),
(315, 56, '8', '2014-11-24 08:00:00', '2014-11-24 17:00:00', NULL, '1'),
(316, 56, '9', '2014-11-25 08:00:00', '2014-11-25 17:00:00', NULL, '1'),
(317, 56, '10', '2014-11-27 08:00:00', '2014-11-27 17:00:00', NULL, '1'),
(318, 56, '11', '2014-12-11 08:00:00', '2014-12-11 17:00:00', NULL, '1'),
(319, 56, '12', '2014-12-12 08:00:00', '2014-12-12 17:00:00', NULL, '1'),
(320, 56, '13', '2014-12-19 08:00:00', '2014-12-19 17:00:00', NULL, '1'),
(321, 52, '18', '2016-01-09 10:00:00', '2016-01-26 17:00:00', NULL, '18'),
(322, 15, '', '2015-12-01 08:00:00', '2015-12-16 17:00:00', NULL, '18'),
(323, 8, '13', '2015-05-04 08:00:00', '2015-05-08 17:00:00', NULL, '5'),
(324, 57, '', '2015-09-09 08:00:00', '2015-09-11 17:00:00', NULL, '3'),
(325, 2, '56', '2016-02-20 08:00:00', '2016-03-17 16:00:00', NULL, '18'),
(326, 58, '1', '2016-01-15 08:30:00', '2016-01-15 17:00:00', NULL, '1'),
(327, 58, '2', '2016-01-16 08:30:00', '2016-01-16 17:00:00', NULL, '1'),
(328, 58, '3', '2016-01-18 08:30:00', '2016-01-18 17:00:00', NULL, '1'),
(329, 58, '4', '2017-01-04 00:00:00', '2017-02-17 00:00:00', NULL, '1'),
(330, 4, '5', '2016-00-20 09:00:00', '2016-00-20 17:00:00', NULL, '1'),
(331, 2, '6', '2017-02-14 00:00:00', '2017-02-23 00:00:00', NULL, '1'),
(332, 33, '7', '2016-00-22 08:00:00', '2016-00-22 17:00:00', NULL, '1'),
(333, 31, '8', '2017-02-15 08:00:00', '2017-02-24 16:00:00', NULL, '1');

-- --------------------------------------------------------

--
-- Table structure for table `training_events_3`
--

CREATE TABLE IF NOT EXISTS `training_events_3` (
  `id` int(10) unsigned NOT NULL AUTO_INCREMENT,
  `training_program_id` int(10) unsigned NOT NULL,
  `batch_number` varchar(100) NOT NULL,
  `start_date` datetime NOT NULL,
  `end_date` datetime NOT NULL,
  `trainer_id` varchar(45) DEFAULT NULL,
  `no_of_days` varchar(50) DEFAULT NULL,
  PRIMARY KEY (`id`)
) ENGINE=InnoDB DEFAULT CHARSET=latin1 ROW_FORMAT=DYNAMIC AUTO_INCREMENT=1 ;

-- --------------------------------------------------------

--
-- Table structure for table `training_event_3`
--

CREATE TABLE IF NOT EXISTS `training_event_3` (
  `id` int(10) unsigned NOT NULL AUTO_INCREMENT,
  `training_program_id` int(10) unsigned NOT NULL,
  `batch_number` varchar(100) NOT NULL,
  `start_date` datetime NOT NULL,
  `end_date` datetime NOT NULL,
  `trainer_id` varchar(45) DEFAULT NULL,
  `no_of_days` varchar(50) DEFAULT NULL,
  PRIMARY KEY (`id`)
) ENGINE=InnoDB DEFAULT CHARSET=latin1 ROW_FORMAT=DYNAMIC AUTO_INCREMENT=1 ;

-- --------------------------------------------------------

--
-- Stand-in structure for view `training_instance`
--
CREATE TABLE IF NOT EXISTS `training_instance` (
`id` int(10) unsigned
,`program_id` int(10) unsigned
,`training_title` varchar(150)
,`batch_number` varchar(100)
,`start_date` datetime
,`end_date` datetime
,`trainer` text
);
-- --------------------------------------------------------

--
-- Table structure for table `training_programs`
--

CREATE TABLE IF NOT EXISTS `training_programs` (
  `id` int(10) unsigned NOT NULL AUTO_INCREMENT,
  `training_title` varchar(150) NOT NULL,
  `division_code` varchar(150) NOT NULL,
  `alt_office` varchar(150) DEFAULT NULL,
  PRIMARY KEY (`id`)
) ENGINE=InnoDB  DEFAULT CHARSET=latin1 AUTO_INCREMENT=73 ;

--
-- Dumping data for table `training_programs`
--

INSERT INTO `training_programs` (`id`, `training_title`, `division_code`, `alt_office`) VALUES
(2, 'Ticket Seller III - TIM', 'STN', NULL),
(3, 'Train Driver', 'TRA', NULL),
(4, 'STDO Training', 'STN', NULL),
(5, 'Cross Program Training', 'ALL', NULL),
(6, 'Refresher STDO Training', 'STN', NULL),
(7, 'Refresher STDO Training', 'TRA', NULL),
(8, 'Ticket Seller III - Qualified Employee Training', 'STN', NULL),
(9, 'Data Controller III - Training', 'STN', NULL),
(10, 'Cash Clerk III - AFC Training', 'SUP', NULL),
(11, 'Smoke Extraction', 'ALL', NULL),
(12, 'Cross Program Training', 'STN', NULL),
(13, 'Manual Points Operation Training', 'TRA', NULL),
(14, 'Station Divison Supervisory Training', 'STN', NULL),
(15, 'Transport Supervisory Training', 'TRA', NULL),
(17, 'Cash Assistant Training', 'TREA', NULL),
(18, 'Station Divison Supervisory Training', 'STN', NULL),
(19, 'Station Divison OIC Supervisory Training', 'STN', NULL),
(20, 'PowerPoint Module 2', 'ALL', NULL),
(21, 'Refresher for Transport Supervisory ', 'TRA', NULL),
(22, 'Refresher for Train Driver (Sickness)', 'TRA', NULL),
(24, 'Refresher Training for Train Driver (Pooling)', 'TRA', NULL),
(25, 'Photoshop', 'ALL', NULL),
(27, 'Data Controller III', 'SUP', NULL),
(28, 'Cash Clerk III', 'SUP', NULL),
(29, 'Cash Clerk III', 'SUP', NULL),
(30, 'Cash Clerk III', 'SUP', NULL),
(31, 'Ticket Seller II', 'STN', NULL),
(32, 'Refresher Course on Rolling Stock Operation Procedures', 'TRA', NULL),
(33, 'TESP Qualified Train Driver', 'TRA', NULL),
(34, 'Refresher for Qualified Employee', 'STN', NULL),
(35, 'Refresher Course Training on Station Operation Procedures for Station Division', 'STN', NULL),
(36, 'Refresher Course Ticket Seller II Training (Sickness)', 'STN', NULL),
(37, 'Basic Supervisory Training on Station Operation Procedures ', 'STN', NULL),
(38, 'Commuter Welfare Assistance', 'STN', NULL),
(39, 'Automated cash and Ticket Management System (ACTM)', 'TREA', NULL),
(40, 'Antivirus Networking', 'OTH', 'Trend Micro'),
(41, 'Maintenance Provider Qualified Train Driver', 'OTH', 'GLOBAL'),
(42, 'Safety and Security Qualified Employee Training', 'SSU', ''),
(43, 'CRASH COURSE TRAINING ON SIGNALING, DEGRADED MODE', 'STN', ''),
(44, 'Crash Course Training on Signaling, Degraded Mode, Transport', 'TRA', ''),
(45, 'CRASH COURSE TRAINING ON SIGNALING, DEGRADED MODE TRANSPORT', 'TRA', ''),
(46, 'Crash Course Training on Signaling Degraded Mode for Engineering Division', 'MSD', ''),
(47, 'Train Driver Refresher Training', 'TRA', 'Transport'),
(48, 'Crash Course Training on Signaling Degraded Mode for Safety and Security Unit', 'SSU', 'Safety and Security Unit'),
(49, 'Crash Course Training on Signaling Degraded Mode for Engineering Division', 'MSD', 'Engineering Division'),
(50, 'Control Center Supervisor Refresher Course', 'TRA', 'Transport Division'),
(51, 'Mainline Supervisor Refresher Course', 'TRA', 'Transport Division'),
(52, 'New AFCS Device Familiarization Training', 'OTH', 'STN, TREA'),
(53, 'Refresher Training on Mainline Operation Transport', 'TRA', ''),
(54, 'SECURITY ORIENTATION SEMINAR', 'OTH', ''),
(55, 'CROSS TECHNICAL TRAINING FOR NON-OPERATIONS PERSONNEL', 'ALL', ''),
(56, 'REFRESHER TRAINING COURSE ON STATION SAFETY PROCEDURES', 'STN', ''),
(57, 'LEVEL 1 & 2 DEVICE OPERATIONS TRAINING-WORKSHOP FOR THE AUTOMATED FARE COLLECTION SYSTEM (AFCS)', 'ALL', ''),
(58, 'TICKET VENDING MACHINE TRAINING', 'STN', ''),
(59, '', '', NULL),
(60, 'Trumpism', '', NULL),
(61, 'Trumpism', 'TREA', NULL),
(67, 'Putin Economics', 'SUP', NULL),
(68, '', '', NULL),
(69, '', '', NULL),
(70, '', '', NULL),
(71, '', '', NULL),
(72, 'Maritime Laws', 'TRA', NULL);

-- --------------------------------------------------------

--
-- Table structure for table `training_schedule`
--

CREATE TABLE IF NOT EXISTS `training_schedule` (
  `id` int(10) unsigned NOT NULL AUTO_INCREMENT,
  `event_id` varchar(450) NOT NULL,
  `date` datetime NOT NULL,
  `start_time` timestamp NOT NULL DEFAULT CURRENT_TIMESTAMP ON UPDATE CURRENT_TIMESTAMP,
  `end_time` timestamp NOT NULL DEFAULT '0000-00-00 00:00:00',
  `location` text,
  `activity` text,
  PRIMARY KEY (`id`)
) ENGINE=InnoDB  DEFAULT CHARSET=latin1 AUTO_INCREMENT=515 ;

--
-- Dumping data for table `training_schedule`
--

INSERT INTO `training_schedule` (`id`, `event_id`, `date`, `start_time`, `end_time`, `location`, `activity`) VALUES
(5, '3', '0000-00-00 00:00:00', '0000-00-00 00:00:00', '0000-00-00 00:00:00', NULL, NULL),
(6, '3', '0000-00-00 00:00:00', '0000-00-00 00:00:00', '0000-00-00 00:00:00', NULL, NULL),
(7, '4', '0000-00-00 00:00:00', '0000-00-00 00:00:00', '0000-00-00 00:00:00', NULL, NULL),
(8, '4', '0000-00-00 00:00:00', '0000-00-00 00:00:00', '0000-00-00 00:00:00', NULL, NULL),
(9, '5', '0000-00-00 00:00:00', '0000-00-00 00:00:00', '0000-00-00 00:00:00', NULL, NULL),
(10, '5', '0000-00-00 00:00:00', '0000-00-00 00:00:00', '0000-00-00 00:00:00', NULL, NULL),
(11, '6', '0000-00-00 00:00:00', '0000-00-00 00:00:00', '0000-00-00 00:00:00', NULL, NULL),
(12, '6', '0000-00-00 00:00:00', '0000-00-00 00:00:00', '0000-00-00 00:00:00', NULL, 'Lunch'),
(21, '10', '0000-00-00 00:00:00', '0000-00-00 00:00:00', '0000-00-00 00:00:00', NULL, NULL),
(22, '10', '0000-00-00 00:00:00', '0000-00-00 00:00:00', '0000-00-00 00:00:00', NULL, 'Lunch'),
(27, '12', '0000-00-00 00:00:00', '0000-00-00 00:00:00', '0000-00-00 00:00:00', NULL, NULL),
(28, '12', '0000-00-00 00:00:00', '0000-00-00 00:00:00', '0000-00-00 00:00:00', NULL, 'Lunch'),
(39, '16', '0000-00-00 00:00:00', '0000-00-00 00:00:00', '0000-00-00 00:00:00', NULL, NULL),
(40, '16', '0000-00-00 00:00:00', '0000-00-00 00:00:00', '0000-00-00 00:00:00', NULL, 'Lunch'),
(51, '20', '0000-00-00 00:00:00', '0000-00-00 00:00:00', '0000-00-00 00:00:00', NULL, NULL),
(52, '20', '0000-00-00 00:00:00', '0000-00-00 00:00:00', '0000-00-00 00:00:00', NULL, 'Lunch'),
(57, '22', '0000-00-00 00:00:00', '0000-00-00 00:00:00', '0000-00-00 00:00:00', NULL, NULL),
(58, '22', '0000-00-00 00:00:00', '0000-00-00 00:00:00', '0000-00-00 00:00:00', NULL, 'Lunch'),
(123, '9', '1970-01-01 00:00:00', '1970-01-02 07:00:00', '1970-01-01 09:30:00', NULL, NULL),
(124, '9', '1970-01-01 00:00:00', '1970-01-01 04:00:00', '1970-01-01 05:15:00', NULL, 'Lunch'),
(125, '33', '0000-00-00 00:00:00', '0000-00-00 00:00:00', '0000-00-00 00:00:00', NULL, NULL),
(126, '33', '0000-00-00 00:00:00', '0000-00-00 00:00:00', '0000-00-00 00:00:00', NULL, 'Lunch'),
(127, '34', '0000-00-00 00:00:00', '0000-00-00 00:00:00', '0000-00-00 00:00:00', NULL, NULL),
(128, '34', '0000-00-00 00:00:00', '0000-00-00 00:00:00', '0000-00-00 00:00:00', NULL, 'Lunch'),
(195, '30', '2012-01-16 00:00:00', '2012-01-16 00:30:00', '2012-01-16 09:30:00', NULL, NULL),
(196, '30', '2012-01-16 00:00:00', '2012-01-16 04:00:00', '2012-01-16 05:15:00', NULL, 'Lunch'),
(197, '30', '2012-01-25 00:00:00', '2012-01-25 00:30:00', '2012-01-25 09:30:00', NULL, NULL),
(198, '30', '2012-01-25 00:00:00', '2012-01-25 04:00:00', '2012-01-25 05:15:00', NULL, 'Lunch'),
(211, '37', '2010-09-29 00:00:00', '2010-09-29 00:30:00', '2010-09-29 09:30:00', NULL, NULL),
(212, '37', '2010-09-29 00:00:00', '2010-09-29 04:00:00', '2010-09-29 05:15:00', NULL, 'Lunch'),
(213, '37', '2010-09-30 00:00:00', '2010-09-30 00:30:00', '2010-09-30 09:30:00', NULL, NULL),
(214, '37', '2010-09-30 00:00:00', '2010-09-30 04:00:00', '2010-09-30 05:15:00', NULL, 'Lunch'),
(219, '35', '2010-08-10 00:00:00', '2010-08-10 00:30:00', '2010-08-10 09:30:00', NULL, NULL),
(220, '35', '2010-08-10 00:00:00', '2010-08-10 04:00:00', '2010-08-10 05:15:00', NULL, 'Lunch'),
(221, '35', '2010-08-11 00:00:00', '2010-08-11 00:30:00', '2010-08-11 09:30:00', NULL, NULL),
(222, '35', '2010-08-11 00:00:00', '2010-08-11 04:00:00', '2010-08-11 05:15:00', NULL, 'Lunch'),
(223, '38', '2010-09-29 00:00:00', '2010-09-29 00:30:00', '2010-09-29 09:30:00', NULL, NULL),
(224, '38', '2010-09-29 00:00:00', '2010-09-29 04:00:00', '2010-09-29 05:15:00', NULL, 'Lunch'),
(225, '38', '2010-09-30 00:00:00', '2010-09-30 00:30:00', '2010-09-30 09:30:00', NULL, NULL),
(226, '38', '2010-09-30 00:00:00', '2010-09-30 04:00:00', '2010-09-30 05:15:00', NULL, 'Lunch'),
(227, '39', '2010-10-21 00:00:00', '2010-10-21 00:30:00', '2010-10-21 09:30:00', NULL, NULL),
(228, '39', '2010-10-21 00:00:00', '2010-10-21 04:00:00', '2010-10-21 05:15:00', NULL, 'Lunch'),
(229, '39', '2010-10-22 00:00:00', '2010-10-22 00:30:00', '2010-10-22 09:30:00', NULL, NULL),
(230, '39', '2010-10-22 00:00:00', '2010-10-22 04:00:00', '2010-10-22 05:15:00', NULL, 'Lunch'),
(235, '41', '2011-02-21 00:00:00', '2011-02-21 00:30:00', '2011-02-21 09:30:00', NULL, NULL),
(236, '41', '2011-02-21 00:00:00', '2011-02-21 04:00:00', '2011-02-21 05:15:00', NULL, 'Lunch'),
(237, '41', '2011-02-22 00:00:00', '2011-02-22 00:30:00', '2011-02-22 09:30:00', NULL, NULL),
(238, '41', '2011-02-22 00:00:00', '2011-02-22 04:00:00', '2011-02-22 05:15:00', NULL, 'Lunch'),
(239, '42', '2011-03-21 00:00:00', '2011-03-21 00:30:00', '2011-03-21 09:30:00', NULL, NULL),
(240, '42', '2011-03-21 00:00:00', '2011-03-21 04:00:00', '2011-03-21 05:15:00', NULL, 'Lunch'),
(241, '42', '2011-03-22 00:00:00', '2011-03-22 00:30:00', '2011-03-22 09:30:00', NULL, NULL),
(242, '42', '2011-03-22 00:00:00', '2011-03-22 04:00:00', '2011-03-22 05:15:00', NULL, 'Lunch'),
(247, '43', '2000-01-24 00:00:00', '2000-01-24 00:30:00', '2000-01-24 09:30:00', NULL, NULL),
(248, '43', '2000-01-24 00:00:00', '2000-01-24 04:00:00', '2000-01-24 05:15:00', NULL, 'Lunch'),
(249, '43', '2000-02-11 00:00:00', '2000-02-11 00:30:00', '2000-02-11 09:30:00', NULL, NULL),
(250, '43', '2000-02-11 00:00:00', '2000-02-11 04:00:00', '2000-02-11 05:15:00', NULL, 'Lunch'),
(257, '46', '2000-01-24 00:00:00', '2000-01-24 00:30:00', '2000-01-24 09:30:00', NULL, NULL),
(258, '46', '2000-01-24 00:00:00', '2000-01-24 04:00:00', '2000-01-24 05:15:00', NULL, 'Lunch'),
(259, '46', '2000-02-11 00:00:00', '2000-02-11 00:30:00', '2000-02-11 09:30:00', NULL, NULL),
(260, '46', '2000-02-11 00:00:00', '2000-02-11 04:00:00', '2000-02-11 05:15:00', NULL, 'Lunch'),
(261, '47', '2000-07-07 00:00:00', '2000-07-07 00:30:00', '2000-07-07 09:30:00', NULL, NULL),
(262, '47', '2000-07-07 00:00:00', '2000-07-07 04:00:00', '2000-07-07 05:15:00', NULL, 'Lunch'),
(263, '47', '2000-07-21 00:00:00', '2000-07-21 00:30:00', '2000-07-21 09:30:00', NULL, NULL),
(264, '47', '2000-07-21 00:00:00', '2000-07-21 04:00:00', '2000-07-21 05:15:00', NULL, 'Lunch'),
(265, '48', '2000-12-07 00:00:00', '2000-12-07 00:30:00', '2000-12-07 09:30:00', NULL, NULL),
(266, '48', '2000-12-07 00:00:00', '2000-12-07 04:00:00', '2000-12-07 05:15:00', NULL, 'Lunch'),
(267, '48', '2000-12-19 00:00:00', '2000-12-19 00:30:00', '2000-12-19 09:30:00', NULL, NULL),
(268, '48', '2000-12-19 00:00:00', '2000-12-19 04:00:00', '2000-12-19 05:15:00', NULL, 'Lunch'),
(269, '49', '2000-08-07 00:00:00', '2000-08-07 00:30:00', '2000-08-07 09:30:00', NULL, NULL),
(270, '49', '2000-08-07 00:00:00', '2000-08-07 04:00:00', '2000-08-07 05:15:00', NULL, 'Lunch'),
(271, '49', '2000-08-11 00:00:00', '2000-08-11 00:30:00', '2000-08-11 09:30:00', NULL, NULL),
(272, '49', '2000-08-11 00:00:00', '2000-08-11 04:00:00', '2000-08-11 05:15:00', NULL, 'Lunch'),
(277, '51', '0000-00-00 00:00:00', '0000-00-00 00:00:00', '0000-00-00 00:00:00', NULL, NULL),
(278, '51', '0000-00-00 00:00:00', '0000-00-00 00:00:00', '0000-00-00 00:00:00', NULL, 'Lunch'),
(279, '52', '2001-03-05 00:00:00', '2001-03-05 00:30:00', '2001-03-05 09:30:00', NULL, NULL),
(280, '52', '2001-03-05 00:00:00', '2001-03-05 04:00:00', '2001-03-05 05:15:00', NULL, 'Lunch'),
(281, '52', '2001-03-23 00:00:00', '2001-03-23 00:30:00', '2001-03-23 09:30:00', NULL, NULL),
(282, '52', '2001-03-23 00:00:00', '2001-03-23 04:00:00', '2001-03-23 05:15:00', NULL, 'Lunch'),
(283, '53', '2002-02-11 00:00:00', '2002-02-11 00:30:00', '2002-02-11 09:30:00', NULL, NULL),
(284, '53', '2002-02-11 00:00:00', '2002-02-11 04:00:00', '2002-02-11 05:15:00', NULL, 'Lunch'),
(285, '53', '2002-03-08 00:00:00', '2002-03-08 00:30:00', '2002-03-08 09:30:00', NULL, NULL),
(286, '53', '2002-03-08 00:00:00', '2002-03-08 04:00:00', '2002-03-08 05:15:00', NULL, 'Lunch'),
(291, '55', '2002-05-08 00:00:00', '2002-05-08 00:30:00', '2002-05-08 09:30:00', NULL, NULL),
(292, '55', '2002-05-08 00:00:00', '2002-05-08 04:00:00', '2002-05-08 05:15:00', NULL, 'Lunch'),
(293, '55', '2002-05-28 00:00:00', '2002-05-28 00:30:00', '2002-05-28 09:30:00', NULL, NULL),
(294, '55', '2002-05-28 00:00:00', '2002-05-28 04:00:00', '2002-05-28 05:15:00', NULL, 'Lunch'),
(295, '56', '0000-00-00 00:00:00', '0000-00-00 00:00:00', '0000-00-00 00:00:00', NULL, NULL),
(296, '56', '0000-00-00 00:00:00', '0000-00-00 00:00:00', '0000-00-00 00:00:00', NULL, 'Lunch'),
(297, '57', '2003-08-11 00:00:00', '2003-08-11 00:30:00', '2003-08-11 09:30:00', NULL, NULL),
(298, '57', '2003-08-11 00:00:00', '2003-08-11 04:00:00', '2003-08-11 05:15:00', NULL, 'Lunch'),
(299, '57', '2003-09-02 00:00:00', '2003-09-02 00:30:00', '2003-09-02 09:30:00', NULL, NULL),
(300, '57', '2003-09-02 00:00:00', '2003-09-02 04:00:00', '2003-09-02 05:15:00', NULL, 'Lunch'),
(301, '58', '2004-03-01 00:00:00', '2004-03-01 00:30:00', '2004-03-01 09:30:00', NULL, NULL),
(302, '58', '2004-03-01 00:00:00', '2004-03-01 04:00:00', '2004-03-01 05:15:00', NULL, 'Lunch'),
(303, '58', '2004-03-15 00:00:00', '2004-03-15 00:30:00', '2004-03-15 09:30:00', NULL, NULL),
(304, '58', '2004-03-15 00:00:00', '2004-03-15 04:00:00', '2004-03-15 05:15:00', NULL, 'Lunch'),
(305, '59', '2004-06-04 00:00:00', '2004-06-04 00:30:00', '2004-06-04 09:30:00', NULL, NULL),
(306, '59', '2004-06-04 00:00:00', '2004-06-04 04:00:00', '2004-06-04 05:15:00', NULL, 'Lunch'),
(307, '59', '2004-07-09 00:00:00', '2004-07-09 00:30:00', '2004-07-09 09:30:00', NULL, NULL),
(308, '59', '2004-07-09 00:00:00', '2004-07-09 04:00:00', '2004-07-09 05:15:00', NULL, 'Lunch'),
(309, '60', '2005-07-11 00:00:00', '2005-07-11 00:30:00', '2005-07-11 09:30:00', NULL, NULL),
(310, '60', '2005-07-11 00:00:00', '2005-07-11 04:00:00', '2005-07-11 05:15:00', NULL, 'Lunch'),
(311, '60', '2005-07-29 00:00:00', '2005-07-29 00:30:00', '2005-07-29 09:30:00', NULL, NULL),
(312, '60', '2005-07-29 00:00:00', '2005-07-29 04:00:00', '2005-07-29 05:15:00', NULL, 'Lunch'),
(313, '61', '2006-08-14 00:00:00', '2006-08-14 00:30:00', '2006-08-14 09:30:00', NULL, NULL),
(314, '61', '2006-08-14 00:00:00', '2006-08-14 04:00:00', '2006-08-14 05:15:00', NULL, 'Lunch'),
(315, '61', '2006-08-28 00:00:00', '2006-08-28 00:30:00', '2006-08-28 09:30:00', NULL, NULL),
(316, '61', '2006-08-28 00:00:00', '2006-08-28 04:00:00', '2006-08-28 05:15:00', NULL, 'Lunch'),
(317, '62', '2006-12-06 00:00:00', '2006-12-06 00:30:00', '2006-12-06 09:30:00', NULL, NULL),
(318, '62', '2006-12-06 00:00:00', '2006-12-06 04:00:00', '2006-12-06 05:15:00', NULL, 'Lunch'),
(319, '62', '2006-12-22 00:00:00', '2006-12-22 00:30:00', '2006-12-22 09:30:00', NULL, NULL),
(320, '62', '2006-12-22 00:00:00', '2006-12-22 04:00:00', '2006-12-22 05:15:00', NULL, 'Lunch'),
(321, '63', '2007-09-24 00:00:00', '2007-09-24 00:30:00', '2007-09-24 09:30:00', NULL, NULL),
(322, '63', '2007-09-24 00:00:00', '2007-09-24 04:00:00', '2007-09-24 05:15:00', NULL, 'Lunch'),
(323, '63', '2007-10-04 00:00:00', '2007-10-04 00:30:00', '2007-10-04 09:30:00', NULL, NULL),
(324, '63', '2007-10-04 00:00:00', '2007-10-04 04:00:00', '2007-10-04 05:15:00', NULL, 'Lunch'),
(325, '64', '2008-05-19 00:00:00', '2008-05-19 00:30:00', '2008-05-19 09:30:00', NULL, NULL),
(326, '64', '2008-05-19 00:00:00', '2008-05-19 04:00:00', '2008-05-19 05:15:00', NULL, 'Lunch'),
(327, '64', '2008-06-03 00:00:00', '2008-06-03 00:30:00', '2008-06-03 09:30:00', NULL, NULL),
(328, '64', '2008-06-03 00:00:00', '2008-06-03 04:00:00', '2008-06-03 05:15:00', NULL, 'Lunch'),
(329, '65', '2010-09-23 00:00:00', '2010-09-23 00:30:00', '2010-09-23 09:30:00', NULL, NULL),
(330, '65', '2010-09-23 00:00:00', '2010-09-23 04:00:00', '2010-09-23 05:15:00', NULL, 'Lunch'),
(331, '65', '2010-10-14 00:00:00', '2010-10-14 00:30:00', '2010-10-14 09:30:00', NULL, NULL),
(332, '65', '2010-10-14 00:00:00', '2010-10-14 04:00:00', '2010-10-14 05:15:00', NULL, 'Lunch'),
(333, '66', '2009-04-29 00:00:00', '2009-04-29 00:30:00', '2009-04-29 09:30:00', NULL, NULL),
(334, '66', '2009-04-29 00:00:00', '2009-04-29 04:00:00', '2009-04-29 05:15:00', NULL, 'Lunch'),
(335, '66', '2009-05-29 00:00:00', '2009-05-29 00:30:00', '2009-05-29 09:30:00', NULL, NULL),
(336, '66', '2009-05-29 00:00:00', '2009-05-29 04:00:00', '2009-05-29 05:15:00', NULL, 'Lunch'),
(337, '67', '2010-08-16 00:00:00', '2010-08-16 00:30:00', '2010-08-16 09:30:00', NULL, NULL),
(338, '67', '2010-08-16 00:00:00', '2010-08-16 04:00:00', '2010-08-16 05:15:00', NULL, 'Lunch'),
(339, '67', '2010-09-17 00:00:00', '2010-09-17 00:30:00', '2010-09-17 09:30:00', NULL, NULL),
(340, '67', '2010-09-17 00:00:00', '2010-09-17 04:00:00', '2010-09-17 05:15:00', NULL, 'Lunch'),
(341, '68', '2011-12-01 00:00:00', '2011-12-01 00:30:00', '2011-12-01 09:30:00', NULL, NULL),
(342, '68', '2011-12-01 00:00:00', '2011-12-01 04:00:00', '2011-12-01 05:15:00', NULL, 'Lunch'),
(343, '68', '2012-01-03 00:00:00', '2012-01-03 00:30:00', '2012-01-03 09:30:00', NULL, NULL),
(344, '68', '2012-01-03 00:00:00', '2012-01-03 04:00:00', '2012-01-03 05:15:00', NULL, 'Lunch'),
(345, '69', '2002-09-30 00:00:00', '2002-09-30 00:30:00', '2002-09-30 09:30:00', NULL, NULL),
(346, '69', '2002-09-30 00:00:00', '2002-09-30 04:00:00', '2002-09-30 05:15:00', NULL, 'Lunch'),
(347, '69', '2002-10-02 00:00:00', '2002-10-02 00:30:00', '2002-10-02 09:30:00', NULL, NULL),
(348, '69', '2002-10-02 00:00:00', '2002-10-02 04:00:00', '2002-10-02 05:15:00', NULL, 'Lunch'),
(349, '70', '2002-10-21 00:00:00', '2002-10-21 00:30:00', '2002-10-21 09:30:00', NULL, NULL),
(350, '70', '2002-10-21 00:00:00', '2002-10-21 04:00:00', '2002-10-21 05:15:00', NULL, 'Lunch'),
(351, '70', '2002-10-23 00:00:00', '2002-10-23 00:30:00', '2002-10-23 09:30:00', NULL, NULL),
(352, '70', '2002-10-23 00:00:00', '2002-10-23 04:00:00', '2002-10-23 05:15:00', NULL, 'Lunch'),
(353, '71', '2002-10-28 00:00:00', '2002-10-28 00:30:00', '2002-10-28 09:30:00', NULL, NULL),
(354, '71', '2002-10-28 00:00:00', '2002-10-28 04:00:00', '2002-10-28 05:15:00', NULL, 'Lunch'),
(355, '71', '2002-10-30 00:00:00', '2002-10-30 00:30:00', '2002-10-30 09:30:00', NULL, NULL),
(356, '71', '2002-10-30 00:00:00', '2002-10-30 04:00:00', '2002-10-30 05:15:00', NULL, 'Lunch'),
(357, '72', '2002-12-09 00:00:00', '2002-12-09 00:30:00', '2002-12-09 09:30:00', NULL, NULL),
(358, '72', '2002-12-09 00:00:00', '2002-12-09 04:00:00', '2002-12-09 05:15:00', NULL, 'Lunch'),
(359, '72', '2002-12-11 00:00:00', '2002-12-11 00:30:00', '2002-12-11 09:30:00', NULL, NULL),
(360, '72', '2002-12-11 00:00:00', '2002-12-11 04:00:00', '2002-12-11 05:15:00', NULL, 'Lunch'),
(361, '73', '2007-03-12 00:00:00', '2007-03-12 00:30:00', '2007-03-12 09:30:00', NULL, NULL),
(362, '73', '2007-03-12 00:00:00', '2007-03-12 04:00:00', '2007-03-12 05:15:00', NULL, 'Lunch'),
(363, '73', '2007-03-14 00:00:00', '2007-03-14 00:30:00', '2007-03-14 09:30:00', NULL, NULL),
(364, '73', '2007-03-14 00:00:00', '2007-03-14 04:00:00', '2007-03-14 05:15:00', NULL, 'Lunch'),
(365, '74', '2008-05-12 00:00:00', '2008-05-12 00:30:00', '2008-05-12 09:30:00', NULL, NULL),
(366, '74', '2008-05-12 00:00:00', '2008-05-12 04:00:00', '2008-05-12 05:15:00', NULL, 'Lunch'),
(367, '74', '2008-05-14 00:00:00', '2008-05-14 00:30:00', '2008-05-14 09:30:00', NULL, NULL),
(368, '74', '2008-05-14 00:00:00', '2008-05-14 04:00:00', '2008-05-14 05:15:00', NULL, 'Lunch'),
(369, '75', '0000-00-00 00:00:00', '0000-00-00 00:00:00', '0000-00-00 00:00:00', NULL, NULL),
(370, '75', '0000-00-00 00:00:00', '0000-00-00 00:00:00', '0000-00-00 00:00:00', NULL, 'Lunch'),
(371, '76', '2010-04-21 00:00:00', '2010-04-21 00:30:00', '2010-04-21 09:30:00', NULL, NULL),
(372, '76', '2010-04-21 00:00:00', '2010-04-21 04:00:00', '2010-04-21 05:15:00', NULL, 'Lunch'),
(373, '76', '2010-04-22 00:00:00', '2010-04-22 00:30:00', '2010-04-22 09:30:00', NULL, NULL),
(374, '76', '2010-04-22 00:00:00', '2010-04-22 04:00:00', '2010-04-22 05:15:00', NULL, 'Lunch'),
(375, '77', '2010-05-27 00:00:00', '2010-05-27 00:30:00', '2010-05-27 09:30:00', NULL, NULL),
(376, '77', '2010-05-27 00:00:00', '2010-05-27 04:00:00', '2010-05-27 05:15:00', NULL, 'Lunch'),
(377, '77', '2010-05-28 00:00:00', '2010-05-28 00:30:00', '2010-05-28 09:30:00', NULL, NULL),
(378, '77', '2010-05-28 00:00:00', '2010-05-28 04:00:00', '2010-05-28 05:15:00', NULL, 'Lunch'),
(379, '78', '2011-07-13 00:00:00', '2011-07-13 00:30:00', '2011-07-13 09:30:00', NULL, NULL),
(380, '78', '2011-07-13 00:00:00', '2011-07-13 04:00:00', '2011-07-13 05:15:00', NULL, 'Lunch'),
(381, '78', '2011-07-15 00:00:00', '2011-07-15 00:30:00', '2011-07-15 09:30:00', NULL, NULL),
(382, '78', '2011-07-15 00:00:00', '2011-07-15 04:00:00', '2011-07-15 05:15:00', NULL, 'Lunch'),
(403, '84', '2011-05-13 00:00:00', '2011-05-13 00:30:00', '2011-05-13 09:30:00', NULL, NULL),
(404, '84', '2011-05-13 00:00:00', '2011-05-13 04:00:00', '2011-05-13 05:15:00', NULL, 'Lunch'),
(405, '84', '2011-05-20 00:00:00', '2011-05-20 00:30:00', '2011-05-20 09:30:00', NULL, NULL),
(406, '84', '2011-05-20 00:00:00', '2011-05-20 04:00:00', '2011-05-20 05:15:00', NULL, 'Lunch'),
(407, '85', '2011-05-17 00:00:00', '2011-05-17 00:30:00', '2011-05-17 09:30:00', NULL, NULL),
(408, '85', '2011-05-17 00:00:00', '2011-05-17 04:00:00', '2011-05-17 05:15:00', NULL, 'Lunch'),
(409, '85', '2011-05-31 00:00:00', '2011-05-31 00:30:00', '2011-05-31 09:30:00', NULL, NULL),
(410, '85', '2011-05-31 00:00:00', '2011-05-31 04:00:00', '2011-05-31 05:15:00', NULL, 'Lunch'),
(411, '86', '2011-06-10 00:00:00', '2011-06-10 00:30:00', '2011-06-10 09:30:00', NULL, NULL),
(412, '86', '2011-06-10 00:00:00', '2011-06-10 04:00:00', '2011-06-10 05:15:00', NULL, 'Lunch'),
(413, '86', '2011-06-17 00:00:00', '2011-06-17 00:30:00', '2011-06-17 09:30:00', NULL, NULL),
(414, '86', '2011-06-17 00:00:00', '2011-06-17 04:00:00', '2011-06-17 05:15:00', NULL, 'Lunch'),
(415, '87', '2011-06-14 00:00:00', '2011-06-14 00:30:00', '2011-06-14 09:30:00', NULL, NULL),
(416, '87', '2011-06-14 00:00:00', '2011-06-14 04:00:00', '2011-06-14 05:15:00', NULL, 'Lunch'),
(417, '87', '2011-06-28 00:00:00', '2011-06-28 00:30:00', '2011-06-28 09:30:00', NULL, NULL),
(418, '87', '2011-06-28 00:00:00', '2011-06-28 04:00:00', '2011-06-28 05:15:00', NULL, 'Lunch'),
(419, '88', '2012-03-28 00:00:00', '2012-03-28 00:30:00', '2012-03-28 09:30:00', NULL, NULL),
(420, '88', '2012-03-28 00:00:00', '2012-03-28 04:00:00', '2012-03-28 05:15:00', NULL, 'Lunch'),
(421, '88', '2012-03-29 00:00:00', '2012-03-29 00:30:00', '2012-03-29 09:30:00', NULL, NULL),
(422, '88', '2012-03-29 00:00:00', '2012-03-29 04:00:00', '2012-03-29 05:15:00', NULL, 'Lunch'),
(427, '90', '2005-06-06 00:00:00', '2005-06-06 00:30:00', '2005-06-06 09:30:00', NULL, NULL),
(428, '90', '2005-06-06 00:00:00', '2005-06-06 04:00:00', '2005-06-06 05:15:00', NULL, 'Lunch'),
(429, '90', '2005-06-24 00:00:00', '2005-06-24 00:30:00', '2005-06-24 09:30:00', NULL, NULL),
(430, '90', '2005-06-24 00:00:00', '2005-06-24 04:00:00', '2005-06-24 05:15:00', NULL, 'Lunch'),
(431, '91', '2005-12-14 00:00:00', '2005-12-14 00:30:00', '2005-12-14 09:30:00', NULL, NULL),
(432, '91', '2005-12-14 00:00:00', '2005-12-14 04:00:00', '2005-12-14 05:15:00', NULL, 'Lunch'),
(433, '91', '2005-12-23 00:00:00', '2005-12-23 00:30:00', '2005-12-23 09:30:00', NULL, NULL),
(434, '91', '2005-12-23 00:00:00', '2005-12-23 04:00:00', '2005-12-23 05:15:00', NULL, 'Lunch'),
(435, '92', '2006-05-05 00:00:00', '2006-05-05 00:30:00', '2006-05-05 09:30:00', NULL, NULL),
(436, '92', '2006-05-05 00:00:00', '2006-05-05 04:00:00', '2006-05-05 05:15:00', NULL, 'Lunch'),
(437, '92', '2006-05-12 00:00:00', '2006-05-12 00:30:00', '2006-05-12 09:30:00', NULL, NULL),
(438, '92', '2006-05-12 00:00:00', '2006-05-12 04:00:00', '2006-05-12 05:15:00', NULL, 'Lunch'),
(439, '93', '2006-08-29 00:00:00', '2006-08-29 00:30:00', '2006-08-29 09:30:00', NULL, NULL),
(440, '93', '2006-08-29 00:00:00', '2006-08-29 04:00:00', '2006-08-29 05:15:00', NULL, 'Lunch'),
(441, '93', '2006-09-08 00:00:00', '2006-09-08 00:30:00', '2006-09-08 09:30:00', NULL, NULL),
(442, '93', '2006-09-08 00:00:00', '2006-09-08 04:00:00', '2006-09-08 05:15:00', NULL, 'Lunch'),
(443, '94', '2006-12-18 00:00:00', '2006-12-18 00:30:00', '2006-12-18 09:30:00', NULL, NULL),
(444, '94', '2006-12-18 00:00:00', '2006-12-18 04:00:00', '2006-12-18 05:15:00', NULL, 'Lunch'),
(445, '94', '2007-01-10 00:00:00', '2007-01-10 00:30:00', '2007-01-10 09:30:00', NULL, NULL),
(446, '94', '2007-01-10 00:00:00', '2007-01-10 04:00:00', '2007-01-10 05:15:00', NULL, 'Lunch'),
(447, '95', '2007-03-15 00:00:00', '2007-03-15 00:30:00', '2007-03-15 09:30:00', NULL, NULL),
(448, '95', '2007-03-15 00:00:00', '2007-03-15 04:00:00', '2007-03-15 05:15:00', NULL, 'Lunch'),
(449, '95', '2007-04-09 00:00:00', '2007-04-09 00:30:00', '2007-04-09 09:30:00', NULL, NULL),
(450, '95', '2007-04-09 00:00:00', '2007-04-09 04:00:00', '2007-04-09 05:15:00', NULL, 'Lunch'),
(451, '96', '2007-09-24 00:00:00', '2007-09-24 00:30:00', '2007-09-24 09:30:00', NULL, NULL),
(452, '96', '2007-09-24 00:00:00', '2007-09-24 04:00:00', '2007-09-24 05:15:00', NULL, 'Lunch'),
(453, '96', '2007-10-12 00:00:00', '2007-10-12 00:30:00', '2007-10-12 09:30:00', NULL, NULL),
(454, '96', '2007-10-12 00:00:00', '2007-10-12 04:00:00', '2007-10-12 05:15:00', NULL, 'Lunch'),
(455, '97', '2008-10-14 00:00:00', '2008-10-14 00:30:00', '2008-10-14 09:30:00', NULL, NULL),
(456, '97', '2008-10-14 00:00:00', '2008-10-14 04:00:00', '2008-10-14 05:15:00', NULL, 'Lunch'),
(457, '97', '2008-11-03 00:00:00', '2008-11-03 00:30:00', '2008-11-03 09:30:00', NULL, NULL),
(458, '97', '2008-11-03 00:00:00', '2008-11-03 04:00:00', '2008-11-03 05:15:00', NULL, 'Lunch'),
(459, '98', '2009-02-23 00:00:00', '2009-02-23 00:30:00', '2009-02-23 09:30:00', NULL, NULL),
(460, '98', '2009-02-23 00:00:00', '2009-02-23 04:00:00', '2009-02-23 05:15:00', NULL, 'Lunch'),
(461, '98', '2009-03-13 00:00:00', '2009-03-13 00:30:00', '2009-03-13 09:30:00', NULL, NULL),
(462, '98', '2009-03-13 00:00:00', '2009-03-13 04:00:00', '2009-03-13 05:15:00', NULL, 'Lunch'),
(463, '99', '2010-04-19 00:00:00', '2010-04-19 00:30:00', '2010-04-19 09:30:00', NULL, NULL),
(464, '99', '2010-04-19 00:00:00', '2010-04-19 04:00:00', '2010-04-19 05:15:00', NULL, 'Lunch'),
(465, '99', '2010-05-04 00:00:00', '2010-05-04 00:30:00', '2010-05-04 09:30:00', NULL, NULL),
(466, '99', '2010-05-04 00:00:00', '2010-05-04 04:00:00', '2010-05-04 05:15:00', NULL, 'Lunch'),
(467, '100', '2011-02-01 00:00:00', '2011-02-01 00:30:00', '2011-02-01 09:30:00', NULL, NULL),
(468, '100', '2011-02-01 00:00:00', '2011-02-01 04:00:00', '2011-02-01 05:15:00', NULL, 'Lunch'),
(469, '100', '2011-02-21 00:00:00', '2011-02-21 00:30:00', '2011-02-21 09:30:00', NULL, NULL),
(470, '100', '2011-02-21 00:00:00', '2011-02-21 04:00:00', '2011-02-21 05:15:00', NULL, 'Lunch'),
(471, '101', '2010-02-11 00:00:00', '2010-02-11 00:30:00', '2010-02-11 09:30:00', NULL, NULL),
(472, '101', '2010-02-11 00:00:00', '2010-02-11 04:00:00', '2010-02-11 05:15:00', NULL, 'Lunch'),
(473, '102', '2010-03-25 00:00:00', '2010-03-25 00:30:00', '2010-03-25 09:30:00', NULL, NULL),
(474, '102', '2010-03-25 00:00:00', '2010-03-25 04:00:00', '2010-03-25 05:15:00', NULL, 'Lunch'),
(475, '103', '2010-04-29 00:00:00', '2010-04-29 00:30:00', '2010-04-29 09:30:00', NULL, NULL),
(476, '103', '2010-04-29 00:00:00', '2010-04-29 04:00:00', '2010-04-29 05:15:00', NULL, 'Lunch'),
(477, '104', '2010-06-10 00:00:00', '2010-06-10 00:30:00', '2010-06-10 09:30:00', NULL, NULL),
(478, '104', '2010-06-10 00:00:00', '2010-06-10 04:00:00', '2010-06-10 05:15:00', NULL, 'Lunch'),
(479, '105', '2010-07-15 00:00:00', '2010-07-15 00:30:00', '2010-07-15 09:30:00', NULL, NULL),
(480, '105', '2010-07-15 00:00:00', '2010-07-15 04:00:00', '2010-07-15 05:15:00', NULL, 'Lunch'),
(481, '106', '2010-08-12 00:00:00', '2010-08-12 00:30:00', '2010-08-12 09:30:00', NULL, NULL),
(482, '106', '2010-08-12 00:00:00', '2010-08-12 04:00:00', '2010-08-12 05:15:00', NULL, 'Lunch'),
(483, '107', '2010-09-23 00:00:00', '2010-09-23 00:30:00', '2010-09-23 09:30:00', NULL, NULL),
(484, '107', '2010-09-23 00:00:00', '2010-09-23 04:00:00', '2010-09-23 05:15:00', NULL, 'Lunch'),
(487, '109', '2012-11-14 00:00:00', '2012-11-14 00:30:00', '2012-11-14 09:30:00', NULL, NULL),
(488, '109', '2012-11-14 00:00:00', '2012-11-14 04:00:00', '2012-11-14 05:15:00', NULL, 'Lunch'),
(489, '110', '2012-11-15 00:00:00', '2012-11-15 00:30:00', '2012-11-15 09:30:00', NULL, NULL),
(490, '110', '2012-11-15 00:00:00', '2012-11-15 04:00:00', '2012-11-15 05:15:00', NULL, 'Lunch'),
(491, '111', '2012-12-04 00:00:00', '2012-12-04 00:30:00', '2012-12-04 09:30:00', NULL, NULL),
(492, '111', '2012-12-04 00:00:00', '2012-12-04 04:00:00', '2012-12-04 05:15:00', NULL, 'Lunch'),
(499, '115', '2010-05-21 00:00:00', '2010-05-21 00:30:00', '2010-05-21 09:30:00', NULL, NULL),
(500, '115', '2010-05-21 00:00:00', '2010-05-21 04:00:00', '2010-05-21 05:15:00', NULL, 'Lunch'),
(501, '116', '2010-06-25 00:00:00', '2010-06-25 00:30:00', '2010-06-25 09:30:00', NULL, NULL),
(502, '116', '2010-06-25 00:00:00', '2010-06-25 04:00:00', '2010-06-25 05:15:00', NULL, 'Lunch'),
(511, '89', '2012-04-25 00:00:00', '2012-04-25 00:30:00', '2012-04-25 09:30:00', NULL, NULL),
(512, '89', '2012-04-25 00:00:00', '2012-04-25 04:00:00', '2012-04-25 05:15:00', NULL, 'Lunch'),
(513, '89', '2012-04-26 00:00:00', '2012-04-26 00:30:00', '2012-04-26 09:30:00', NULL, NULL),
(514, '89', '2012-04-26 00:00:00', '2012-04-26 04:00:00', '2012-04-26 05:15:00', NULL, 'Lunch');

-- --------------------------------------------------------

--
-- Structure for view `class_instance`
--
DROP TABLE IF EXISTS `class_instance`;

CREATE ALGORITHM=UNDEFINED DEFINER=`root`@`localhost` SQL SECURITY DEFINER VIEW `class_instance` AS select `training_instance`.`id` AS `training_event_id`,`trainee_list`.`id` AS `traineeId`,`trainee_list`.`midInitial` AS `midInitial`,`trainee_list`.`firstName` AS `firstName`,`trainee_list`.`lastName` AS `lastName`,`trainee_list`.`department` AS `department`,`trainee_list`.`designation` AS `designation`,`training_instance`.`training_title` AS `training_title`,`training_instance`.`trainer` AS `trainer`,`class_list`.`remarks` AS `remarks` from ((`class_list` join `trainee_list` on((`class_list`.`trainee_id` = `trainee_list`.`id`))) join `training_instance` on((`class_list`.`training_events_id` = `training_instance`.`id`)));

-- --------------------------------------------------------

--
-- Structure for view `schedule_instance`
--
DROP TABLE IF EXISTS `schedule_instance`;

CREATE ALGORITHM=UNDEFINED DEFINER=`root`@`localhost` SQL SECURITY DEFINER VIEW `schedule_instance` AS select `training_schedule`.`id` AS `id`,`training_schedule`.`event_id` AS `event_id`,`training_schedule`.`date` AS `date`,`training_schedule`.`start_time` AS `start_time`,`training_schedule`.`end_time` AS `end_time`,`training_schedule`.`location` AS `location`,`training_schedule`.`activity` AS `activity` from `training_schedule` group by `training_schedule`.`event_id`,`training_schedule`.`date`;

-- --------------------------------------------------------

--
-- Structure for view `training_instance`
--
DROP TABLE IF EXISTS `training_instance`;

CREATE ALGORITHM=UNDEFINED DEFINER=`root`@`localhost` SQL SECURITY DEFINER VIEW `training_instance` AS select `training_events`.`id` AS `id`,`training_programs`.`id` AS `program_id`,`training_programs`.`training_title` AS `training_title`,`training_events`.`batch_number` AS `batch_number`,`training_events`.`start_date` AS `start_date`,`training_events`.`end_date` AS `end_date`,(select concat(`trainer_list`.`firstName`,' ',`trainer_list`.`lastName`) AS `concat(firstName,' ',lastName)` from `trainer_list` where (`trainer_list`.`id` = `training_events`.`trainer_id`)) AS `trainer` from (`training_events` join `training_programs` on((`training_events`.`training_program_id` = `training_programs`.`id`)));

/*!40101 SET CHARACTER_SET_CLIENT=@OLD_CHARACTER_SET_CLIENT */;
/*!40101 SET CHARACTER_SET_RESULTS=@OLD_CHARACTER_SET_RESULTS */;
/*!40101 SET COLLATION_CONNECTION=@OLD_COLLATION_CONNECTION */;
